timestamp,job_id,task_index,vm_id,machine_id,event_type,priority,cpu_request,memory_request,true_cluster,is_ml_set
0,1,0,vm_00001,pm_0545,0,34,0.1358,0.0184,3,True
0,2,0,vm_00002,pm_0594,0,223,0.4981,0.0178,2,True
0,3,0,vm_00003,pm_0611,0,155,0.0597,0.0602,1,True
0,4,0,vm_00004,pm_0177,0,190,0.0371,0.0722,1,True
0,5,0,vm_00005,pm_0460,0,183,0.0956,0.0529,1,True
0,6,0,vm_00006,pm_0774,0,236,0.0625,0.0748,1,True
0,7,0,vm_00007,pm_0674,0,296,0.0615,0.0538,1,True
0,8,0,vm_00008,pm_0172,0,57,0.0902,0.0204,3,True
0,9,0,vm_00009,pm_0251,0,38,0.1671,0.011,3,True
0,10,0,vm_00010,pm_0075,0,240,0.0593,0.0562,1,True
0,11,0,vm_00011,pm_0560,0,24,0.0448,0.0467,1,True
0,12,0,vm_00012,pm_0345,0,116,0.0381,0.0645,1,True
0,13,0,vm_00013,pm_0391,0,239,0.1131,0.0106,3,True
0,14,0,vm_00014,pm_0608,0,174,0.1216,0.0158,3,True
0,15,0,vm_00015,pm_0594,0,227,0.1615,0.0117,3,True
0,16,0,vm_00016,pm_0141,0,252,0.1081,0.0149,3,True
0,17,0,vm_00017,pm_0561,0,110,0.0727,0.0159,3,True
0,18,0,vm_00018,pm_0354,0,240,0.6466,0.0127,2,True
0,19,0,vm_00019,pm_0701,0,223,0.0851,0.071,1,True
0,20,0,vm_00020,pm_0350,0,297,0.1505,0.0159,3,True
0,21,0,vm_00021,pm_0793,0,51,0.1904,0.0118,3,True
0,22,0,vm_00022,pm_0715,0,220,0.1217,0.0097,3,True
0,23,0,vm_00023,pm_0149,0,287,0.0816,0.0632,1,True
0,24,0,vm_00024,pm_0640,0,151,0.0921,0.0916,1,True
0,25,0,vm_00025,pm_0043,0,117,0.0921,0.0133,3,True
0,26,0,vm_00026,pm_0178,0,278,0.2406,0.0135,3,True
0,27,0,vm_00027,pm_0480,0,134,0.0356,0.053,1,True
0,28,0,vm_00028,pm_0392,0,208,0.0966,0.0137,3,True
0,29,0,vm_00029,pm_0713,0,126,0.1041,0.0102,3,True
0,30,0,vm_00030,pm_0184,0,292,0.1677,0.0128,3,True
0,31,0,vm_00031,pm_0161,0,6,0.0905,0.0172,3,True
0,32,0,vm_00032,pm_0358,0,221,0.1318,0.054,1,True
0,33,0,vm_00033,pm_0600,0,76,0.077,0.0505,1,True
0,34,0,vm_00034,pm_0405,0,277,0.0961,0.0141,3,True
0,35,0,vm_00035,pm_0432,0,226,0.0429,0.0634,1,True
0,36,0,vm_00036,pm_0256,0,274,0.2797,0.0177,2,True
0,37,0,vm_00037,pm_0791,0,294,0.3272,0.0156,2,True
0,38,0,vm_00038,pm_0448,0,116,0.1089,0.0078,3,True
0,39,0,vm_00039,pm_0692,0,291,0.0336,0.0659,1,True
0,40,0,vm_00040,pm_0367,0,270,0.0719,0.05,1,True
0,41,0,vm_00041,pm_0068,0,156,0.1339,0.0088,3,True
0,42,0,vm_00042,pm_0497,0,59,0.083,0.0609,1,True
0,43,0,vm_00043,pm_0510,0,183,0.0827,0.0567,1,True
0,44,0,vm_00044,pm_0652,0,143,0.0751,0.0571,1,True
0,45,0,vm_00045,pm_0034,0,160,0.0795,0.0117,3,True
0,46,0,vm_00046,pm_0275,0,88,0.125,0.0121,3,True
0,47,0,vm_00047,pm_0777,0,15,0.1145,0.0167,3,True
0,48,0,vm_00048,pm_0710,0,248,0.0957,0.0367,1,True
0,49,0,vm_00049,pm_0296,0,97,0.1997,0.0136,3,True
0,50,0,vm_00050,pm_0624,0,103,0.1065,0.0381,1,True
0,51,0,vm_00051,pm_0786,0,299,0.0378,0.0465,1,True
0,52,0,vm_00052,pm_0291,0,234,0.0314,0.0573,1,True
0,53,0,vm_00053,pm_0023,0,273,0.2124,0.0134,3,True
0,54,0,vm_00054,pm_0636,0,260,0.106,0.0653,1,True
0,55,0,vm_00055,pm_0425,0,238,0.0729,0.0637,1,True
0,56,0,vm_00056,pm_0648,0,261,0.199,0.0138,3,True
0,57,0,vm_00057,pm_0452,0,114,0.4191,0.0152,2,True
0,58,0,vm_00058,pm_0368,0,267,0.2042,0.0163,3,True
0,59,0,vm_00059,pm_0731,0,11,0.3418,0.0108,2,True
0,60,0,vm_00060,pm_0769,0,72,0.3804,0.0145,2,True
0,61,0,vm_00061,pm_0495,0,177,0.0771,0.0722,1,True
0,62,0,vm_00062,pm_0770,0,259,0.0822,0.0589,1,True
0,63,0,vm_00063,pm_0194,0,258,0.0398,0.0717,1,True
0,64,0,vm_00064,pm_0319,0,269,0.205,0.0098,3,True
0,65,0,vm_00065,pm_0337,0,119,0.1022,0.0165,3,True
0,66,0,vm_00066,pm_0398,0,168,0.7328,0.0174,2,True
0,67,0,vm_00067,pm_0286,0,67,0.1272,0.0092,3,True
0,68,0,vm_00068,pm_0058,0,58,0.0416,0.0541,1,True
0,69,0,vm_00069,pm_0160,0,129,0.0978,0.0115,3,True
0,70,0,vm_00070,pm_0391,0,265,0.0464,0.0582,1,True
0,71,0,vm_00071,pm_0625,0,74,0.1539,0.0107,3,True
0,72,0,vm_00072,pm_0138,0,89,0.0527,0.055,1,True
0,73,0,vm_00073,pm_0390,0,153,0.1209,0.0631,1,True
0,74,0,vm_00074,pm_0180,0,217,0.0654,0.0646,1,True
0,75,0,vm_00075,pm_0044,0,27,0.377,0.0133,2,True
0,76,0,vm_00076,pm_0402,0,129,0.0666,0.0669,1,True
0,77,0,vm_00077,pm_0637,0,65,0.1643,0.0157,3,True
0,78,0,vm_00078,pm_0644,0,143,0.3296,0.0125,2,True
0,79,0,vm_00079,pm_0774,0,276,0.1396,0.0116,3,True
0,80,0,vm_00080,pm_0029,0,102,0.0609,0.0467,1,True
0,81,0,vm_00081,pm_0380,0,36,0.1026,0.0156,3,True
0,82,0,vm_00082,pm_0081,0,248,0.101,0.0133,3,True
0,83,0,vm_00083,pm_0103,0,155,0.165,0.014,3,True
0,84,0,vm_00084,pm_0489,0,131,0.1214,0.0173,3,True
0,85,0,vm_00085,pm_0361,0,46,0.0342,0.0601,1,True
0,86,0,vm_00086,pm_0162,0,194,0.1551,0.0168,3,True
0,87,0,vm_00087,pm_0264,0,102,0.0585,0.0577,1,True
0,88,0,vm_00088,pm_0648,0,170,0.1301,0.0089,3,True
0,89,0,vm_00089,pm_0477,0,88,0.0433,0.0669,1,True
0,90,0,vm_00090,pm_0672,0,245,0.0328,0.0497,1,True
0,91,0,vm_00091,pm_0534,0,57,0.3851,0.0162,2,True
0,92,0,vm_00092,pm_0762,0,104,0.6609,0.0175,2,True
0,93,0,vm_00093,pm_0653,0,179,0.5302,0.0161,2,True
0,94,0,vm_00094,pm_0378,0,68,0.0773,0.065,1,True
0,95,0,vm_00095,pm_0706,0,152,0.0654,0.0623,1,True
0,96,0,vm_00096,pm_0120,0,24,0.2613,0.0151,3,True
0,97,0,vm_00097,pm_0330,0,34,0.064,0.0675,1,True
0,98,0,vm_00098,pm_0008,0,14,0.1058,0.0124,3,True
0,99,0,vm_00099,pm_0567,0,105,0.0783,0.0719,1,True
0,100,0,vm_00100,pm_0628,0,217,0.0979,0.0667,1,True
0,101,0,vm_00101,pm_0475,0,73,0.0622,0.053,1,True
0,102,0,vm_00102,pm_0552,0,284,0.0878,0.0502,1,True
0,103,0,vm_00103,pm_0107,0,37,0.1371,0.0124,3,True
0,104,0,vm_00104,pm_0250,0,196,0.1359,0.0132,3,True
0,105,0,vm_00105,pm_0587,0,279,0.341,0.0104,2,True
0,106,0,vm_00106,pm_0100,0,274,0.3995,0.0182,2,True
0,107,0,vm_00107,pm_0529,0,173,0.0986,0.0495,1,True
0,108,0,vm_00108,pm_0084,0,43,0.0849,0.0674,1,True
0,109,0,vm_00109,pm_0427,0,153,0.3755,0.0153,2,True
0,110,0,vm_00110,pm_0021,0,152,0.0336,0.0662,1,True
0,111,0,vm_00111,pm_0093,0,290,0.1257,0.0099,3,True
0,112,0,vm_00112,pm_0069,0,141,0.1492,0.0178,3,True
0,113,0,vm_00113,pm_0666,0,255,0.0804,0.0154,3,True
0,114,0,vm_00114,pm_0270,0,133,0.0892,0.0556,1,True
0,115,0,vm_00115,pm_0121,0,31,0.0675,0.0721,1,True
0,116,0,vm_00116,pm_0548,0,25,0.0685,0.0577,1,True
0,117,0,vm_00117,pm_0160,0,254,0.0826,0.0756,1,True
0,118,0,vm_00118,pm_0206,0,222,0.1857,0.0185,3,True
0,119,0,vm_00119,pm_0204,0,55,0.0633,0.059,1,True
0,120,0,vm_00120,pm_0095,0,292,0.4421,0.017,2,True
0,121,0,vm_00121,pm_0023,0,124,0.0798,0.0512,1,True
0,122,0,vm_00122,pm_0525,0,229,0.4053,0.02,2,True
0,123,0,vm_00123,pm_0513,0,52,0.0945,0.0712,1,True
0,124,0,vm_00124,pm_0064,0,100,0.3124,0.0173,2,True
0,125,0,vm_00125,pm_0757,0,291,0.0954,0.0509,1,True
0,126,0,vm_00126,pm_0133,0,266,0.0598,0.067,1,True
0,127,0,vm_00127,pm_0556,0,282,0.0264,0.0486,1,True
0,128,0,vm_00128,pm_0745,0,1,0.049,0.0584,1,True
0,129,0,vm_00129,pm_0541,0,21,0.1162,0.0108,3,True
0,130,0,vm_00130,pm_0133,0,65,0.3475,0.012,2,True
0,131,0,vm_00131,pm_0322,0,211,0.2039,0.0158,3,True
0,132,0,vm_00132,pm_0319,0,235,0.0562,0.0532,1,True
0,133,0,vm_00133,pm_0248,0,16,0.0526,0.065,1,True
0,134,0,vm_00134,pm_0057,0,13,0.0552,0.059,1,True
0,135,0,vm_00135,pm_0379,0,6,0.3124,0.0204,2,True
0,136,0,vm_00136,pm_0231,0,221,0.1135,0.0105,3,True
0,137,0,vm_00137,pm_0130,0,103,0.132,0.0178,3,True
0,138,0,vm_00138,pm_0492,0,0,0.1261,0.0143,3,True
0,139,0,vm_00139,pm_0222,0,286,0.0521,0.0615,1,True
0,140,0,vm_00140,pm_0527,0,246,0.0414,0.0529,1,True
0,141,0,vm_00141,pm_0349,0,90,0.1566,0.017,3,True
0,142,0,vm_00142,pm_0059,0,213,0.0826,0.0635,1,True
0,143,0,vm_00143,pm_0185,0,42,0.1678,0.014,3,True
0,144,0,vm_00144,pm_0683,0,73,0.1352,0.0115,3,True
0,145,0,vm_00145,pm_0754,0,241,0.0711,0.0729,1,True
0,146,0,vm_00146,pm_0142,0,48,0.0542,0.0515,1,True
0,147,0,vm_00147,pm_0790,0,221,0.0683,0.0726,1,True
0,148,0,vm_00148,pm_0429,0,143,0.1251,0.0097,3,True
0,149,0,vm_00149,pm_0398,0,208,0.1827,0.0139,3,True
0,150,0,vm_00150,pm_0691,0,98,0.1749,0.0073,3,True
0,151,0,vm_00151,pm_0494,0,187,0.4044,0.02,2,True
0,152,0,vm_00152,pm_0756,0,113,0.5969,0.0194,2,True
0,153,0,vm_00153,pm_0060,0,174,0.3553,0.0171,2,True
0,154,0,vm_00154,pm_0552,0,270,0.0629,0.0701,1,True
0,155,0,vm_00155,pm_0217,0,62,0.1318,0.0139,3,True
0,156,0,vm_00156,pm_0218,0,283,0.3113,0.016,2,True
0,157,0,vm_00157,pm_0010,0,224,0.1449,0.0129,3,True
0,158,0,vm_00158,pm_0256,0,160,0.2487,0.0081,3,True
0,159,0,vm_00159,pm_0538,0,35,0.0487,0.0627,1,True
0,160,0,vm_00160,pm_0690,0,140,0.049,0.0694,1,True
0,161,0,vm_00161,pm_0763,0,195,0.1575,0.0155,3,True
0,162,0,vm_00162,pm_0176,0,150,0.1283,0.0157,3,True
0,163,0,vm_00163,pm_0507,0,268,0.1129,0.0695,1,True
0,164,0,vm_00164,pm_0207,0,39,0.0489,0.0475,1,True
0,165,0,vm_00165,pm_0134,0,237,0.1077,0.0667,1,True
0,166,0,vm_00166,pm_0378,0,221,0.5425,0.0155,2,True
0,167,0,vm_00167,pm_0686,0,280,0.2439,0.0108,3,True
0,168,0,vm_00168,pm_0043,0,224,0.1534,0.0117,3,True
0,169,0,vm_00169,pm_0785,0,153,0.0518,0.0468,1,True
0,170,0,vm_00170,pm_0442,0,279,0.0785,0.0623,1,True
0,171,0,vm_00171,pm_0694,0,38,0.1316,0.0154,3,True
0,172,0,vm_00172,pm_0010,0,216,0.1064,0.0159,3,True
0,173,0,vm_00173,pm_0778,0,243,0.1798,0.014,3,True
0,174,0,vm_00174,pm_0004,0,108,0.4599,0.0147,2,True
0,175,0,vm_00175,pm_0420,0,60,0.1488,0.0139,3,True
0,176,0,vm_00176,pm_0665,0,197,0.2208,0.0157,3,True
0,177,0,vm_00177,pm_0126,0,275,0.1483,0.0119,3,True
0,178,0,vm_00178,pm_0088,0,171,0.0337,0.0771,1,True
0,179,0,vm_00179,pm_0657,0,271,0.2972,0.0109,2,True
0,180,0,vm_00180,pm_0269,0,270,0.1084,0.0174,3,True
0,181,0,vm_00181,pm_0574,0,41,0.0751,0.0477,1,True
0,182,0,vm_00182,pm_0615,0,188,0.1227,0.0109,3,True
0,183,0,vm_00183,pm_0028,0,259,0.3535,0.0149,2,True
0,184,0,vm_00184,pm_0324,0,151,0.1995,0.011,3,True
0,185,0,vm_00185,pm_0009,0,130,0.0413,0.0492,1,True
0,186,0,vm_00186,pm_0017,0,113,0.0463,0.0645,1,True
0,187,0,vm_00187,pm_0652,0,221,0.1055,0.0143,3,True
0,188,0,vm_00188,pm_0290,0,53,0.0546,0.0557,1,True
0,189,0,vm_00189,pm_0786,0,295,0.067,0.0152,3,True
0,190,0,vm_00190,pm_0761,0,41,0.0496,0.0777,1,True
0,191,0,vm_00191,pm_0245,0,92,0.0932,0.0168,3,True
0,192,0,vm_00192,pm_0583,0,259,0.1102,0.0138,3,True
0,193,0,vm_00193,pm_0264,0,280,0.1207,0.0106,3,True
0,194,0,vm_00194,pm_0259,0,191,0.0632,0.0517,1,True
0,195,0,vm_00195,pm_0622,0,124,0.1189,0.0062,3,True
0,196,0,vm_00196,pm_0210,0,295,0.2276,0.0136,2,True
0,197,0,vm_00197,pm_0580,0,34,0.0557,0.0492,1,True
0,198,0,vm_00198,pm_0216,0,46,0.0448,0.0796,1,True
0,199,0,vm_00199,pm_0168,0,152,0.0806,0.0493,1,True
0,200,0,vm_00200,pm_0098,0,237,0.1221,0.0123,3,True
0,201,0,vm_00201,pm_0478,0,4,0.1258,0.019,3,True
0,202,0,vm_00202,pm_0104,0,124,0.0793,0.067,1,True
0,203,0,vm_00203,pm_0372,0,86,0.1249,0.0091,3,True
0,204,0,vm_00204,pm_0346,0,2,0.0578,0.0442,1,True
0,205,0,vm_00205,pm_0156,0,164,0.0817,0.076,1,True
0,206,0,vm_00206,pm_0068,0,222,0.0613,0.0606,1,True
0,207,0,vm_00207,pm_0633,0,296,0.0855,0.0373,1,True
0,208,0,vm_00208,pm_0057,0,24,0.134,0.0099,3,True
0,209,0,vm_00209,pm_0610,0,38,0.335,0.017,2,True
0,210,0,vm_00210,pm_0116,0,104,0.0622,0.0556,1,True
0,211,0,vm_00211,pm_0511,0,4,0.1639,0.0196,3,True
0,212,0,vm_00212,pm_0728,0,135,0.1038,0.0098,3,True
0,213,0,vm_00213,pm_0206,0,3,0.738,0.0144,2,True
0,214,0,vm_00214,pm_0798,0,168,0.0757,0.0509,1,True
0,215,0,vm_00215,pm_0787,0,77,0.1024,0.0109,3,True
0,216,0,vm_00216,pm_0193,0,18,0.1516,0.0124,3,True
0,217,0,vm_00217,pm_0726,0,204,0.0854,0.0195,3,True
0,218,0,vm_00218,pm_0118,0,32,0.0508,0.0657,1,True
0,219,0,vm_00219,pm_0433,0,149,0.0393,0.0552,1,True
0,220,0,vm_00220,pm_0144,0,192,0.0795,0.0503,1,True
0,221,0,vm_00221,pm_0788,0,138,0.111,0.0137,3,True
0,222,0,vm_00222,pm_0295,0,271,0.0443,0.0517,1,True
0,223,0,vm_00223,pm_0438,0,195,0.0644,0.0691,1,True
0,224,0,vm_00224,pm_0279,0,126,0.5937,0.0183,2,True
0,225,0,vm_00225,pm_0284,0,230,0.5297,0.009,2,True
0,226,0,vm_00226,pm_0417,0,43,0.1234,0.0115,3,True
0,227,0,vm_00227,pm_0251,0,229,0.6166,0.0244,2,True
0,228,0,vm_00228,pm_0648,0,215,0.096,0.0504,1,True
0,229,0,vm_00229,pm_0563,0,243,0.1802,0.0121,3,True
0,230,0,vm_00230,pm_0481,0,8,0.101,0.0126,3,True
0,231,0,vm_00231,pm_0302,0,249,0.1036,0.0167,3,True
0,232,0,vm_00232,pm_0650,0,199,0.4451,0.026,2,True
0,233,0,vm_00233,pm_0543,0,78,0.133,0.015,3,True
0,234,0,vm_00234,pm_0792,0,244,0.0611,0.0596,1,True
0,235,0,vm_00235,pm_0396,0,189,0.0784,0.0654,1,True
0,236,0,vm_00236,pm_0277,0,85,0.0765,0.0139,3,True
0,237,0,vm_00237,pm_0755,0,270,0.1577,0.0198,3,True
0,238,0,vm_00238,pm_0414,0,261,0.5807,0.025,2,True
0,239,0,vm_00239,pm_0674,0,0,0.1565,0.0181,3,True
0,240,0,vm_00240,pm_0344,0,19,0.4611,0.0219,2,True
0,241,0,vm_00241,pm_0608,0,129,0.0887,0.0697,1,True
0,242,0,vm_00242,pm_0795,0,257,0.0566,0.0574,1,True
0,243,0,vm_00243,pm_0240,0,130,0.2273,0.0169,3,True
0,244,0,vm_00244,pm_0205,0,6,0.1376,0.0148,3,True
0,245,0,vm_00245,pm_0020,0,240,0.1604,0.0114,3,True
0,246,0,vm_00246,pm_0635,0,191,0.0833,0.0645,1,True
0,247,0,vm_00247,pm_0370,0,296,0.1409,0.0104,3,True
0,248,0,vm_00248,pm_0552,0,114,0.1049,0.0619,1,True
0,249,0,vm_00249,pm_0203,0,101,0.0841,0.0484,1,True
0,250,0,vm_00250,pm_0486,0,0,0.5807,0.0183,2,True
0,251,0,vm_00251,pm_0397,0,24,0.1587,0.0168,3,True
0,252,0,vm_00252,pm_0608,0,208,0.0533,0.0721,1,True
0,253,0,vm_00253,pm_0723,0,142,0.0919,0.0515,1,True
0,254,0,vm_00254,pm_0222,0,196,0.1075,0.0124,3,True
0,255,0,vm_00255,pm_0263,0,144,0.0732,0.0715,1,True
0,256,0,vm_00256,pm_0631,0,148,0.1081,0.008,3,True
0,257,0,vm_00257,pm_0580,0,180,0.1122,0.0179,3,True
0,258,0,vm_00258,pm_0350,0,54,0.0541,0.0554,1,True
0,259,0,vm_00259,pm_0612,0,137,0.083,0.0521,1,True
0,260,0,vm_00260,pm_0607,0,208,0.1428,0.0129,3,True
0,261,0,vm_00261,pm_0539,0,184,0.1218,0.0127,3,True
0,262,0,vm_00262,pm_0363,0,64,0.135,0.0137,3,True
0,263,0,vm_00263,pm_0180,0,36,0.1414,0.0115,3,True
0,264,0,vm_00264,pm_0792,0,111,0.1705,0.0113,3,True
0,265,0,vm_00265,pm_0095,0,262,0.4637,0.0156,2,True
0,266,0,vm_00266,pm_0508,0,75,0.4428,0.0149,2,True
0,267,0,vm_00267,pm_0307,0,295,0.0706,0.075,1,True
0,268,0,vm_00268,pm_0720,0,177,0.0388,0.0514,1,True
0,269,0,vm_00269,pm_0254,0,253,0.1232,0.0178,3,True
0,270,0,vm_00270,pm_0780,0,0,0.0611,0.0707,1,True
0,271,0,vm_00271,pm_0485,0,147,0.354,0.0159,2,True
0,272,0,vm_00272,pm_0670,0,158,0.4779,0.0153,2,True
0,273,0,vm_00273,pm_0339,0,267,0.8086,0.0136,2,True
0,274,0,vm_00274,pm_0468,0,149,0.168,0.0165,3,True
0,275,0,vm_00275,pm_0058,0,128,0.7157,0.014,2,True
0,276,0,vm_00276,pm_0668,0,125,0.1575,0.0148,3,True
0,277,0,vm_00277,pm_0339,0,0,0.0994,0.0161,3,True
0,278,0,vm_00278,pm_0424,0,116,0.101,0.013,3,True
0,279,0,vm_00279,pm_0217,0,148,0.1248,0.0128,3,True
0,280,0,vm_00280,pm_0077,0,268,0.5391,0.0145,2,True
0,281,0,vm_00281,pm_0627,0,188,0.0635,0.0771,1,True
0,282,0,vm_00282,pm_0329,0,140,0.0814,0.0712,1,True
0,283,0,vm_00283,pm_0477,0,104,0.0775,0.0131,3,True
0,284,0,vm_00284,pm_0306,0,251,0.3379,0.0138,2,True
0,285,0,vm_00285,pm_0084,0,280,0.175,0.0107,3,True
0,286,0,vm_00286,pm_0252,0,100,0.5764,0.0195,2,True
0,287,0,vm_00287,pm_0488,0,281,0.1104,0.0079,3,True
0,288,0,vm_00288,pm_0392,0,162,0.14,0.0159,3,True
0,289,0,vm_00289,pm_0357,0,202,0.0818,0.0584,1,True
0,290,0,vm_00290,pm_0314,0,99,0.0688,0.0611,1,True
0,291,0,vm_00291,pm_0149,0,280,0.059,0.0571,1,True
0,292,0,vm_00292,pm_0036,0,256,0.0487,0.0614,1,True
0,293,0,vm_00293,pm_0442,0,93,0.0677,0.0172,3,True
0,294,0,vm_00294,pm_0746,0,278,0.0978,0.0165,3,True
0,295,0,vm_00295,pm_0646,0,226,0.0796,0.0642,1,True
0,296,0,vm_00296,pm_0384,0,149,0.08,0.063,1,True
0,297,0,vm_00297,pm_0197,0,61,0.3893,0.0153,2,True
0,298,0,vm_00298,pm_0130,0,128,0.2988,0.0182,2,True
0,299,0,vm_00299,pm_0338,0,186,0.08,0.0492,1,True
0,300,0,vm_00300,pm_0602,0,67,0.1483,0.0117,3,True
0,301,0,vm_00301,pm_0739,0,29,0.051,0.0409,1,True
0,302,0,vm_00302,pm_0119,0,274,0.1025,0.0431,1,True
0,303,0,vm_00303,pm_0442,0,126,0.1259,0.0181,3,True
0,304,0,vm_00304,pm_0258,0,212,0.0972,0.0196,3,True
0,305,0,vm_00305,pm_0533,0,133,0.3121,0.0212,2,True
0,306,0,vm_00306,pm_0001,0,218,0.0861,0.0603,1,True
0,307,0,vm_00307,pm_0408,0,156,0.0792,0.0631,1,True
0,308,0,vm_00308,pm_0092,0,187,0.0836,0.0656,1,True
0,309,0,vm_00309,pm_0355,0,161,0.0805,0.071,1,True
0,310,0,vm_00310,pm_0706,0,128,0.266,0.0167,3,True
0,311,0,vm_00311,pm_0065,0,88,0.1102,0.0467,1,True
0,312,0,vm_00312,pm_0450,0,161,0.1417,0.0169,3,True
0,313,0,vm_00313,pm_0752,0,35,0.1574,0.0172,3,True
0,314,0,vm_00314,pm_0580,0,226,0.0959,0.0166,3,True
0,315,0,vm_00315,pm_0486,0,150,0.0783,0.0531,1,True
0,316,0,vm_00316,pm_0072,0,80,0.1167,0.0172,3,True
1,317,0,vm_00317,pm_0592,0,46,0.0438,0.0589,1,True
1,318,0,vm_00318,pm_0727,0,203,0.3342,0.021,2,True
1,319,0,vm_00319,pm_0178,0,147,0.0484,0.0808,1,True
1,320,0,vm_00320,pm_0495,0,230,0.4272,0.0198,2,True
1,321,0,vm_00321,pm_0174,0,26,0.1451,0.0156,3,True
1,322,0,vm_00322,pm_0497,0,188,0.0637,0.077,1,True
1,323,0,vm_00323,pm_0784,0,164,0.15,0.0136,3,True
1,324,0,vm_00324,pm_0267,0,211,0.1367,0.01,3,True
1,325,0,vm_00325,pm_0588,0,74,0.05,0.052,1,True
1,326,0,vm_00326,pm_0713,0,91,0.1762,0.0142,3,True
1,327,0,vm_00327,pm_0037,0,61,0.0588,0.0458,1,True
1,328,0,vm_00328,pm_0246,0,65,0.1465,0.0136,3,True
1,329,0,vm_00329,pm_0280,0,79,0.1103,0.0628,1,True
1,330,0,vm_00330,pm_0070,0,139,0.6004,0.0218,2,True
1,331,0,vm_00331,pm_0370,0,129,0.0591,0.0646,1,True
1,332,0,vm_00332,pm_0423,0,253,0.6744,0.014,2,True
1,333,0,vm_00333,pm_0408,0,28,0.1904,0.0183,3,True
1,334,0,vm_00334,pm_0545,0,201,0.167,0.0146,3,True
1,335,0,vm_00335,pm_0649,0,236,0.048,0.0554,1,True
1,336,0,vm_00336,pm_0235,0,86,0.2844,0.0186,2,True
1,337,0,vm_00337,pm_0225,0,95,0.19,0.0171,3,True
1,338,0,vm_00338,pm_0171,0,286,0.1676,0.0109,3,True
1,339,0,vm_00339,pm_0470,0,288,0.0715,0.011,3,True
1,340,0,vm_00340,pm_0261,0,251,0.4396,0.024,2,True
1,341,0,vm_00341,pm_0395,0,179,0.071,0.0475,1,True
1,342,0,vm_00342,pm_0117,0,99,0.0736,0.017,3,True
1,343,0,vm_00343,pm_0452,0,72,0.1104,0.0151,3,True
1,344,0,vm_00344,pm_0498,0,130,0.0865,0.0591,1,True
1,345,0,vm_00345,pm_0039,0,181,0.0397,0.0694,1,True
1,346,0,vm_00346,pm_0430,0,193,0.1769,0.0128,3,True
1,347,0,vm_00347,pm_0011,0,17,0.125,0.009,3,True
1,348,0,vm_00348,pm_0343,0,125,0.1752,0.0116,3,True
1,349,0,vm_00349,pm_0745,0,210,0.114,0.0204,3,True
1,350,0,vm_00350,pm_0715,0,6,0.0516,0.0688,1,True
1,351,0,vm_00351,pm_0535,0,113,0.5122,0.0168,2,True
1,352,0,vm_00352,pm_0346,0,83,0.0574,0.0598,1,True
1,353,0,vm_00353,pm_0566,0,101,0.0801,0.0667,1,True
1,354,0,vm_00354,pm_0247,0,92,0.0552,0.057,1,True
1,355,0,vm_00355,pm_0568,0,101,0.2561,0.0203,2,True
1,356,0,vm_00356,pm_0123,0,250,0.0479,0.0485,1,True
1,357,0,vm_00357,pm_0359,0,23,0.0441,0.0617,1,True
1,358,0,vm_00358,pm_0618,0,166,0.1852,0.0124,3,True
1,359,0,vm_00359,pm_0113,0,139,0.0963,0.0613,1,True
1,360,0,vm_00360,pm_0492,0,93,0.038,0.0394,1,True
1,361,0,vm_00361,pm_0265,0,180,0.1839,0.0177,3,True
1,362,0,vm_00362,pm_0447,0,63,0.0928,0.0131,3,True
1,363,0,vm_00363,pm_0259,0,3,0.1662,0.0129,3,True
1,364,0,vm_00364,pm_0297,0,93,0.0787,0.0536,1,True
1,365,0,vm_00365,pm_0586,0,271,0.2155,0.0166,3,True
1,366,0,vm_00366,pm_0318,0,282,0.0553,0.0662,1,True
1,367,0,vm_00367,pm_0691,0,131,0.2079,0.014,3,True
1,368,0,vm_00368,pm_0412,0,71,0.1427,0.0162,3,True
1,369,0,vm_00369,pm_0530,0,80,0.0784,0.0681,1,True
1,370,0,vm_00370,pm_0662,0,173,0.5718,0.0166,2,True
1,371,0,vm_00371,pm_0685,0,299,0.081,0.0713,1,True
1,372,0,vm_00372,pm_0265,0,51,0.1487,0.0167,3,True
1,373,0,vm_00373,pm_0745,0,289,0.2851,0.0125,2,True
1,374,0,vm_00374,pm_0255,0,236,0.0991,0.0158,3,True
1,375,0,vm_00375,pm_0778,0,276,0.7179,0.0172,2,True
1,376,0,vm_00376,pm_0208,0,279,0.1291,0.011,3,True
1,377,0,vm_00377,pm_0305,0,43,0.0823,0.0738,1,True
1,378,0,vm_00378,pm_0151,0,253,0.1382,0.0576,1,True
1,379,0,vm_00379,pm_0490,0,133,0.2695,0.0221,2,True
1,380,0,vm_00380,pm_0010,0,55,0.2787,0.0143,2,True
1,381,0,vm_00381,pm_0750,0,13,0.1973,0.0105,3,True
1,382,0,vm_00382,pm_0292,0,177,0.0891,0.0584,1,True
1,383,0,vm_00383,pm_0507,0,100,0.4496,0.0145,2,True
1,384,0,vm_00384,pm_0591,0,179,0.0789,0.0601,1,True
1,385,0,vm_00385,pm_0501,0,256,0.1478,0.0159,3,True
1,386,0,vm_00386,pm_0562,0,267,0.0981,0.0697,1,True
1,387,0,vm_00387,pm_0023,0,36,0.4427,0.018,2,True
1,388,0,vm_00388,pm_0684,0,203,0.0955,0.0111,3,True
1,389,0,vm_00389,pm_0434,0,258,0.2217,0.0093,3,True
1,390,0,vm_00390,pm_0236,0,154,0.0456,0.0805,1,True
1,391,0,vm_00391,pm_0594,0,237,0.1543,0.0179,3,True
1,392,0,vm_00392,pm_0612,0,99,0.0422,0.0557,1,True
1,393,0,vm_00393,pm_0584,0,272,0.0363,0.0772,1,True
1,394,0,vm_00394,pm_0517,0,112,0.0443,0.0731,1,True
1,395,0,vm_00395,pm_0570,0,109,0.1015,0.0144,3,True
1,396,0,vm_00396,pm_0260,0,142,0.0714,0.0669,1,True
1,397,0,vm_00397,pm_0219,0,166,0.2535,0.015,3,True
1,398,0,vm_00398,pm_0739,0,259,0.0949,0.0176,3,True
1,399,0,vm_00399,pm_0642,0,144,0.3744,0.0166,2,True
1,400,0,vm_00400,pm_0699,0,229,0.1438,0.0104,3,True
1,401,0,vm_00401,pm_0457,0,267,0.2014,0.0186,3,True
1,402,0,vm_00402,pm_0409,0,31,0.105,0.0152,3,True
1,403,0,vm_00403,pm_0476,0,298,0.0754,0.0578,1,True
1,404,0,vm_00404,pm_0785,0,218,0.0648,0.0559,1,True
1,405,0,vm_00405,pm_0734,0,176,0.5323,0.0137,2,True
1,406,0,vm_00406,pm_0296,0,103,0.1236,0.0072,3,True
1,407,0,vm_00407,pm_0098,0,235,0.239,0.0125,3,True
1,408,0,vm_00408,pm_0179,0,92,0.1079,0.0112,3,True
1,409,0,vm_00409,pm_0304,0,200,0.462,0.0184,2,True
1,410,0,vm_00410,pm_0795,0,298,0.1769,0.0186,3,True
1,411,0,vm_00411,pm_0231,0,230,0.0636,0.073,1,True
1,412,0,vm_00412,pm_0448,0,254,0.1043,0.0613,1,True
1,413,0,vm_00413,pm_0428,0,84,0.0456,0.0645,1,True
1,414,0,vm_00414,pm_0261,0,34,0.102,0.0126,3,True
1,415,0,vm_00415,pm_0598,0,116,0.1083,0.0126,3,True
1,416,0,vm_00416,pm_0731,0,175,0.0407,0.0776,1,True
1,417,0,vm_00417,pm_0553,0,275,0.0763,0.014,3,True
1,418,0,vm_00418,pm_0717,0,84,0.1077,0.0139,3,True
1,419,0,vm_00419,pm_0617,0,116,0.5405,0.025,2,True
1,420,0,vm_00420,pm_0225,0,203,0.632,0.017,2,True
1,421,0,vm_00421,pm_0024,0,145,0.0888,0.0658,1,True
1,422,0,vm_00422,pm_0451,0,214,0.4945,0.0136,2,True
1,423,0,vm_00423,pm_0790,0,104,0.4009,0.014,2,True
1,424,0,vm_00424,pm_0185,0,296,0.3217,0.0235,2,True
1,425,0,vm_00425,pm_0673,0,68,0.1452,0.0182,3,True
1,426,0,vm_00426,pm_0268,0,254,0.0472,0.0501,1,True
1,427,0,vm_00427,pm_0299,0,230,0.1267,0.0153,3,True
1,428,0,vm_00428,pm_0208,0,202,0.0892,0.0158,3,True
1,429,0,vm_00429,pm_0164,0,247,0.0893,0.0615,1,True
1,430,0,vm_00430,pm_0747,0,248,0.0512,0.0655,1,True
1,431,0,vm_00431,pm_0301,0,143,0.1325,0.0112,3,True
1,432,0,vm_00432,pm_0447,0,282,0.194,0.0212,3,True
1,433,0,vm_00433,pm_0492,0,240,0.0615,0.047,1,True
1,434,0,vm_00434,pm_0315,0,228,0.0866,0.0504,1,True
1,435,0,vm_00435,pm_0495,0,30,0.0836,0.0731,1,True
1,436,0,vm_00436,pm_0552,0,108,0.0586,0.0558,1,True
1,437,0,vm_00437,pm_0794,0,26,0.4116,0.0216,2,True
1,438,0,vm_00438,pm_0337,0,159,0.1517,0.019,3,True
1,439,0,vm_00439,pm_0393,0,16,0.0588,0.0481,1,True
1,440,0,vm_00440,pm_0099,0,266,0.5317,0.0213,2,True
1,441,0,vm_00441,pm_0491,0,128,0.0476,0.0588,1,True
1,442,0,vm_00442,pm_0593,0,219,0.4967,0.0146,2,True
1,443,0,vm_00443,pm_0141,0,81,0.3582,0.0196,2,True
1,444,0,vm_00444,pm_0516,0,48,0.1685,0.0171,3,True
1,445,0,vm_00445,pm_0409,0,40,0.0696,0.0413,1,True
1,446,0,vm_00446,pm_0625,0,19,0.0957,0.0586,1,True
1,447,0,vm_00447,pm_0176,0,36,0.0864,0.054,1,True
1,448,0,vm_00448,pm_0774,0,38,0.1152,0.0102,3,True
1,449,0,vm_00449,pm_0189,0,108,0.1507,0.0148,3,True
1,450,0,vm_00450,pm_0506,0,63,0.1188,0.0197,3,True
1,451,0,vm_00451,pm_0059,0,174,0.0511,0.0697,1,True
1,452,0,vm_00452,pm_0408,0,278,0.0619,0.0614,1,True
1,453,0,vm_00453,pm_0247,0,31,0.1349,0.0156,3,True
1,454,0,vm_00454,pm_0249,0,208,0.4278,0.0186,2,True
1,455,0,vm_00455,pm_0151,0,18,0.5843,0.009,2,True
1,456,0,vm_00456,pm_0199,0,105,0.087,0.0067,3,True
1,457,0,vm_00457,pm_0396,0,205,0.0951,0.0114,3,True
1,458,0,vm_00458,pm_0014,0,246,0.0891,0.0517,1,True
1,459,0,vm_00459,pm_0466,0,166,0.3442,0.0182,2,True
1,460,0,vm_00460,pm_0674,0,88,0.1514,0.0097,3,True
1,461,0,vm_00461,pm_0633,0,10,0.2055,0.01,3,True
1,462,0,vm_00462,pm_0142,0,48,0.091,0.0137,3,True
1,463,0,vm_00463,pm_0706,0,60,0.0808,0.0722,1,True
1,464,0,vm_00464,pm_0662,0,170,0.0768,0.0533,1,True
1,465,0,vm_00465,pm_0247,0,142,0.3534,0.0166,2,True
1,466,0,vm_00466,pm_0143,0,206,0.0684,0.051,1,True
1,467,0,vm_00467,pm_0018,0,200,0.3199,0.009,2,True
1,468,0,vm_00468,pm_0562,0,4,0.095,0.0715,1,True
1,469,0,vm_00469,pm_0519,0,210,0.1617,0.0225,3,True
1,470,0,vm_00470,pm_0290,0,28,0.1228,0.0092,3,True
1,471,0,vm_00471,pm_0306,0,189,0.0357,0.0622,1,True
1,472,0,vm_00472,pm_0147,0,187,0.064,0.0594,1,True
1,473,0,vm_00473,pm_0511,0,254,0.1572,0.0122,3,True
1,474,0,vm_00474,pm_0578,0,149,0.0368,0.0707,1,True
1,475,0,vm_00475,pm_0303,0,12,0.0988,0.0663,1,True
1,476,0,vm_00476,pm_0495,0,156,0.064,0.0458,1,True
1,477,0,vm_00477,pm_0726,0,79,0.0828,0.0138,3,True
1,478,0,vm_00478,pm_0632,0,272,0.0947,0.014,3,True
1,479,0,vm_00479,pm_0041,0,147,0.0526,0.066,1,True
1,480,0,vm_00480,pm_0556,0,205,0.0904,0.0506,1,True
1,481,0,vm_00481,pm_0044,0,113,0.3217,0.0127,2,True
1,482,0,vm_00482,pm_0421,0,5,0.0683,0.0653,1,True
1,483,0,vm_00483,pm_0152,0,277,0.1312,0.0173,3,True
1,484,0,vm_00484,pm_0350,0,231,0.0942,0.058,1,True
1,485,0,vm_00485,pm_0303,0,136,0.1627,0.019,3,True
1,486,0,vm_00486,pm_0375,0,159,0.096,0.0572,1,True
1,487,0,vm_00487,pm_0076,0,288,0.1265,0.0176,3,True
1,488,0,vm_00488,pm_0389,0,204,0.071,0.0648,1,True
1,489,0,vm_00489,pm_0168,0,157,0.472,0.009,2,True
1,490,0,vm_00490,pm_0168,0,105,0.0715,0.048,1,True
1,491,0,vm_00491,pm_0796,0,81,0.0592,0.0447,1,True
1,492,0,vm_00492,pm_0736,0,269,0.137,0.0184,3,True
1,493,0,vm_00493,pm_0590,0,48,0.186,0.0154,3,True
1,494,0,vm_00494,pm_0312,0,205,0.1522,0.0154,3,True
1,495,0,vm_00495,pm_0586,0,217,0.1959,0.0104,3,True
1,496,0,vm_00496,pm_0380,0,163,0.5324,0.0154,2,True
1,497,0,vm_00497,pm_0549,0,278,0.1008,0.0086,3,True
1,498,0,vm_00498,pm_0312,0,230,0.4925,0.016,2,True
1,499,0,vm_00499,pm_0107,0,198,0.2078,0.015,3,True
1,500,0,vm_00500,pm_0310,0,213,0.0953,0.0145,3,True
1,501,0,vm_00501,pm_0232,0,283,0.0664,0.0727,1,True
1,502,0,vm_00502,pm_0781,0,275,0.1125,0.0098,3,True
1,503,0,vm_00503,pm_0431,0,184,0.126,0.0117,3,True
1,504,0,vm_00504,pm_0756,0,209,0.0966,0.0122,3,True
1,505,0,vm_00505,pm_0749,0,120,0.4325,0.0156,2,True
1,506,0,vm_00506,pm_0176,0,215,0.1074,0.0378,1,True
1,507,0,vm_00507,pm_0280,0,96,0.2425,0.0144,3,True
1,508,0,vm_00508,pm_0030,0,118,0.1108,0.0125,3,True
1,509,0,vm_00509,pm_0261,0,281,0.0868,0.0497,1,True
1,510,0,vm_00510,pm_0259,0,105,0.426,0.0176,2,True
1,511,0,vm_00511,pm_0409,0,141,0.1124,0.0072,3,True
1,512,0,vm_00512,pm_0193,0,267,0.0968,0.0496,1,True
1,513,0,vm_00513,pm_0704,0,290,0.1728,0.0177,3,True
1,514,0,vm_00514,pm_0354,0,166,0.4273,0.0192,2,True
1,515,0,vm_00515,pm_0761,0,159,0.0893,0.0743,1,True
1,516,0,vm_00516,pm_0399,0,230,0.3758,0.0211,2,True
1,517,0,vm_00517,pm_0160,0,13,0.1349,0.0082,3,True
1,518,0,vm_00518,pm_0214,0,192,0.0662,0.0143,3,True
1,519,0,vm_00519,pm_0097,0,154,0.0498,0.0746,1,True
1,520,0,vm_00520,pm_0791,0,100,0.1393,0.0162,3,True
1,521,0,vm_00521,pm_0422,0,59,0.6026,0.0142,2,True
1,522,0,vm_00522,pm_0516,0,42,0.0357,0.0558,1,True
1,523,0,vm_00523,pm_0788,0,192,0.3473,0.0167,2,True
1,524,0,vm_00524,pm_0556,0,108,0.1208,0.0182,3,True
1,525,0,vm_00525,pm_0547,0,92,0.0791,0.0161,3,True
1,526,0,vm_00526,pm_0370,0,215,0.0333,0.0583,1,True
1,527,0,vm_00527,pm_0199,0,162,0.3402,0.0146,2,True
1,528,0,vm_00528,pm_0321,0,233,0.0549,0.0365,1,True
1,529,0,vm_00529,pm_0356,0,166,0.0575,0.0566,1,True
1,530,0,vm_00530,pm_0213,0,147,0.1334,0.0112,3,True
1,531,0,vm_00531,pm_0740,0,27,0.0873,0.0477,1,True
1,532,0,vm_00532,pm_0589,0,258,0.1208,0.0162,3,True
1,533,0,vm_00533,pm_0354,0,85,0.0894,0.0126,3,True
1,534,0,vm_00534,pm_0243,0,107,0.0985,0.0122,3,True
1,535,0,vm_00535,pm_0385,0,116,0.3154,0.0125,2,True
1,536,0,vm_00536,pm_0327,0,14,0.0712,0.0515,1,True
1,537,0,vm_00537,pm_0417,0,210,0.3175,0.009,2,True
1,538,0,vm_00538,pm_0201,0,30,0.3859,0.0123,2,True
1,539,0,vm_00539,pm_0658,0,281,0.2176,0.016,3,True
1,540,0,vm_00540,pm_0719,0,184,0.1859,0.0197,3,True
1,541,0,vm_00541,pm_0691,0,65,0.3157,0.0148,2,True
1,542,0,vm_00542,pm_0231,0,62,0.0918,0.0184,3,True
1,543,0,vm_00543,pm_0052,0,227,0.0747,0.0631,1,True
1,544,0,vm_00544,pm_0700,0,100,0.0538,0.063,1,True
1,545,0,vm_00545,pm_0725,0,138,0.0643,0.063,1,True
1,546,0,vm_00546,pm_0096,0,118,0.4469,0.0187,2,True
1,547,0,vm_00547,pm_0762,0,56,0.0415,0.0563,1,True
1,548,0,vm_00548,pm_0093,0,130,0.0531,0.0619,1,True
1,549,0,vm_00549,pm_0167,0,36,0.042,0.054,1,True
1,550,0,vm_00550,pm_0077,0,110,0.0656,0.0695,1,True
1,551,0,vm_00551,pm_0120,0,152,0.2084,0.0103,3,True
1,552,0,vm_00552,pm_0526,0,249,0.1245,0.0152,3,True
1,553,0,vm_00553,pm_0680,0,241,0.0988,0.0143,3,True
1,554,0,vm_00554,pm_0482,0,207,0.0772,0.0561,1,True
1,555,0,vm_00555,pm_0221,0,169,0.0505,0.0444,1,True
1,556,0,vm_00556,pm_0118,0,256,0.6146,0.0165,2,True
1,557,0,vm_00557,pm_0023,0,278,0.0878,0.0122,3,True
1,558,0,vm_00558,pm_0407,0,112,0.1074,0.0095,3,True
1,559,0,vm_00559,pm_0245,0,174,0.3608,0.0111,2,True
1,560,0,vm_00560,pm_0537,0,88,0.1755,0.0091,3,True
1,561,0,vm_00561,pm_0649,0,134,0.064,0.0674,1,True
1,562,0,vm_00562,pm_0798,0,293,0.122,0.0179,3,True
1,563,0,vm_00563,pm_0115,0,205,0.0965,0.0102,3,True
1,564,0,vm_00564,pm_0279,0,72,0.1724,0.0134,3,True
1,565,0,vm_00565,pm_0630,0,258,0.0781,0.0672,1,True
1,566,0,vm_00566,pm_0381,0,147,0.1064,0.0666,1,True
1,567,0,vm_00567,pm_0655,0,224,0.4126,0.0212,2,True
1,568,0,vm_00568,pm_0211,0,104,0.1792,0.0201,3,True
1,569,0,vm_00569,pm_0718,0,43,0.3541,0.0147,2,True
1,570,0,vm_00570,pm_0094,0,25,0.1277,0.0195,3,True
1,571,0,vm_00571,pm_0644,0,260,0.1745,0.0138,3,True
1,572,0,vm_00572,pm_0025,0,58,0.1096,0.0709,1,True
1,573,0,vm_00573,pm_0039,0,60,0.5191,0.0176,2,True
1,574,0,vm_00574,pm_0405,0,69,0.0831,0.0619,1,True
1,575,0,vm_00575,pm_0020,0,270,0.2879,0.0154,2,True
1,576,0,vm_00576,pm_0524,0,256,0.1159,0.0074,3,True
1,577,0,vm_00577,pm_0018,0,124,0.0744,0.0664,1,True
1,578,0,vm_00578,pm_0417,0,18,0.1047,0.0137,3,True
1,579,0,vm_00579,pm_0267,0,118,0.0436,0.048,1,True
1,580,0,vm_00580,pm_0538,0,65,0.1305,0.0149,3,True
1,581,0,vm_00581,pm_0745,0,244,0.168,0.0138,3,True
1,582,0,vm_00582,pm_0235,0,56,0.1564,0.0213,3,True
1,583,0,vm_00583,pm_0646,0,43,0.2841,0.0112,2,True
1,584,0,vm_00584,pm_0057,0,11,0.2414,0.0151,3,True
1,585,0,vm_00585,pm_0391,0,235,0.0654,0.0449,1,True
1,586,0,vm_00586,pm_0115,0,23,0.0869,0.0596,1,True
1,587,0,vm_00587,pm_0195,0,256,0.0953,0.0137,3,True
1,588,0,vm_00588,pm_0496,0,283,0.1295,0.0154,3,True
1,589,0,vm_00589,pm_0259,0,250,0.3883,0.0108,2,True
1,590,0,vm_00590,pm_0516,0,93,0.5975,0.0208,2,True
1,591,0,vm_00591,pm_0044,0,21,0.1008,0.0139,3,True
1,592,0,vm_00592,pm_0294,0,156,0.0871,0.0123,3,True
1,593,0,vm_00593,pm_0150,0,88,0.0555,0.0654,1,True
1,594,0,vm_00594,pm_0732,0,201,0.0663,0.0389,1,True
1,595,0,vm_00595,pm_0438,0,196,0.0549,0.0361,1,True
1,596,0,vm_00596,pm_0449,0,44,0.1393,0.0139,3,True
1,597,0,vm_00597,pm_0583,0,78,0.3737,0.0168,2,True
1,598,0,vm_00598,pm_0257,0,38,0.0784,0.062,1,True
1,599,0,vm_00599,pm_0473,0,283,0.38,0.0131,2,True
1,600,0,vm_00600,pm_0129,0,154,0.0808,0.0596,1,True
1,601,0,vm_00601,pm_0551,0,148,0.3842,0.0097,2,True
1,602,0,vm_00602,pm_0518,0,51,0.0476,0.0475,1,True
1,603,0,vm_00603,pm_0671,0,250,0.0697,0.0483,1,True
1,604,0,vm_00604,pm_0720,0,146,0.1256,0.0135,3,True
1,605,0,vm_00605,pm_0028,0,257,0.1094,0.0124,3,True
1,606,0,vm_00606,pm_0640,0,272,0.0516,0.0505,1,True
1,607,0,vm_00607,pm_0763,0,124,0.1854,0.0072,3,True
1,608,0,vm_00608,pm_0162,0,203,0.0737,0.0588,1,True
1,609,0,vm_00609,pm_0236,0,255,0.1581,0.0151,3,True
1,610,0,vm_00610,pm_0139,0,130,0.3281,0.013,2,True
1,611,0,vm_00611,pm_0187,0,20,0.134,0.0113,3,True
1,612,0,vm_00612,pm_0689,0,77,0.1823,0.0111,3,True
1,613,0,vm_00613,pm_0387,0,50,0.0897,0.0655,1,True
1,614,0,vm_00614,pm_0708,0,265,0.1231,0.0141,3,True
1,615,0,vm_00615,pm_0365,0,115,0.1997,0.0158,3,True
1,616,0,vm_00616,pm_0109,0,54,0.124,0.0125,3,True
1,617,0,vm_00617,pm_0122,0,291,0.0266,0.0515,1,True
1,618,0,vm_00618,pm_0418,0,50,0.0964,0.0532,1,True
1,619,0,vm_00619,pm_0688,0,272,0.3679,0.0223,2,True
1,620,0,vm_00620,pm_0181,0,253,0.0709,0.0348,1,True
1,621,0,vm_00621,pm_0118,0,60,0.1307,0.0143,3,True
1,622,0,vm_00622,pm_0005,0,224,0.1339,0.0135,3,True
1,623,0,vm_00623,pm_0129,0,102,0.1732,0.0145,3,True
1,624,0,vm_00624,pm_0631,0,47,0.093,0.0717,1,True
1,625,0,vm_00625,pm_0170,0,224,0.0643,0.055,1,True
1,626,0,vm_00626,pm_0784,0,232,0.1597,0.0168,3,True
1,627,0,vm_00627,pm_0769,0,69,0.1145,0.0114,3,True
1,628,0,vm_00628,pm_0612,0,46,0.0566,0.05,1,True
1,629,0,vm_00629,pm_0178,0,227,0.082,0.0671,1,True
1,630,0,vm_00630,pm_0485,0,9,0.1246,0.0137,3,True
1,631,0,vm_00631,pm_0025,0,184,0.0928,0.0667,1,True
1,632,0,vm_00632,pm_0791,0,79,0.3519,0.0168,2,True
1,633,0,vm_00633,pm_0616,0,12,0.527,0.011,2,True
1,634,0,vm_00634,pm_0587,0,83,0.059,0.039,1,True
1,635,0,vm_00635,pm_0324,0,85,0.0974,0.0674,1,True
1,636,0,vm_00636,pm_0106,0,156,0.0559,0.0648,1,True
1,637,0,vm_00637,pm_0537,0,143,0.0711,0.0396,1,True
1,638,0,vm_00638,pm_0244,0,62,0.1416,0.0128,3,True
1,639,0,vm_00639,pm_0110,0,42,0.2191,0.0137,3,True
1,640,0,vm_00640,pm_0659,0,157,0.0658,0.0173,3,True
1,641,0,vm_00641,pm_0416,0,184,0.4668,0.0135,2,True
1,642,0,vm_00642,pm_0715,0,285,0.1412,0.0139,3,True
1,643,0,vm_00643,pm_0717,0,23,0.1931,0.01,3,True
1,644,0,vm_00644,pm_0234,0,204,0.0687,0.0613,1,True
1,645,0,vm_00645,pm_0014,0,223,0.183,0.0181,3,True
1,646,0,vm_00646,pm_0382,0,100,0.0598,0.0681,1,True
1,647,0,vm_00647,pm_0483,0,203,0.0428,0.0668,1,True
1,648,0,vm_00648,pm_0263,0,7,0.0684,0.0567,1,True
2,649,0,vm_00649,pm_0485,0,171,0.254,0.0237,2,True
2,650,0,vm_00650,pm_0612,0,207,0.0555,0.0535,1,True
2,651,0,vm_00651,pm_0694,0,95,0.1241,0.0183,3,True
2,652,0,vm_00652,pm_0385,0,161,0.0228,0.059,1,True
2,653,0,vm_00653,pm_0503,0,290,0.0995,0.0147,3,True
2,654,0,vm_00654,pm_0092,0,95,0.1486,0.0158,3,True
2,655,0,vm_00655,pm_0096,0,144,0.4808,0.0142,2,True
2,656,0,vm_00656,pm_0278,0,257,0.3392,0.0212,2,True
2,657,0,vm_00657,pm_0535,0,299,0.0686,0.0852,1,True
2,658,0,vm_00658,pm_0472,0,101,0.4187,0.0155,2,True
2,659,0,vm_00659,pm_0517,0,176,0.1222,0.012,3,True
2,660,0,vm_00660,pm_0122,0,109,0.0995,0.0661,1,True
2,661,0,vm_00661,pm_0450,0,197,0.1755,0.0161,3,True
2,662,0,vm_00662,pm_0621,0,128,0.0973,0.0174,3,True
2,663,0,vm_00663,pm_0535,0,136,0.1268,0.0177,3,True
2,664,0,vm_00664,pm_0653,0,26,0.0633,0.0548,1,True
2,665,0,vm_00665,pm_0148,0,136,0.1626,0.0133,3,True
2,666,0,vm_00666,pm_0216,0,163,0.0334,0.0621,1,True
2,667,0,vm_00667,pm_0280,0,130,0.308,0.0144,2,True
2,668,0,vm_00668,pm_0771,0,150,0.0696,0.0466,1,True
2,669,0,vm_00669,pm_0257,0,245,0.1621,0.0113,3,True
2,670,0,vm_00670,pm_0596,0,109,0.1232,0.0148,3,True
2,671,0,vm_00671,pm_0248,0,72,0.0268,0.0606,1,True
2,672,0,vm_00672,pm_0692,0,285,0.0582,0.045,1,True
2,673,0,vm_00673,pm_0693,0,274,0.0658,0.0762,1,True
2,674,0,vm_00674,pm_0404,0,66,0.088,0.0157,3,True
2,675,0,vm_00675,pm_0736,0,49,0.0623,0.049,1,True
2,676,0,vm_00676,pm_0733,0,2,0.0839,0.0634,1,True
2,677,0,vm_00677,pm_0442,0,225,0.0977,0.0191,3,True
2,678,0,vm_00678,pm_0303,0,65,0.0607,0.0482,1,True
2,679,0,vm_00679,pm_0719,0,154,0.1044,0.0168,3,True
2,680,0,vm_00680,pm_0796,0,110,0.0332,0.078,1,True
2,681,0,vm_00681,pm_0478,0,295,0.1156,0.0111,3,True
2,682,0,vm_00682,pm_0327,0,255,0.4961,0.0184,2,True
2,683,0,vm_00683,pm_0756,0,273,0.0507,0.0676,1,True
2,684,0,vm_00684,pm_0527,0,154,0.1125,0.0134,3,True
2,685,0,vm_00685,pm_0020,0,138,0.1047,0.0132,3,True
2,686,0,vm_00686,pm_0652,0,166,0.0737,0.0542,1,True
2,687,0,vm_00687,pm_0534,0,18,0.0801,0.0146,3,True
2,688,0,vm_00688,pm_0151,0,222,0.0503,0.0613,1,True
2,689,0,vm_00689,pm_0591,0,56,0.072,0.0581,1,True
2,690,0,vm_00690,pm_0008,0,293,0.0641,0.0124,3,True
2,691,0,vm_00691,pm_0167,0,132,0.0725,0.0672,1,True
2,692,0,vm_00692,pm_0059,0,291,0.4736,0.0211,2,True
2,693,0,vm_00693,pm_0464,0,204,0.1144,0.008,3,True
2,694,0,vm_00694,pm_0539,0,118,0.136,0.0123,3,True
2,695,0,vm_00695,pm_0696,0,252,0.1385,0.0169,3,True
2,696,0,vm_00696,pm_0707,0,84,0.0863,0.0427,1,True
2,697,0,vm_00697,pm_0310,0,184,0.0802,0.037,1,True
2,698,0,vm_00698,pm_0356,0,224,0.0962,0.0152,3,True
2,699,0,vm_00699,pm_0471,0,147,0.0905,0.0164,3,True
2,700,0,vm_00700,pm_0388,0,279,0.1776,0.015,3,True
2,701,0,vm_00701,pm_0007,0,226,0.0269,0.061,1,True
2,702,0,vm_00702,pm_0445,0,285,0.0877,0.0525,1,True
2,703,0,vm_00703,pm_0227,0,283,0.0839,0.0696,1,True
2,704,0,vm_00704,pm_0369,0,180,0.0531,0.0528,1,True
2,705,0,vm_00705,pm_0112,0,108,0.1347,0.0132,3,True
2,706,0,vm_00706,pm_0280,0,134,0.4335,0.0183,2,True
2,707,0,vm_00707,pm_0245,0,290,0.0565,0.0788,1,True
2,708,0,vm_00708,pm_0251,0,289,0.0291,0.0517,1,True
2,709,0,vm_00709,pm_0232,0,102,0.3629,0.0148,2,True
2,710,0,vm_00710,pm_0184,0,200,0.1066,0.0122,3,True
2,711,0,vm_00711,pm_0100,0,116,0.0879,0.0609,1,True
2,712,0,vm_00712,pm_0535,0,28,0.1634,0.0148,3,True
2,713,0,vm_00713,pm_0688,0,26,0.5957,0.015,2,True
2,714,0,vm_00714,pm_0162,0,12,0.1498,0.0111,3,True
2,715,0,vm_00715,pm_0166,0,41,0.051,0.0519,1,True
2,716,0,vm_00716,pm_0181,0,223,0.1054,0.0128,3,True
2,717,0,vm_00717,pm_0062,0,20,0.0978,0.049,1,True
2,718,0,vm_00718,pm_0492,0,135,0.4968,0.0188,2,True
2,719,0,vm_00719,pm_0266,0,220,0.0315,0.0594,1,True
2,720,0,vm_00720,pm_0054,0,144,0.0661,0.0554,1,True
2,721,0,vm_00721,pm_0595,0,9,0.1316,0.0119,3,True
2,722,0,vm_00722,pm_0374,0,224,0.0703,0.0542,1,True
2,723,0,vm_00723,pm_0100,0,140,0.0902,0.0117,3,True
2,724,0,vm_00724,pm_0039,0,105,0.1216,0.0148,3,True
2,725,0,vm_00725,pm_0267,0,267,0.0648,0.049,1,True
2,726,0,vm_00726,pm_0582,0,193,0.1364,0.0171,3,True
2,727,0,vm_00727,pm_0578,0,127,0.0421,0.0791,1,True
2,728,0,vm_00728,pm_0578,0,212,0.3146,0.009,2,True
2,729,0,vm_00729,pm_0305,0,150,0.0864,0.0647,1,True
2,730,0,vm_00730,pm_0258,0,179,0.3153,0.0204,2,True
2,731,0,vm_00731,pm_0308,0,25,0.0551,0.0625,1,True
2,732,0,vm_00732,pm_0651,0,14,0.1566,0.0189,3,True
2,733,0,vm_00733,pm_0399,0,21,0.1745,0.0138,3,True
2,734,0,vm_00734,pm_0332,0,64,0.0758,0.0613,1,True
2,735,0,vm_00735,pm_0045,0,250,0.1008,0.0607,1,True
2,736,0,vm_00736,pm_0301,0,20,0.4418,0.0174,2,True
2,737,0,vm_00737,pm_0703,0,232,0.1874,0.0134,3,True
2,738,0,vm_00738,pm_0618,0,15,0.0936,0.0506,1,True
2,739,0,vm_00739,pm_0091,0,271,0.1025,0.0467,1,True
2,740,0,vm_00740,pm_0426,0,204,0.0764,0.0587,1,True
2,741,0,vm_00741,pm_0383,0,297,0.5249,0.0177,2,True
2,742,0,vm_00742,pm_0416,0,159,0.0503,0.0626,1,True
2,743,0,vm_00743,pm_0066,0,40,0.3667,0.0172,2,True
2,744,0,vm_00744,pm_0370,0,107,0.0875,0.0663,1,True
2,745,0,vm_00745,pm_0385,0,124,0.4003,0.0114,2,True
2,746,0,vm_00746,pm_0019,0,151,0.1056,0.0105,3,True
2,747,0,vm_00747,pm_0591,0,12,0.1792,0.0187,3,True
2,748,0,vm_00748,pm_0049,0,202,0.0804,0.0508,1,True
2,749,0,vm_00749,pm_0645,0,78,0.0869,0.0492,1,True
2,750,0,vm_00750,pm_0078,0,41,0.0549,0.0163,3,True
2,751,0,vm_00751,pm_0028,0,168,0.4494,0.0152,2,True
2,752,0,vm_00752,pm_0347,0,248,0.0824,0.0128,3,True
2,753,0,vm_00753,pm_0667,0,120,0.0368,0.0599,1,True
2,754,0,vm_00754,pm_0407,0,271,0.1425,0.0154,3,True
2,755,0,vm_00755,pm_0599,0,299,0.5416,0.024,2,True
2,756,0,vm_00756,pm_0398,0,208,0.0954,0.0169,3,True
2,757,0,vm_00757,pm_0038,0,157,0.0842,0.0568,1,True
2,758,0,vm_00758,pm_0406,0,120,0.047,0.0589,1,True
2,759,0,vm_00759,pm_0134,0,226,0.0623,0.0603,1,True
2,760,0,vm_00760,pm_0483,0,23,0.5237,0.0116,2,True
2,761,0,vm_00761,pm_0697,0,229,0.0611,0.0642,1,True
2,762,0,vm_00762,pm_0220,0,25,0.07,0.0099,3,True
2,763,0,vm_00763,pm_0279,0,57,0.0639,0.0561,1,True
2,764,0,vm_00764,pm_0473,0,264,0.1911,0.0076,3,True
2,765,0,vm_00765,pm_0597,0,125,0.3997,0.0224,2,True
2,766,0,vm_00766,pm_0666,0,274,0.0677,0.0108,3,True
2,767,0,vm_00767,pm_0794,0,27,0.0811,0.0584,1,True
2,768,0,vm_00768,pm_0623,0,300,0.12,0.0166,3,True
2,769,0,vm_00769,pm_0385,0,127,0.0781,0.0574,1,True
2,770,0,vm_00770,pm_0727,0,93,0.1239,0.0184,3,True
2,771,0,vm_00771,pm_0035,0,190,0.1927,0.0083,3,True
2,772,0,vm_00772,pm_0373,0,271,0.5435,0.0207,2,True
2,773,0,vm_00773,pm_0190,0,4,0.4483,0.0174,2,True
2,774,0,vm_00774,pm_0511,0,156,0.1496,0.0118,3,True
2,775,0,vm_00775,pm_0741,0,51,0.5315,0.0189,2,True
2,776,0,vm_00776,pm_0777,0,242,0.058,0.0498,1,True
2,777,0,vm_00777,pm_0527,0,150,0.558,0.0178,2,True
2,778,0,vm_00778,pm_0547,0,261,0.0534,0.066,1,True
2,779,0,vm_00779,pm_0698,0,79,0.0752,0.0522,1,True
2,780,0,vm_00780,pm_0672,0,182,0.0826,0.0741,1,True
2,781,0,vm_00781,pm_0769,0,106,0.1565,0.012,3,True
2,782,0,vm_00782,pm_0318,0,153,0.283,0.0093,2,True
2,783,0,vm_00783,pm_0519,0,292,0.4954,0.009,2,True
2,784,0,vm_00784,pm_0707,0,204,0.0603,0.0543,1,True
2,785,0,vm_00785,pm_0471,0,115,0.0777,0.0106,3,True
2,786,0,vm_00786,pm_0764,0,16,0.3681,0.0109,2,True
2,787,0,vm_00787,pm_0343,0,287,0.3618,0.016,2,True
2,788,0,vm_00788,pm_0479,0,155,0.3126,0.0147,2,True
2,789,0,vm_00789,pm_0460,0,24,0.0987,0.0135,3,True
2,790,0,vm_00790,pm_0596,0,277,0.0744,0.0711,1,True
2,791,0,vm_00791,pm_0336,0,125,0.3849,0.0136,2,True
2,792,0,vm_00792,pm_0353,0,299,0.075,0.0651,1,True
2,793,0,vm_00793,pm_0267,0,275,0.1152,0.0101,3,True
2,794,0,vm_00794,pm_0242,0,177,0.0369,0.0615,1,True
2,795,0,vm_00795,pm_0734,0,46,0.0399,0.0438,1,True
2,796,0,vm_00796,pm_0617,0,199,0.0663,0.0757,1,True
2,797,0,vm_00797,pm_0692,0,50,0.172,0.0123,3,True
2,798,0,vm_00798,pm_0225,0,294,0.167,0.0124,3,True
2,799,0,vm_00799,pm_0761,0,269,0.1087,0.0152,3,True
2,800,0,vm_00800,pm_0063,0,196,0.1686,0.0187,3,True
2,801,0,vm_00801,pm_0331,0,20,0.0882,0.0587,1,True
2,802,0,vm_00802,pm_0526,0,142,0.0555,0.0646,1,True
2,803,0,vm_00803,pm_0160,0,247,0.4725,0.0153,2,True
2,804,0,vm_00804,pm_0797,0,0,0.0803,0.0649,1,True
2,805,0,vm_00805,pm_0572,0,273,0.0527,0.0543,1,True
2,806,0,vm_00806,pm_0291,0,240,0.0611,0.0607,1,True
2,807,0,vm_00807,pm_0687,0,57,0.0482,0.0774,1,True
2,808,0,vm_00808,pm_0081,0,125,0.1793,0.0127,3,True
2,809,0,vm_00809,pm_0507,0,51,0.3365,0.0147,2,True
2,810,0,vm_00810,pm_0462,0,222,0.0773,0.0703,1,True
2,811,0,vm_00811,pm_0420,0,268,0.076,0.0755,1,True
2,812,0,vm_00812,pm_0458,0,95,0.5275,0.0207,2,True
2,813,0,vm_00813,pm_0184,0,272,0.0527,0.058,1,True
2,814,0,vm_00814,pm_0630,0,60,0.1501,0.0142,3,True
2,815,0,vm_00815,pm_0163,0,180,0.1929,0.0121,3,True
2,816,0,vm_00816,pm_0259,0,132,0.4763,0.0165,2,True
2,817,0,vm_00817,pm_0422,0,88,0.3106,0.02,2,True
2,818,0,vm_00818,pm_0661,0,172,0.0483,0.0424,1,True
2,819,0,vm_00819,pm_0421,0,4,0.1656,0.0156,3,True
2,820,0,vm_00820,pm_0291,0,203,0.0998,0.0107,3,True
2,821,0,vm_00821,pm_0239,0,161,0.0779,0.0485,1,True
2,822,0,vm_00822,pm_0501,0,60,0.0525,0.0563,1,True
2,823,0,vm_00823,pm_0624,0,189,0.0822,0.0479,1,True
2,824,0,vm_00824,pm_0110,0,62,0.0587,0.0459,1,True
2,825,0,vm_00825,pm_0260,0,43,0.0451,0.0492,1,True
2,826,0,vm_00826,pm_0288,0,238,0.1464,0.0151,3,True
2,827,0,vm_00827,pm_0157,0,27,0.0527,0.0594,1,True
2,828,0,vm_00828,pm_0170,0,197,0.0982,0.0533,1,True
2,829,0,vm_00829,pm_0724,0,268,0.1293,0.0117,3,True
2,830,0,vm_00830,pm_0416,0,170,0.1384,0.0113,3,True
2,831,0,vm_00831,pm_0095,0,29,0.1487,0.0162,3,True
2,832,0,vm_00832,pm_0107,0,153,0.0658,0.0633,1,True
2,833,0,vm_00833,pm_0239,0,208,0.1161,0.056,1,True
2,834,0,vm_00834,pm_0367,0,62,0.1327,0.0198,3,True
2,835,0,vm_00835,pm_0448,0,56,0.05,0.0535,1,True
2,836,0,vm_00836,pm_0072,0,207,0.1296,0.0161,3,True
2,837,0,vm_00837,pm_0230,0,62,0.0691,0.0448,1,True
2,838,0,vm_00838,pm_0045,0,247,0.6038,0.0156,2,True
2,839,0,vm_00839,pm_0112,0,140,0.1366,0.0147,3,True
2,840,0,vm_00840,pm_0304,0,92,0.1,0.0586,1,True
2,841,0,vm_00841,pm_0141,0,106,0.1875,0.0119,3,True
2,842,0,vm_00842,pm_0388,0,87,0.0354,0.0636,1,True
2,843,0,vm_00843,pm_0246,0,300,0.0681,0.0524,1,True
2,844,0,vm_00844,pm_0769,0,107,0.0599,0.0489,1,True
2,845,0,vm_00845,pm_0096,0,45,0.021,0.0772,1,True
2,846,0,vm_00846,pm_0695,0,76,0.0272,0.0562,1,True
2,847,0,vm_00847,pm_0030,0,216,0.0577,0.0705,1,True
2,848,0,vm_00848,pm_0472,0,168,0.0669,0.0561,1,True
2,849,0,vm_00849,pm_0531,0,128,0.1679,0.0139,3,True
2,850,0,vm_00850,pm_0568,0,200,0.1114,0.01,3,True
2,851,0,vm_00851,pm_0783,0,195,0.0795,0.0684,1,True
2,852,0,vm_00852,pm_0440,0,267,0.0711,0.0361,1,True
2,853,0,vm_00853,pm_0450,0,87,0.0624,0.071,1,True
2,854,0,vm_00854,pm_0595,0,252,0.3651,0.0095,2,True
2,855,0,vm_00855,pm_0020,0,237,0.3592,0.0123,2,True
2,856,0,vm_00856,pm_0456,0,72,0.056,0.0625,1,True
2,857,0,vm_00857,pm_0695,0,160,0.1115,0.0162,3,True
2,858,0,vm_00858,pm_0659,0,57,0.0725,0.0638,1,True
2,859,0,vm_00859,pm_0793,0,290,0.1614,0.0172,3,True
2,860,0,vm_00860,pm_0310,0,65,0.1003,0.0187,3,True
2,861,0,vm_00861,pm_0426,0,25,0.3467,0.009,2,True
2,862,0,vm_00862,pm_0465,0,297,0.2086,0.0152,3,True
2,863,0,vm_00863,pm_0435,0,76,0.0477,0.0683,1,True
2,864,0,vm_00864,pm_0415,0,285,0.3568,0.0102,2,True
2,865,0,vm_00865,pm_0229,0,35,0.1042,0.0095,3,True
2,866,0,vm_00866,pm_0586,0,18,0.1571,0.0093,3,True
2,867,0,vm_00867,pm_0744,0,277,0.0477,0.0635,1,True
2,868,0,vm_00868,pm_0369,0,266,0.1303,0.0099,3,True
2,869,0,vm_00869,pm_0133,0,281,0.0498,0.0611,1,True
2,870,0,vm_00870,pm_0581,0,18,0.178,0.0087,3,True
2,871,0,vm_00871,pm_0192,0,139,0.1086,0.0158,3,True
2,872,0,vm_00872,pm_0782,0,66,0.4637,0.0268,2,True
2,873,0,vm_00873,pm_0526,0,17,0.2949,0.0138,2,True
2,874,0,vm_00874,pm_0324,0,260,0.1085,0.0074,3,True
2,875,0,vm_00875,pm_0298,0,111,0.4195,0.0203,2,True
2,876,0,vm_00876,pm_0329,0,114,0.2842,0.0162,2,True
2,877,0,vm_00877,pm_0769,0,165,0.0834,0.0498,1,True
2,878,0,vm_00878,pm_0190,0,66,0.0674,0.0507,1,True
2,879,0,vm_00879,pm_0270,0,254,0.3431,0.0188,2,True
2,880,0,vm_00880,pm_0678,0,69,0.1941,0.0137,3,True
2,881,0,vm_00881,pm_0498,0,202,0.107,0.0594,1,True
2,882,0,vm_00882,pm_0238,0,126,0.4789,0.0172,2,True
2,883,0,vm_00883,pm_0017,0,79,0.1042,0.0484,1,True
2,884,0,vm_00884,pm_0010,0,175,0.4768,0.0131,2,True
2,885,0,vm_00885,pm_0788,0,112,0.0389,0.0682,1,True
2,886,0,vm_00886,pm_0516,0,110,0.4122,0.0205,2,True
2,887,0,vm_00887,pm_0038,0,136,0.6822,0.0165,2,True
2,888,0,vm_00888,pm_0294,0,132,0.0475,0.0552,1,True
2,889,0,vm_00889,pm_0734,0,188,0.5103,0.0206,2,True
2,890,0,vm_00890,pm_0640,0,276,0.0677,0.0538,1,True
2,891,0,vm_00891,pm_0631,0,224,0.6547,0.0151,2,True
2,892,0,vm_00892,pm_0194,0,102,0.0182,0.078,1,True
2,893,0,vm_00893,pm_0472,0,106,0.095,0.0601,1,True
2,894,0,vm_00894,pm_0400,0,62,0.2052,0.021,3,True
2,895,0,vm_00895,pm_0300,0,244,0.1697,0.0178,3,True
2,896,0,vm_00896,pm_0278,0,172,0.3917,0.0166,2,True
2,897,0,vm_00897,pm_0261,0,209,0.0921,0.0434,1,True
2,898,0,vm_00898,pm_0786,0,190,0.154,0.0186,3,True
2,899,0,vm_00899,pm_0030,0,157,0.0777,0.0631,1,True
2,900,0,vm_00900,pm_0427,0,224,0.1663,0.0189,3,True
2,901,0,vm_00901,pm_0244,0,171,0.4491,0.0149,2,True
2,902,0,vm_00902,pm_0311,0,35,0.0933,0.0138,3,True
2,903,0,vm_00903,pm_0449,0,133,0.0497,0.0575,1,True
2,904,0,vm_00904,pm_0640,0,36,0.1471,0.0144,3,True
2,905,0,vm_00905,pm_0427,0,92,0.0811,0.0659,1,True
2,906,0,vm_00906,pm_0748,0,74,0.122,0.0124,3,True
2,907,0,vm_00907,pm_0209,0,243,0.0758,0.0838,1,True
2,908,0,vm_00908,pm_0301,0,182,0.0947,0.0152,3,True
2,909,0,vm_00909,pm_0460,0,204,0.1468,0.015,3,True
2,910,0,vm_00910,pm_0566,0,186,0.4035,0.012,2,True
2,911,0,vm_00911,pm_0158,0,165,0.0469,0.0765,1,True
2,912,0,vm_00912,pm_0333,0,114,0.0931,0.0118,3,True
2,913,0,vm_00913,pm_0776,0,206,0.0501,0.0525,1,True
2,914,0,vm_00914,pm_0251,0,244,0.3186,0.0214,2,True
2,915,0,vm_00915,pm_0052,0,160,0.0681,0.0787,1,True
2,916,0,vm_00916,pm_0165,0,12,0.5089,0.0182,2,True
2,917,0,vm_00917,pm_0311,0,293,0.1156,0.0176,3,True
2,918,0,vm_00918,pm_0440,0,235,0.0733,0.0551,1,True
2,919,0,vm_00919,pm_0683,0,272,0.0399,0.055,1,True
2,920,0,vm_00920,pm_0315,0,113,0.2103,0.0064,3,True
2,921,0,vm_00921,pm_0024,0,151,0.071,0.0494,1,True
2,922,0,vm_00922,pm_0483,0,25,0.2346,0.0136,3,True
2,923,0,vm_00923,pm_0552,0,167,0.0695,0.0658,1,True
2,924,0,vm_00924,pm_0125,0,31,0.1228,0.0164,3,True
2,925,0,vm_00925,pm_0554,0,220,0.0776,0.0631,1,True
2,926,0,vm_00926,pm_0020,0,205,0.0449,0.0463,1,True
2,927,0,vm_00927,pm_0606,0,97,0.1855,0.0203,3,True
2,928,0,vm_00928,pm_0190,0,90,0.0734,0.0552,1,True
2,929,0,vm_00929,pm_0782,0,213,0.1921,0.0172,3,True
2,930,0,vm_00930,pm_0655,0,187,0.1208,0.0159,3,True
2,931,0,vm_00931,pm_0183,0,56,0.1008,0.0112,3,True
2,932,0,vm_00932,pm_0730,0,106,0.0379,0.0513,1,True
2,933,0,vm_00933,pm_0247,0,194,0.0834,0.052,1,True
2,934,0,vm_00934,pm_0402,0,21,0.4504,0.009,2,True
2,935,0,vm_00935,pm_0534,0,185,0.107,0.078,1,True
2,936,0,vm_00936,pm_0523,0,84,0.0466,0.0509,1,True
2,937,0,vm_00937,pm_0446,0,79,0.1346,0.0138,3,True
2,938,0,vm_00938,pm_0170,0,76,0.0926,0.0543,1,True
2,939,0,vm_00939,pm_0381,0,176,0.0345,0.0632,1,True
2,940,0,vm_00940,pm_0769,0,173,0.0651,0.0641,1,True
2,941,0,vm_00941,pm_0676,0,81,0.031,0.0636,1,True
2,942,0,vm_00942,pm_0593,0,20,0.1024,0.0093,3,True
2,943,0,vm_00943,pm_0238,0,178,0.4561,0.0166,2,True
2,944,0,vm_00944,pm_0270,0,224,0.0998,0.0192,3,True
2,945,0,vm_00945,pm_0700,0,264,0.3694,0.0146,2,True
2,946,0,vm_00946,pm_0131,0,268,0.0539,0.0516,1,True
2,947,0,vm_00947,pm_0622,0,250,0.4311,0.0129,2,True
2,948,0,vm_00948,pm_0412,0,272,0.0413,0.0609,1,True
2,949,0,vm_00949,pm_0527,0,271,0.1212,0.0125,3,True
2,950,0,vm_00950,pm_0158,0,279,0.1181,0.008,3,True
2,951,0,vm_00951,pm_0064,0,222,0.0941,0.0583,1,True
2,952,0,vm_00952,pm_0604,0,74,0.0661,0.0605,1,True
2,953,0,vm_00953,pm_0271,0,150,0.6765,0.0189,2,True
2,954,0,vm_00954,pm_0104,0,104,0.0498,0.0627,1,True
2,955,0,vm_00955,pm_0294,0,41,0.1286,0.014,3,True
2,956,0,vm_00956,pm_0139,0,175,0.1335,0.0144,3,True
2,957,0,vm_00957,pm_0471,0,244,0.074,0.0107,3,True
2,958,0,vm_00958,pm_0120,0,252,0.0736,0.0128,3,True
2,959,0,vm_00959,pm_0048,0,273,0.0768,0.0523,1,True
2,960,0,vm_00960,pm_0105,0,91,0.1187,0.0569,1,True
2,961,0,vm_00961,pm_0508,0,10,0.1162,0.0145,3,True
2,962,0,vm_00962,pm_0638,0,151,0.0404,0.0589,1,True
2,963,0,vm_00963,pm_0407,0,188,0.0362,0.052,1,True
2,964,0,vm_00964,pm_0366,0,163,0.133,0.0498,1,True
3,965,0,vm_00965,pm_0718,0,125,0.1526,0.0149,3,True
3,966,0,vm_00966,pm_0532,0,210,0.0861,0.0708,1,True
3,967,0,vm_00967,pm_0385,0,96,0.053,0.0567,1,True
3,968,0,vm_00968,pm_0559,0,46,0.1151,0.016,3,True
3,969,0,vm_00969,pm_0261,0,223,0.6424,0.0223,2,True
3,970,0,vm_00970,pm_0447,0,56,0.0878,0.0503,1,True
3,971,0,vm_00971,pm_0544,0,74,0.0612,0.0548,1,True
3,972,0,vm_00972,pm_0406,0,253,0.1522,0.0112,3,True
3,973,0,vm_00973,pm_0465,0,150,0.1433,0.0185,3,True
3,974,0,vm_00974,pm_0007,0,58,0.0677,0.0702,1,True
3,975,0,vm_00975,pm_0501,0,85,0.148,0.01,3,True
3,976,0,vm_00976,pm_0617,0,169,0.0962,0.058,1,True
3,977,0,vm_00977,pm_0282,0,145,0.0867,0.0732,1,True
3,978,0,vm_00978,pm_0393,0,32,0.0798,0.0112,3,True
3,979,0,vm_00979,pm_0253,0,2,0.1088,0.0115,3,True
3,980,0,vm_00980,pm_0007,0,283,0.0455,0.0685,1,True
3,981,0,vm_00981,pm_0262,0,256,0.088,0.0522,1,True
3,982,0,vm_00982,pm_0316,0,125,0.4837,0.0168,2,True
3,983,0,vm_00983,pm_0029,0,112,0.0766,0.0745,1,True
3,984,0,vm_00984,pm_0724,0,292,0.0806,0.0136,3,True
3,985,0,vm_00985,pm_0629,0,47,0.0608,0.0534,1,True
3,986,0,vm_00986,pm_0642,0,274,0.1708,0.0141,3,True
3,987,0,vm_00987,pm_0377,0,194,0.031,0.0476,1,True
3,988,0,vm_00988,pm_0333,0,224,0.4002,0.0151,2,True
3,989,0,vm_00989,pm_0007,0,212,0.0601,0.0615,1,True
3,990,0,vm_00990,pm_0394,0,281,0.2162,0.0157,3,True
3,991,0,vm_00991,pm_0567,0,137,0.3911,0.0217,2,True
3,992,0,vm_00992,pm_0320,0,69,0.0828,0.0134,3,True
3,993,0,vm_00993,pm_0275,0,298,0.2954,0.0204,2,True
3,994,0,vm_00994,pm_0287,0,69,0.3021,0.0195,2,True
3,995,0,vm_00995,pm_0041,0,207,0.2738,0.0177,2,True
3,996,0,vm_00996,pm_0520,0,199,0.1871,0.0172,3,True
3,997,0,vm_00997,pm_0007,0,58,0.1507,0.0161,3,True
3,998,0,vm_00998,pm_0738,0,258,0.1062,0.0616,1,True
3,999,0,vm_00999,pm_0507,0,164,0.0336,0.0437,1,True
3,1000,0,vm_01000,pm_0041,0,244,0.1193,0.0105,3,True
3,1001,0,vm_01001,pm_0646,0,83,0.1564,0.0114,3,True
3,1002,0,vm_01002,pm_0690,0,113,0.3607,0.0211,2,True
3,1003,0,vm_01003,pm_0650,0,233,0.6744,0.0248,2,True
3,1004,0,vm_01004,pm_0368,0,261,0.0568,0.0621,1,True
3,1005,0,vm_01005,pm_0472,0,171,0.0302,0.056,1,True
3,1006,0,vm_01006,pm_0709,0,17,0.0835,0.0138,3,True
3,1007,0,vm_01007,pm_0486,0,234,0.0521,0.0633,1,True
3,1008,0,vm_01008,pm_0116,0,156,0.0654,0.0785,1,True
3,1009,0,vm_01009,pm_0375,0,210,0.1925,0.0144,3,True
3,1010,0,vm_01010,pm_0078,0,280,0.5366,0.017,2,True
3,1011,0,vm_01011,pm_0518,0,195,0.2788,0.0159,2,True
3,1012,0,vm_01012,pm_0617,0,114,0.5279,0.0192,2,True
3,1013,0,vm_01013,pm_0237,0,159,0.4001,0.0166,2,True
3,1014,0,vm_01014,pm_0243,0,154,0.0648,0.0713,1,True
3,1015,0,vm_01015,pm_0096,0,50,0.1112,0.0191,3,True
3,1016,0,vm_01016,pm_0335,0,283,0.1267,0.0105,3,True
3,1017,0,vm_01017,pm_0408,0,72,0.2212,0.0179,3,True
3,1018,0,vm_01018,pm_0439,0,109,0.0838,0.0523,1,True
3,1019,0,vm_01019,pm_0053,0,285,0.0511,0.048,1,True
3,1020,0,vm_01020,pm_0648,0,220,0.0612,0.0712,1,True
3,1021,0,vm_01021,pm_0226,0,8,0.2068,0.0173,3,True
3,1022,0,vm_01022,pm_0174,0,81,0.2272,0.0116,3,True
3,1023,0,vm_01023,pm_0079,0,293,0.4251,0.0136,2,True
3,1024,0,vm_01024,pm_0175,0,21,0.1142,0.0138,3,True
3,1025,0,vm_01025,pm_0065,0,98,0.1378,0.0168,3,True
3,1026,0,vm_01026,pm_0522,0,169,0.3539,0.0134,2,True
3,1027,0,vm_01027,pm_0228,0,189,0.0694,0.0617,1,True
3,1028,0,vm_01028,pm_0467,0,105,0.3076,0.0147,2,True
3,1029,0,vm_01029,pm_0585,0,264,0.0421,0.0627,1,True
3,1030,0,vm_01030,pm_0351,0,167,0.0696,0.0542,1,True
3,1031,0,vm_01031,pm_0375,0,112,0.0653,0.0579,1,True
3,1032,0,vm_01032,pm_0165,0,147,0.2014,0.0147,3,True
3,1033,0,vm_01033,pm_0463,0,219,0.0408,0.0594,1,True
3,1034,0,vm_01034,pm_0270,0,32,0.0514,0.0125,3,True
3,1035,0,vm_01035,pm_0552,0,219,0.0876,0.0664,1,True
3,1036,0,vm_01036,pm_0542,0,184,0.0553,0.0684,1,True
3,1037,0,vm_01037,pm_0362,0,192,0.1774,0.016,3,True
3,1038,0,vm_01038,pm_0474,0,179,0.0875,0.0386,1,True
3,1039,0,vm_01039,pm_0406,0,5,0.0834,0.0154,3,True
3,1040,0,vm_01040,pm_0740,0,8,0.616,0.0198,2,True
3,1041,0,vm_01041,pm_0526,0,60,0.0811,0.0529,1,True
3,1042,0,vm_01042,pm_0412,0,162,0.0882,0.0197,3,True
3,1043,0,vm_01043,pm_0564,0,98,0.1163,0.0131,3,True
3,1044,0,vm_01044,pm_0550,0,147,0.0754,0.0603,1,True
3,1045,0,vm_01045,pm_0310,0,57,0.2384,0.0122,3,True
3,1046,0,vm_01046,pm_0767,0,214,0.4312,0.0228,2,True
3,1047,0,vm_01047,pm_0326,0,181,0.0722,0.0141,3,True
3,1048,0,vm_01048,pm_0694,0,34,0.0927,0.0564,1,True
3,1049,0,vm_01049,pm_0660,0,45,0.2478,0.0097,3,True
3,1050,0,vm_01050,pm_0531,0,86,0.1604,0.0184,3,True
3,1051,0,vm_01051,pm_0133,0,3,0.0285,0.0507,1,True
3,1052,0,vm_01052,pm_0545,0,265,0.0618,0.0176,3,True
3,1053,0,vm_01053,pm_0785,0,106,0.3163,0.0205,2,True
3,1054,0,vm_01054,pm_0747,0,74,0.1176,0.0178,3,True
3,1055,0,vm_01055,pm_0051,0,39,0.0743,0.0594,1,True
3,1056,0,vm_01056,pm_0643,0,126,0.1303,0.0074,3,True
3,1057,0,vm_01057,pm_0227,0,182,0.0991,0.0658,1,True
3,1058,0,vm_01058,pm_0682,0,118,0.0566,0.066,1,True
3,1059,0,vm_01059,pm_0161,0,72,0.3345,0.0151,2,True
3,1060,0,vm_01060,pm_0421,0,39,0.0374,0.0571,1,True
3,1061,0,vm_01061,pm_0006,0,203,0.1029,0.0115,3,True
3,1062,0,vm_01062,pm_0421,0,95,0.0836,0.0136,3,True
3,1063,0,vm_01063,pm_0435,0,278,0.1806,0.0141,3,True
3,1064,0,vm_01064,pm_0026,0,142,0.3149,0.0189,2,True
3,1065,0,vm_01065,pm_0654,0,114,0.0401,0.0692,1,True
3,1066,0,vm_01066,pm_0670,0,132,0.2028,0.0119,3,True
3,1067,0,vm_01067,pm_0359,0,167,0.071,0.0161,3,True
3,1068,0,vm_01068,pm_0247,0,244,0.4721,0.0212,2,True
3,1069,0,vm_01069,pm_0683,0,276,0.0336,0.0662,1,True
3,1070,0,vm_01070,pm_0671,0,258,0.1684,0.0158,3,True
3,1071,0,vm_01071,pm_0223,0,45,0.1141,0.0685,1,True
3,1072,0,vm_01072,pm_0378,0,236,0.2088,0.0131,3,True
3,1073,0,vm_01073,pm_0149,0,52,0.0597,0.0768,1,True
3,1074,0,vm_01074,pm_0660,0,147,0.1224,0.011,3,True
3,1075,0,vm_01075,pm_0390,0,186,0.1749,0.017,3,True
3,1076,0,vm_01076,pm_0340,0,20,0.1302,0.0114,3,True
3,1077,0,vm_01077,pm_0146,0,89,0.3029,0.0213,2,True
3,1078,0,vm_01078,pm_0150,0,232,0.1056,0.0508,1,True
3,1079,0,vm_01079,pm_0290,0,214,0.0653,0.0595,1,True
3,1080,0,vm_01080,pm_0083,0,50,0.1297,0.0179,3,True
3,1081,0,vm_01081,pm_0711,0,152,0.0771,0.0148,3,True
3,1082,0,vm_01082,pm_0339,0,115,0.0553,0.0654,1,True
3,1083,0,vm_01083,pm_0746,0,213,0.0969,0.021,3,True
3,1084,0,vm_01084,pm_0315,0,136,0.0541,0.0588,1,True
3,1085,0,vm_01085,pm_0179,0,284,0.0474,0.0647,1,True
3,1086,0,vm_01086,pm_0713,0,70,0.0529,0.0529,1,True
3,1087,0,vm_01087,pm_0232,0,244,0.1433,0.0143,3,True
3,1088,0,vm_01088,pm_0237,0,37,0.5348,0.0166,2,True
3,1089,0,vm_01089,pm_0314,0,215,0.3205,0.015,2,True
3,1090,0,vm_01090,pm_0690,0,126,0.0734,0.0612,1,True
3,1091,0,vm_01091,pm_0461,0,71,0.0542,0.0724,1,True
3,1092,0,vm_01092,pm_0305,0,225,0.199,0.0167,3,True
3,1093,0,vm_01093,pm_0321,0,283,0.0394,0.0773,1,True
3,1094,0,vm_01094,pm_0216,0,245,0.647,0.009,2,True
3,1095,0,vm_01095,pm_0255,0,70,0.0613,0.0525,1,True
3,1096,0,vm_01096,pm_0706,0,194,0.0365,0.0681,1,True
3,1097,0,vm_01097,pm_0643,0,37,0.0598,0.0084,3,True
3,1098,0,vm_01098,pm_0032,0,116,0.0998,0.0611,1,True
3,1099,0,vm_01099,pm_0201,0,237,0.0697,0.0725,1,True
3,1100,0,vm_01100,pm_0772,0,203,0.19,0.0166,3,True
3,1101,0,vm_01101,pm_0217,0,4,0.705,0.0187,2,True
3,1102,0,vm_01102,pm_0606,0,156,0.3591,0.0203,2,True
3,1103,0,vm_01103,pm_0676,0,106,0.087,0.0544,1,True
3,1104,0,vm_01104,pm_0467,0,227,0.168,0.0188,3,True
3,1105,0,vm_01105,pm_0194,0,141,0.3428,0.0218,2,True
3,1106,0,vm_01106,pm_0531,0,171,0.0969,0.0771,1,True
3,1107,0,vm_01107,pm_0349,0,145,0.0876,0.069,1,True
3,1108,0,vm_01108,pm_0391,0,6,0.0798,0.054,1,True
3,1109,0,vm_01109,pm_0548,0,300,0.1292,0.0189,3,True
3,1110,0,vm_01110,pm_0234,0,15,0.1575,0.0144,3,True
3,1111,0,vm_01111,pm_0530,0,36,0.1592,0.0098,3,True
3,1112,0,vm_01112,pm_0323,0,152,0.0563,0.0611,1,True
3,1113,0,vm_01113,pm_0382,0,264,0.0675,0.0122,3,True
3,1114,0,vm_01114,pm_0579,0,182,0.0309,0.0552,1,True
3,1115,0,vm_01115,pm_0050,0,155,0.2312,0.0137,3,True
3,1116,0,vm_01116,pm_0183,0,136,0.0557,0.0572,1,True
3,1117,0,vm_01117,pm_0227,0,89,0.0511,0.0576,1,True
3,1118,0,vm_01118,pm_0030,0,217,0.096,0.0101,3,True
3,1119,0,vm_01119,pm_0742,0,185,0.3938,0.0183,2,True
3,1120,0,vm_01120,pm_0090,0,208,0.1197,0.0134,3,True
3,1121,0,vm_01121,pm_0090,0,50,0.1531,0.012,3,True
3,1122,0,vm_01122,pm_0596,0,287,0.1472,0.0163,3,True
3,1123,0,vm_01123,pm_0237,0,87,0.0287,0.0534,1,True
3,1124,0,vm_01124,pm_0153,0,135,0.0569,0.0665,1,True
3,1125,0,vm_01125,pm_0341,0,157,0.0346,0.0775,1,True
3,1126,0,vm_01126,pm_0610,0,281,0.1534,0.0156,3,True
3,1127,0,vm_01127,pm_0737,0,154,0.5172,0.0127,2,True
3,1128,0,vm_01128,pm_0088,0,219,0.051,0.0602,1,True
3,1129,0,vm_01129,pm_0542,0,166,0.044,0.0705,1,True
3,1130,0,vm_01130,pm_0203,0,178,0.1189,0.0187,3,True
3,1131,0,vm_01131,pm_0554,0,49,0.1841,0.0158,3,True
3,1132,0,vm_01132,pm_0567,0,300,0.1301,0.0144,3,True
3,1133,0,vm_01133,pm_0052,0,86,0.182,0.0124,3,True
3,1134,0,vm_01134,pm_0164,0,32,0.0548,0.0566,1,True
3,1135,0,vm_01135,pm_0008,0,274,0.0603,0.0534,1,True
3,1136,0,vm_01136,pm_0275,0,140,0.0547,0.0563,1,True
3,1137,0,vm_01137,pm_0412,0,205,0.0775,0.0824,1,True
3,1138,0,vm_01138,pm_0385,0,223,0.7345,0.0191,2,True
3,1139,0,vm_01139,pm_0152,0,112,0.0367,0.0545,1,True
3,1140,0,vm_01140,pm_0100,0,277,0.056,0.0575,1,True
3,1141,0,vm_01141,pm_0242,0,4,0.0836,0.015,3,True
3,1142,0,vm_01142,pm_0669,0,211,0.1415,0.0128,3,True
3,1143,0,vm_01143,pm_0559,0,255,0.0451,0.056,1,True
3,1144,0,vm_01144,pm_0762,0,29,0.0667,0.0658,1,True
3,1145,0,vm_01145,pm_0750,0,81,0.0548,0.0591,1,True
3,1146,0,vm_01146,pm_0304,0,235,0.1547,0.0173,3,True
3,1147,0,vm_01147,pm_0342,0,252,0.0766,0.0754,1,True
3,1148,0,vm_01148,pm_0265,0,117,0.0583,0.0608,1,True
3,1149,0,vm_01149,pm_0708,0,29,0.0647,0.0584,1,True
3,1150,0,vm_01150,pm_0734,0,110,0.0652,0.0827,1,True
3,1151,0,vm_01151,pm_0016,0,253,0.1228,0.0158,3,True
3,1152,0,vm_01152,pm_0592,0,198,0.5965,0.0165,2,True
3,1153,0,vm_01153,pm_0690,0,294,0.0396,0.0702,1,True
3,1154,0,vm_01154,pm_0426,0,296,0.0873,0.0645,1,True
3,1155,0,vm_01155,pm_0442,0,286,0.0373,0.0723,1,True
3,1156,0,vm_01156,pm_0094,0,243,0.5247,0.0147,2,True
3,1157,0,vm_01157,pm_0142,0,220,0.1443,0.0121,3,True
3,1158,0,vm_01158,pm_0415,0,155,0.0727,0.0518,1,True
3,1159,0,vm_01159,pm_0061,0,235,0.5033,0.024,2,True
3,1160,0,vm_01160,pm_0172,0,18,0.3892,0.0159,2,True
3,1161,0,vm_01161,pm_0443,0,214,0.0993,0.07,1,True
3,1162,0,vm_01162,pm_0194,0,113,0.1828,0.0148,3,True
3,1163,0,vm_01163,pm_0137,0,199,0.0889,0.0174,3,True
3,1164,0,vm_01164,pm_0612,0,24,0.1468,0.0131,3,True
3,1165,0,vm_01165,pm_0434,0,120,0.09,0.0186,3,True
3,1166,0,vm_01166,pm_0054,0,229,0.1423,0.013,3,True
3,1167,0,vm_01167,pm_0588,0,98,0.073,0.0544,1,True
3,1168,0,vm_01168,pm_0262,0,2,0.1619,0.0085,3,True
3,1169,0,vm_01169,pm_0444,0,260,0.087,0.0629,1,True
3,1170,0,vm_01170,pm_0317,0,253,0.0626,0.0717,1,True
3,1171,0,vm_01171,pm_0340,0,19,0.4599,0.0124,2,True
3,1172,0,vm_01172,pm_0753,0,203,0.0852,0.0183,3,True
3,1173,0,vm_01173,pm_0388,0,293,0.1323,0.0178,3,True
3,1174,0,vm_01174,pm_0757,0,127,0.2087,0.0169,3,True
3,1175,0,vm_01175,pm_0663,0,291,0.3082,0.0101,2,True
3,1176,0,vm_01176,pm_0449,0,173,0.1094,0.0107,3,True
3,1177,0,vm_01177,pm_0121,0,220,0.2079,0.0119,3,True
3,1178,0,vm_01178,pm_0580,0,36,0.1658,0.0147,3,True
3,1179,0,vm_01179,pm_0102,0,148,0.157,0.0142,3,True
3,1180,0,vm_01180,pm_0687,0,91,0.0947,0.0147,3,True
3,1181,0,vm_01181,pm_0405,0,69,0.0781,0.0145,3,True
3,1182,0,vm_01182,pm_0463,0,83,0.4133,0.0155,2,True
3,1183,0,vm_01183,pm_0426,0,204,0.177,0.0198,3,True
3,1184,0,vm_01184,pm_0789,0,266,0.1467,0.0112,3,True
3,1185,0,vm_01185,pm_0656,0,87,0.0253,0.0685,1,True
3,1186,0,vm_01186,pm_0600,0,251,0.0345,0.0587,1,True
3,1187,0,vm_01187,pm_0797,0,210,0.0858,0.016,3,True
3,1188,0,vm_01188,pm_0284,0,30,0.0877,0.016,3,True
3,1189,0,vm_01189,pm_0746,0,60,0.0398,0.0706,1,True
3,1190,0,vm_01190,pm_0300,0,66,0.155,0.0167,3,True
3,1191,0,vm_01191,pm_0166,0,225,0.1661,0.0151,3,True
3,1192,0,vm_01192,pm_0146,0,66,0.0785,0.0668,1,True
3,1193,0,vm_01193,pm_0428,0,127,0.0475,0.0661,1,True
3,1194,0,vm_01194,pm_0117,0,110,0.4066,0.0163,2,True
3,1195,0,vm_01195,pm_0069,0,271,0.091,0.0564,1,True
3,1196,0,vm_01196,pm_0575,0,300,0.0184,0.0573,1,True
3,1197,0,vm_01197,pm_0775,0,33,0.1341,0.0149,3,True
3,1198,0,vm_01198,pm_0466,0,211,0.0837,0.0716,1,True
3,1199,0,vm_01199,pm_0052,0,299,0.0982,0.0196,3,True
3,1200,0,vm_01200,pm_0574,0,124,0.09,0.0676,1,True
3,1201,0,vm_01201,pm_0124,0,102,0.088,0.0143,3,True
3,1202,0,vm_01202,pm_0656,0,205,0.0703,0.0521,1,True
3,1203,0,vm_01203,pm_0228,0,119,0.2978,0.0104,2,True
3,1204,0,vm_01204,pm_0324,0,169,0.354,0.018,2,True
3,1205,0,vm_01205,pm_0125,0,34,0.109,0.0162,3,True
3,1206,0,vm_01206,pm_0266,0,245,0.0646,0.0525,1,True
3,1207,0,vm_01207,pm_0506,0,57,0.0835,0.0616,1,True
3,1208,0,vm_01208,pm_0642,0,140,0.063,0.0692,1,True
3,1209,0,vm_01209,pm_0342,0,110,0.1228,0.0108,3,True
3,1210,0,vm_01210,pm_0280,0,162,0.0973,0.0731,1,True
3,1211,0,vm_01211,pm_0729,0,110,0.1625,0.0174,3,True
3,1212,0,vm_01212,pm_0416,0,151,0.1396,0.0174,3,True
3,1213,0,vm_01213,pm_0206,0,64,0.0388,0.0617,1,True
3,1214,0,vm_01214,pm_0703,0,105,0.075,0.0512,1,True
3,1215,0,vm_01215,pm_0289,0,215,0.0621,0.0385,1,True
3,1216,0,vm_01216,pm_0105,0,90,0.0527,0.0461,1,True
3,1217,0,vm_01217,pm_0022,0,25,0.2823,0.0155,2,True
3,1218,0,vm_01218,pm_0537,0,156,0.4577,0.0106,2,True
3,1219,0,vm_01219,pm_0703,0,71,0.0525,0.0615,1,True
3,1220,0,vm_01220,pm_0246,0,43,0.2112,0.0169,3,True
3,1221,0,vm_01221,pm_0490,0,89,0.1411,0.011,3,True
3,1222,0,vm_01222,pm_0617,0,132,0.3258,0.0175,2,True
3,1223,0,vm_01223,pm_0215,0,160,0.2904,0.0106,2,True
3,1224,0,vm_01224,pm_0013,0,231,0.0972,0.0144,3,True
3,1225,0,vm_01225,pm_0544,0,260,0.067,0.0816,1,True
3,1226,0,vm_01226,pm_0690,0,110,0.4256,0.0151,2,True
3,1227,0,vm_01227,pm_0111,0,163,0.3454,0.0209,2,True
3,1228,0,vm_01228,pm_0588,0,76,0.1537,0.0127,3,True
3,1229,0,vm_01229,pm_0366,0,208,0.1247,0.0091,3,True
3,1230,0,vm_01230,pm_0150,0,12,0.0567,0.0547,1,True
3,1231,0,vm_01231,pm_0781,0,57,0.0893,0.0381,1,True
3,1232,0,vm_01232,pm_0106,0,35,0.0521,0.0737,1,True
3,1233,0,vm_01233,pm_0614,0,24,0.0746,0.0637,1,True
3,1234,0,vm_01234,pm_0522,0,33,0.0556,0.0644,1,True
3,1235,0,vm_01235,pm_0678,0,139,0.0841,0.0683,1,True
3,1236,0,vm_01236,pm_0351,0,274,0.5324,0.014,2,True
3,1237,0,vm_01237,pm_0501,0,221,0.0334,0.0561,1,True
3,1238,0,vm_01238,pm_0396,0,36,0.3684,0.0115,2,True
3,1239,0,vm_01239,pm_0392,0,128,0.1916,0.0136,3,True
3,1240,0,vm_01240,pm_0719,0,217,0.131,0.0131,3,True
3,1241,0,vm_01241,pm_0115,0,247,0.0711,0.0548,1,True
3,1242,0,vm_01242,pm_0424,0,110,0.0911,0.0158,3,True
3,1243,0,vm_01243,pm_0791,0,219,0.1522,0.0128,3,True
3,1244,0,vm_01244,pm_0387,0,195,0.0648,0.0591,1,True
3,1245,0,vm_01245,pm_0096,0,146,0.052,0.07,1,True
3,1246,0,vm_01246,pm_0643,0,39,0.1649,0.0147,3,True
3,1247,0,vm_01247,pm_0398,0,133,0.1157,0.0098,3,True
3,1248,0,vm_01248,pm_0399,0,190,0.137,0.0079,3,True
4,1249,0,vm_01249,pm_0223,0,162,0.5565,0.0197,2,True
4,1250,0,vm_01250,pm_0502,0,60,0.0504,0.0635,1,True
4,1251,0,vm_01251,pm_0066,0,4,0.041,0.0543,1,True
4,1252,0,vm_01252,pm_0073,0,36,0.0929,0.0499,1,True
4,1253,0,vm_01253,pm_0307,0,216,0.5637,0.0159,2,True
4,1254,0,vm_01254,pm_0141,0,224,0.1772,0.013,3,True
4,1255,0,vm_01255,pm_0405,0,215,0.0636,0.0147,3,True
4,1256,0,vm_01256,pm_0720,0,138,0.1158,0.0081,3,True
4,1257,0,vm_01257,pm_0293,0,105,0.1141,0.0443,1,True
4,1258,0,vm_01258,pm_0789,0,98,0.1369,0.0159,3,True
4,1259,0,vm_01259,pm_0634,0,167,0.1258,0.0107,3,True
4,1260,0,vm_01260,pm_0617,0,263,0.042,0.0144,3,True
4,1261,0,vm_01261,pm_0150,0,86,0.116,0.0114,3,True
4,1262,0,vm_01262,pm_0310,0,83,0.1852,0.0121,3,True
4,1263,0,vm_01263,pm_0737,0,223,0.1641,0.0106,3,True
4,1264,0,vm_01264,pm_0264,0,10,0.1782,0.0076,3,True
4,1265,0,vm_01265,pm_0736,0,185,0.0825,0.0705,1,True
4,1266,0,vm_01266,pm_0516,0,230,0.087,0.0165,3,True
4,1267,0,vm_01267,pm_0568,0,140,0.1467,0.0169,3,True
4,1268,0,vm_01268,pm_0363,0,105,0.1876,0.0085,3,True
4,1269,0,vm_01269,pm_0078,0,252,0.1012,0.0141,3,True
4,1270,0,vm_01270,pm_0647,0,48,0.0972,0.0153,3,True
4,1271,0,vm_01271,pm_0101,0,262,0.0513,0.0545,1,True
4,1272,0,vm_01272,pm_0608,0,204,0.0622,0.0688,1,True
4,1273,0,vm_01273,pm_0004,0,50,0.2355,0.0153,3,True
4,1274,0,vm_01274,pm_0284,0,174,0.6715,0.0232,2,True
4,1275,0,vm_01275,pm_0767,0,224,0.0489,0.0648,1,True
4,1276,0,vm_01276,pm_0781,0,260,0.0856,0.0551,1,True
4,1277,0,vm_01277,pm_0284,0,221,0.1637,0.0084,3,True
4,1278,0,vm_01278,pm_0066,0,222,0.2021,0.0131,3,True
4,1279,0,vm_01279,pm_0467,0,268,0.0503,0.0539,1,True
4,1280,0,vm_01280,pm_0775,0,297,0.108,0.0157,3,True
4,1281,0,vm_01281,pm_0359,0,73,0.1515,0.016,3,True
4,1282,0,vm_01282,pm_0210,0,113,0.1837,0.0208,3,True
4,1283,0,vm_01283,pm_0039,0,218,0.1063,0.0148,3,True
4,1284,0,vm_01284,pm_0033,0,53,0.1047,0.0537,1,True
4,1285,0,vm_01285,pm_0323,0,199,0.1028,0.0092,3,True
4,1286,0,vm_01286,pm_0060,0,130,0.3367,0.0221,2,True
4,1287,0,vm_01287,pm_0038,0,191,0.1501,0.0184,3,True
4,1288,0,vm_01288,pm_0379,0,178,0.1814,0.0135,3,True
4,1289,0,vm_01289,pm_0170,0,286,0.0773,0.0702,1,True
4,1290,0,vm_01290,pm_0324,0,239,0.0291,0.0568,1,True
4,1291,0,vm_01291,pm_0524,0,244,0.0523,0.0865,1,True
4,1292,0,vm_01292,pm_0712,0,116,0.3154,0.0149,2,True
4,1293,0,vm_01293,pm_0613,0,207,0.1003,0.0126,3,True
4,1294,0,vm_01294,pm_0441,0,211,0.0594,0.0528,1,True
4,1295,0,vm_01295,pm_0179,0,258,0.0403,0.0403,1,True
4,1296,0,vm_01296,pm_0648,0,162,0.152,0.0091,3,True
4,1297,0,vm_01297,pm_0246,0,225,0.0965,0.0169,3,True
4,1298,0,vm_01298,pm_0509,0,63,0.5027,0.0202,2,True
4,1299,0,vm_01299,pm_0605,0,245,0.086,0.0145,3,True
4,1300,0,vm_01300,pm_0001,0,17,0.1389,0.0132,3,True
4,1301,0,vm_01301,pm_0662,0,33,0.2046,0.0179,3,True
4,1302,0,vm_01302,pm_0543,0,180,0.4858,0.009,2,True
4,1303,0,vm_01303,pm_0676,0,193,0.121,0.0098,3,True
4,1304,0,vm_01304,pm_0211,0,191,0.3987,0.0163,2,True
4,1305,0,vm_01305,pm_0700,0,66,0.4771,0.0244,2,True
4,1306,0,vm_01306,pm_0270,0,208,0.0472,0.0683,1,True
4,1307,0,vm_01307,pm_0563,0,166,0.0577,0.0725,1,True
4,1308,0,vm_01308,pm_0773,0,245,0.1527,0.0135,3,True
4,1309,0,vm_01309,pm_0456,0,244,0.0318,0.0695,1,True
4,1310,0,vm_01310,pm_0086,0,165,0.6489,0.0178,2,True
4,1311,0,vm_01311,pm_0236,0,295,0.1462,0.0137,3,True
4,1312,0,vm_01312,pm_0612,0,210,0.0506,0.0577,1,True
4,1313,0,vm_01313,pm_0732,0,132,0.0693,0.0521,1,True
4,1314,0,vm_01314,pm_0657,0,196,0.1298,0.0145,3,True
4,1315,0,vm_01315,pm_0369,0,48,0.4699,0.0093,2,True
4,1316,0,vm_01316,pm_0555,0,63,0.1109,0.0159,3,True
4,1317,0,vm_01317,pm_0502,0,111,0.0755,0.0122,3,True
4,1318,0,vm_01318,pm_0313,0,184,0.044,0.0508,1,True
4,1319,0,vm_01319,pm_0252,0,103,0.3268,0.0221,2,True
4,1320,0,vm_01320,pm_0117,0,212,0.0593,0.0683,1,True
4,1321,0,vm_01321,pm_0077,0,4,0.2142,0.0117,3,True
4,1322,0,vm_01322,pm_0095,0,118,0.1128,0.0193,3,True
4,1323,0,vm_01323,pm_0006,0,248,0.0337,0.0679,1,True
4,1324,0,vm_01324,pm_0695,0,166,0.1435,0.0176,3,True
4,1325,0,vm_01325,pm_0666,0,241,0.0919,0.0602,1,True
4,1326,0,vm_01326,pm_0236,0,279,0.1659,0.0063,3,True
4,1327,0,vm_01327,pm_0632,0,237,0.1624,0.0103,3,True
4,1328,0,vm_01328,pm_0115,0,204,0.0971,0.0174,3,True
4,1329,0,vm_01329,pm_0642,0,0,0.0755,0.0512,1,True
4,1330,0,vm_01330,pm_0368,0,170,0.0714,0.0779,1,True
4,1331,0,vm_01331,pm_0759,0,166,0.4934,0.009,2,True
4,1332,0,vm_01332,pm_0622,0,257,0.0721,0.0693,1,True
4,1333,0,vm_01333,pm_0241,0,62,0.1705,0.0151,3,True
4,1334,0,vm_01334,pm_0009,0,271,0.0766,0.0121,3,True
4,1335,0,vm_01335,pm_0535,0,36,0.0627,0.0788,1,True
4,1336,0,vm_01336,pm_0725,0,15,0.0619,0.0614,1,True
4,1337,0,vm_01337,pm_0214,0,253,0.2359,0.0148,3,True
4,1338,0,vm_01338,pm_0771,0,26,0.0634,0.0604,1,True
4,1339,0,vm_01339,pm_0245,0,110,0.1047,0.0671,1,True
4,1340,0,vm_01340,pm_0440,0,232,0.1338,0.0136,3,True
4,1341,0,vm_01341,pm_0456,0,63,0.1573,0.0165,3,True
4,1342,0,vm_01342,pm_0618,0,96,0.3433,0.011,2,True
4,1343,0,vm_01343,pm_0138,0,266,0.0993,0.0116,3,True
4,1344,0,vm_01344,pm_0201,0,231,0.0449,0.0578,1,True
4,1345,0,vm_01345,pm_0280,0,47,0.1027,0.0584,1,True
4,1346,0,vm_01346,pm_0242,0,209,0.1368,0.0138,3,True
4,1347,0,vm_01347,pm_0780,0,75,0.1556,0.0148,3,True
4,1348,0,vm_01348,pm_0290,0,246,0.1002,0.063,1,True
4,1349,0,vm_01349,pm_0411,0,67,0.1764,0.0105,3,True
4,1350,0,vm_01350,pm_0714,0,63,0.1322,0.0148,3,True
4,1351,0,vm_01351,pm_0432,0,181,0.0696,0.0597,1,True
4,1352,0,vm_01352,pm_0792,0,79,0.0865,0.0646,1,True
4,1353,0,vm_01353,pm_0607,0,202,0.3382,0.0153,2,True
4,1354,0,vm_01354,pm_0043,0,181,0.0587,0.0648,1,True
4,1355,0,vm_01355,pm_0297,0,213,0.0612,0.0474,1,True
4,1356,0,vm_01356,pm_0309,0,119,0.0766,0.0135,3,True
4,1357,0,vm_01357,pm_0039,0,240,0.0463,0.0759,1,True
4,1358,0,vm_01358,pm_0151,0,201,0.141,0.0095,3,True
4,1359,0,vm_01359,pm_0265,0,291,0.1861,0.0149,3,True
4,1360,0,vm_01360,pm_0796,0,53,0.1583,0.0166,3,True
4,1361,0,vm_01361,pm_0059,0,144,0.1,0.0143,3,True
4,1362,0,vm_01362,pm_0231,0,85,0.0771,0.0159,3,True
4,1363,0,vm_01363,pm_0072,0,21,0.0421,0.0657,1,True
4,1364,0,vm_01364,pm_0357,0,291,0.0493,0.0643,1,True
4,1365,0,vm_01365,pm_0010,0,235,0.2633,0.0132,3,True
4,1366,0,vm_01366,pm_0461,0,28,0.0639,0.0556,1,True
4,1367,0,vm_01367,pm_0022,0,182,0.1735,0.0102,3,True
4,1368,0,vm_01368,pm_0380,0,159,0.1618,0.0095,3,True
4,1369,0,vm_01369,pm_0783,0,17,0.536,0.0149,2,True
4,1370,0,vm_01370,pm_0746,0,37,0.1669,0.0175,3,True
4,1371,0,vm_01371,pm_0616,0,100,0.0326,0.0662,1,True
4,1372,0,vm_01372,pm_0130,0,289,0.1228,0.0135,3,True
4,1373,0,vm_01373,pm_0463,0,172,0.0435,0.0528,1,True
4,1374,0,vm_01374,pm_0777,0,66,0.1321,0.0183,3,True
4,1375,0,vm_01375,pm_0788,0,190,0.0545,0.0564,1,True
4,1376,0,vm_01376,pm_0170,0,42,0.1394,0.017,3,True
4,1377,0,vm_01377,pm_0561,0,122,0.0983,0.0147,3,True
4,1378,0,vm_01378,pm_0613,0,277,0.0871,0.0596,1,True
4,1379,0,vm_01379,pm_0438,0,195,0.1094,0.0104,3,True
4,1380,0,vm_01380,pm_0660,0,124,0.5018,0.0138,2,True
4,1381,0,vm_01381,pm_0565,0,95,0.0472,0.0501,1,True
4,1382,0,vm_01382,pm_0068,0,156,0.0577,0.0886,1,True
4,1383,0,vm_01383,pm_0518,0,39,0.0876,0.0515,1,True
4,1384,0,vm_01384,pm_0417,0,172,0.0953,0.0127,3,True
4,1385,0,vm_01385,pm_0418,0,172,0.1873,0.0122,3,True
4,1386,0,vm_01386,pm_0208,0,119,0.1105,0.0174,3,True
4,1387,0,vm_01387,pm_0441,0,272,0.0721,0.0515,1,True
4,1388,0,vm_01388,pm_0545,0,260,0.0866,0.0628,1,True
4,1389,0,vm_01389,pm_0419,0,280,0.0536,0.0501,1,True
4,1390,0,vm_01390,pm_0315,0,123,0.4419,0.0241,2,True
4,1391,0,vm_01391,pm_0481,0,277,0.0825,0.0581,1,True
4,1392,0,vm_01392,pm_0225,0,92,0.3941,0.0158,2,True
4,1393,0,vm_01393,pm_0645,0,34,0.1484,0.006,3,True
4,1394,0,vm_01394,pm_0630,0,127,0.0775,0.0522,1,True
4,1395,0,vm_01395,pm_0445,0,19,0.5389,0.0177,2,True
4,1396,0,vm_01396,pm_0121,0,260,0.198,0.0122,3,True
4,1397,0,vm_01397,pm_0641,0,166,0.1915,0.015,3,True
4,1398,0,vm_01398,pm_0446,0,235,0.5291,0.0176,2,True
4,1399,0,vm_01399,pm_0715,0,31,0.0431,0.0406,1,True
4,1400,0,vm_01400,pm_0567,0,230,0.0766,0.0604,1,True
4,1401,0,vm_01401,pm_0128,0,190,0.0765,0.0528,1,True
4,1402,0,vm_01402,pm_0393,0,144,0.2442,0.0124,3,True
4,1403,0,vm_01403,pm_0372,0,100,0.1931,0.0163,3,True
4,1404,0,vm_01404,pm_0453,0,78,0.0927,0.0171,3,True
4,1405,0,vm_01405,pm_0791,0,159,0.1226,0.0132,3,True
4,1406,0,vm_01406,pm_0198,0,254,0.4958,0.0173,2,True
4,1407,0,vm_01407,pm_0122,0,278,0.0649,0.0701,1,True
4,1408,0,vm_01408,pm_0767,0,187,0.1713,0.0106,3,True
4,1409,0,vm_01409,pm_0087,0,209,0.0591,0.0689,1,True
4,1410,0,vm_01410,pm_0315,0,240,0.0433,0.0583,1,True
4,1411,0,vm_01411,pm_0628,0,55,0.0895,0.0618,1,True
4,1412,0,vm_01412,pm_0091,0,136,0.2655,0.0095,3,True
4,1413,0,vm_01413,pm_0796,0,105,0.125,0.0098,3,True
4,1414,0,vm_01414,pm_0466,0,68,0.3154,0.0178,2,True
4,1415,0,vm_01415,pm_0290,0,189,0.1475,0.0168,3,True
4,1416,0,vm_01416,pm_0611,0,191,0.0367,0.0639,1,True
4,1417,0,vm_01417,pm_0408,0,277,0.2076,0.0176,3,True
4,1418,0,vm_01418,pm_0165,0,31,0.0623,0.0506,1,True
4,1419,0,vm_01419,pm_0641,0,174,0.0683,0.0524,1,True
4,1420,0,vm_01420,pm_0134,0,257,0.0935,0.0574,1,True
4,1421,0,vm_01421,pm_0321,0,122,0.2168,0.0125,3,True
4,1422,0,vm_01422,pm_0289,0,84,0.3629,0.0175,2,True
4,1423,0,vm_01423,pm_0480,0,215,0.3457,0.0132,2,True
4,1424,0,vm_01424,pm_0434,0,215,0.0636,0.0417,1,True
4,1425,0,vm_01425,pm_0021,0,13,0.0656,0.0683,1,True
4,1426,0,vm_01426,pm_0072,0,36,0.2386,0.0123,3,True
4,1427,0,vm_01427,pm_0726,0,26,0.1239,0.0106,3,True
4,1428,0,vm_01428,pm_0002,0,151,0.3113,0.0136,2,True
4,1429,0,vm_01429,pm_0098,0,63,0.3006,0.0135,2,True
4,1430,0,vm_01430,pm_0577,0,69,0.4929,0.0202,2,True
4,1431,0,vm_01431,pm_0030,0,153,0.0882,0.0426,1,True
4,1432,0,vm_01432,pm_0660,0,252,0.0745,0.006,3,True
4,1433,0,vm_01433,pm_0387,0,270,0.0517,0.0679,1,True
4,1434,0,vm_01434,pm_0230,0,28,0.1096,0.0147,3,True
4,1435,0,vm_01435,pm_0552,0,73,0.1868,0.0101,3,True
4,1436,0,vm_01436,pm_0073,0,283,0.0772,0.0391,1,True
4,1437,0,vm_01437,pm_0497,0,58,0.0915,0.0186,3,True
4,1438,0,vm_01438,pm_0727,0,242,0.0828,0.0114,3,True
4,1439,0,vm_01439,pm_0214,0,148,0.3543,0.0112,2,True
4,1440,0,vm_01440,pm_0151,0,9,0.0675,0.0623,1,True
4,1441,0,vm_01441,pm_0244,0,131,0.3079,0.0179,2,True
4,1442,0,vm_01442,pm_0095,0,61,0.15,0.01,3,True
4,1443,0,vm_01443,pm_0045,0,261,0.1548,0.0132,3,True
4,1444,0,vm_01444,pm_0748,0,217,0.3898,0.0176,2,True
4,1445,0,vm_01445,pm_0345,0,231,0.0527,0.0644,1,True
4,1446,0,vm_01446,pm_0540,0,71,0.307,0.0199,2,True
4,1447,0,vm_01447,pm_0476,0,15,0.4332,0.017,2,True
4,1448,0,vm_01448,pm_0573,0,37,0.1636,0.0166,3,True
4,1449,0,vm_01449,pm_0770,0,176,0.0408,0.0725,1,True
4,1450,0,vm_01450,pm_0766,0,82,0.0403,0.0749,1,True
4,1451,0,vm_01451,pm_0179,0,16,0.1536,0.0141,3,True
4,1452,0,vm_01452,pm_0503,0,155,0.1377,0.0167,3,True
4,1453,0,vm_01453,pm_0524,0,171,0.1231,0.0665,1,True
4,1454,0,vm_01454,pm_0453,0,69,0.0848,0.0654,1,True
4,1455,0,vm_01455,pm_0673,0,70,0.0866,0.0544,1,True
4,1456,0,vm_01456,pm_0169,0,254,0.0525,0.0513,1,True
4,1457,0,vm_01457,pm_0758,0,130,0.1525,0.0125,3,True
4,1458,0,vm_01458,pm_0780,0,48,0.3748,0.0201,2,True
4,1459,0,vm_01459,pm_0024,0,20,0.1205,0.0081,3,True
4,1460,0,vm_01460,pm_0488,0,219,0.1472,0.018,3,True
4,1461,0,vm_01461,pm_0126,0,186,0.1889,0.0149,3,True
4,1462,0,vm_01462,pm_0538,0,31,0.1239,0.0164,3,True
4,1463,0,vm_01463,pm_0293,0,202,0.0568,0.0575,1,True
4,1464,0,vm_01464,pm_0508,0,275,0.0541,0.0474,1,True
4,1465,0,vm_01465,pm_0532,0,241,0.1001,0.0117,3,True
4,1466,0,vm_01466,pm_0712,0,15,0.0503,0.0858,1,True
4,1467,0,vm_01467,pm_0632,0,172,0.3762,0.0217,2,True
4,1468,0,vm_01468,pm_0071,0,136,0.0618,0.0534,1,True
4,1469,0,vm_01469,pm_0742,0,178,0.282,0.0147,2,True
4,1470,0,vm_01470,pm_0079,0,60,0.081,0.0536,1,True
4,1471,0,vm_01471,pm_0641,0,103,0.0865,0.0568,1,True
4,1472,0,vm_01472,pm_0670,0,194,0.3906,0.0184,2,True
4,1473,0,vm_01473,pm_0577,0,255,0.0957,0.0642,1,True
4,1474,0,vm_01474,pm_0176,0,75,0.1563,0.0101,3,True
4,1475,0,vm_01475,pm_0453,0,270,0.1536,0.0094,3,True
4,1476,0,vm_01476,pm_0156,0,180,0.1778,0.0143,3,True
4,1477,0,vm_01477,pm_0379,0,131,0.0536,0.0661,1,True
4,1478,0,vm_01478,pm_0499,0,150,0.0634,0.0619,1,True
4,1479,0,vm_01479,pm_0732,0,154,0.2063,0.0136,3,True
4,1480,0,vm_01480,pm_0180,0,234,0.0709,0.0752,1,True
4,1481,0,vm_01481,pm_0290,0,247,0.3733,0.0171,2,True
4,1482,0,vm_01482,pm_0373,0,164,0.0824,0.0559,1,True
4,1483,0,vm_01483,pm_0696,0,204,0.0702,0.0706,1,True
4,1484,0,vm_01484,pm_0472,0,164,0.4148,0.0168,2,True
4,1485,0,vm_01485,pm_0330,0,212,0.5914,0.0107,2,True
4,1486,0,vm_01486,pm_0555,0,253,0.0536,0.052,1,True
4,1487,0,vm_01487,pm_0739,0,156,0.1623,0.0114,3,True
4,1488,0,vm_01488,pm_0278,0,176,0.1203,0.0151,3,True
4,1489,0,vm_01489,pm_0007,0,74,0.0888,0.0099,3,True
4,1490,0,vm_01490,pm_0630,0,177,0.0489,0.0543,1,True
4,1491,0,vm_01491,pm_0203,0,283,0.3162,0.0211,2,True
4,1492,0,vm_01492,pm_0768,0,132,0.4547,0.0135,2,True
4,1493,0,vm_01493,pm_0440,0,124,0.0684,0.0778,1,True
4,1494,0,vm_01494,pm_0710,0,126,0.0783,0.0714,1,True
4,1495,0,vm_01495,pm_0440,0,224,0.0971,0.0538,1,True
4,1496,0,vm_01496,pm_0716,0,16,0.07,0.0727,1,True
4,1497,0,vm_01497,pm_0329,0,245,0.0832,0.069,1,True
4,1498,0,vm_01498,pm_0266,0,136,0.0373,0.053,1,True
4,1499,0,vm_01499,pm_0289,0,216,0.0781,0.0434,1,True
4,1500,0,vm_01500,pm_0725,0,195,0.0418,0.07,1,True
4,1501,0,vm_01501,pm_0404,0,200,0.0653,0.0513,1,True
4,1502,0,vm_01502,pm_0221,0,206,0.0662,0.0613,1,True
4,1503,0,vm_01503,pm_0705,0,15,0.0429,0.0681,1,True
4,1504,0,vm_01504,pm_0356,0,12,0.181,0.0116,3,True
4,1505,0,vm_01505,pm_0197,0,77,0.1119,0.0092,3,True
4,1506,0,vm_01506,pm_0039,0,213,0.0976,0.0684,1,True
4,1507,0,vm_01507,pm_0609,0,118,0.1612,0.0121,3,True
4,1508,0,vm_01508,pm_0410,0,180,0.1377,0.0113,3,True
4,1509,0,vm_01509,pm_0121,0,136,0.06,0.0718,1,True
4,1510,0,vm_01510,pm_0500,0,178,0.2364,0.0153,3,True
4,1511,0,vm_01511,pm_0179,0,207,0.3744,0.0215,2,True
5,1512,0,vm_01512,pm_0112,0,53,0.1635,0.0112,3,True
5,1513,0,vm_01513,pm_0302,0,78,0.541,0.0174,2,True
5,1514,0,vm_01514,pm_0726,0,270,0.11,0.0108,3,True
5,1515,0,vm_01515,pm_0552,0,117,0.1054,0.06,1,True
5,1516,0,vm_01516,pm_0703,0,105,0.1066,0.0133,3,True
5,1517,0,vm_01517,pm_0617,0,104,0.073,0.0643,1,True
5,1518,0,vm_01518,pm_0530,0,117,0.1389,0.0119,3,True
5,1519,0,vm_01519,pm_0642,0,228,0.1399,0.0161,3,True
5,1520,0,vm_01520,pm_0364,0,147,0.0912,0.0616,1,True
5,1521,0,vm_01521,pm_0731,0,149,0.0803,0.0188,3,True
5,1522,0,vm_01522,pm_0566,0,255,0.3601,0.0133,2,True
5,1523,0,vm_01523,pm_0551,0,81,0.0903,0.0554,1,True
5,1524,0,vm_01524,pm_0393,0,15,0.1058,0.0155,3,True
5,1525,0,vm_01525,pm_0682,0,192,0.0957,0.0162,3,True
5,1526,0,vm_01526,pm_0207,0,210,0.0877,0.0664,1,True
5,1527,0,vm_01527,pm_0394,0,73,0.0492,0.0717,1,True
5,1528,0,vm_01528,pm_0587,0,276,0.1622,0.0186,3,True
5,1529,0,vm_01529,pm_0029,0,60,0.0888,0.0153,3,True
5,1530,0,vm_01530,pm_0571,0,23,0.3141,0.0152,2,True
5,1531,0,vm_01531,pm_0305,0,22,0.0959,0.0096,3,True
5,1532,0,vm_01532,pm_0376,0,257,0.0732,0.0762,1,True
5,1533,0,vm_01533,pm_0421,0,197,0.5606,0.0101,2,True
5,1534,0,vm_01534,pm_0292,0,52,0.074,0.0676,1,True
5,1535,0,vm_01535,pm_0473,0,138,0.4207,0.0112,2,True
5,1536,0,vm_01536,pm_0639,0,270,0.1361,0.0146,3,True
5,1537,0,vm_01537,pm_0641,0,200,0.05,0.0728,1,True
5,1538,0,vm_01538,pm_0766,0,163,0.0816,0.0437,1,True
5,1539,0,vm_01539,pm_0332,0,91,0.0751,0.08,1,True
5,1540,0,vm_01540,pm_0488,0,22,0.4098,0.0143,2,True
5,1541,0,vm_01541,pm_0201,0,87,0.0754,0.0676,1,True
5,1542,0,vm_01542,pm_0082,0,181,0.1461,0.0142,3,True
5,1543,0,vm_01543,pm_0061,0,282,0.0982,0.0395,1,True
5,1544,0,vm_01544,pm_0083,0,20,0.1298,0.0116,3,True
5,1545,0,vm_01545,pm_0374,0,48,0.1664,0.0114,3,True
5,1546,0,vm_01546,pm_0672,0,189,0.5853,0.0165,2,True
5,1547,0,vm_01547,pm_0428,0,204,0.5551,0.0196,2,True
5,1548,0,vm_01548,pm_0470,0,43,0.2033,0.0105,3,True
5,1549,0,vm_01549,pm_0671,0,299,0.1568,0.0123,3,True
5,1550,0,vm_01550,pm_0324,0,127,0.0387,0.0584,1,True
5,1551,0,vm_01551,pm_0022,0,188,0.0787,0.0714,1,True
5,1552,0,vm_01552,pm_0629,0,169,0.0699,0.0141,3,True
5,1553,0,vm_01553,pm_0081,0,278,0.1562,0.0209,3,True
5,1554,0,vm_01554,pm_0191,0,200,0.0716,0.0497,1,True
5,1555,0,vm_01555,pm_0433,0,124,0.0668,0.013,3,True
5,1556,0,vm_01556,pm_0560,0,291,0.0449,0.0573,1,True
5,1557,0,vm_01557,pm_0677,0,15,0.0558,0.0589,1,True
5,1558,0,vm_01558,pm_0022,0,273,0.0879,0.0639,1,True
5,1559,0,vm_01559,pm_0216,0,293,0.3808,0.0112,2,True
5,1560,0,vm_01560,pm_0515,0,19,0.4725,0.0225,2,True
5,1561,0,vm_01561,pm_0406,0,18,0.1619,0.0156,3,True
5,1562,0,vm_01562,pm_0515,0,12,0.039,0.0731,1,True
5,1563,0,vm_01563,pm_0189,0,16,0.1361,0.0184,3,True
5,1564,0,vm_01564,pm_0041,0,205,0.0551,0.0541,1,True
5,1565,0,vm_01565,pm_0434,0,29,0.5018,0.0128,2,True
5,1566,0,vm_01566,pm_0281,0,298,0.099,0.0177,3,True
5,1567,0,vm_01567,pm_0505,0,42,0.098,0.0543,1,True
5,1568,0,vm_01568,pm_0003,0,92,0.0896,0.0635,1,True
5,1569,0,vm_01569,pm_0237,0,65,0.0503,0.0537,1,True
5,1570,0,vm_01570,pm_0488,0,118,0.1698,0.0156,3,True
5,1571,0,vm_01571,pm_0633,0,71,0.0556,0.0841,1,True
5,1572,0,vm_01572,pm_0462,0,161,0.1227,0.016,3,True
5,1573,0,vm_01573,pm_0747,0,268,0.1477,0.014,3,True
5,1574,0,vm_01574,pm_0281,0,217,0.1666,0.0137,3,True
5,1575,0,vm_01575,pm_0656,0,253,0.3854,0.0175,2,True
5,1576,0,vm_01576,pm_0357,0,58,0.0623,0.0585,1,True
5,1577,0,vm_01577,pm_0362,0,31,0.102,0.0139,3,True
5,1578,0,vm_01578,pm_0532,0,119,0.3617,0.0129,2,True
5,1579,0,vm_01579,pm_0123,0,1,0.1196,0.0129,3,True
5,1580,0,vm_01580,pm_0727,0,117,0.0826,0.0152,3,True
5,1581,0,vm_01581,pm_0180,0,36,0.1812,0.0127,3,True
5,1582,0,vm_01582,pm_0537,0,96,0.0389,0.0528,1,True
5,1583,0,vm_01583,pm_0761,0,256,0.087,0.0617,1,True
5,1584,0,vm_01584,pm_0604,0,127,0.1802,0.0132,3,True
5,1585,0,vm_01585,pm_0078,0,155,0.0573,0.062,1,True
5,1586,0,vm_01586,pm_0638,0,144,0.0983,0.0572,1,True
5,1587,0,vm_01587,pm_0301,0,56,0.1093,0.0148,3,True
5,1588,0,vm_01588,pm_0049,0,69,0.2443,0.0091,3,True
5,1589,0,vm_01589,pm_0510,0,43,0.0669,0.0162,3,True
5,1590,0,vm_01590,pm_0086,0,211,0.1147,0.0149,3,True
5,1591,0,vm_01591,pm_0204,0,174,0.0662,0.0769,1,True
5,1592,0,vm_01592,pm_0674,0,140,0.0745,0.0595,1,True
5,1593,0,vm_01593,pm_0644,0,75,0.1282,0.0228,3,True
5,1594,0,vm_01594,pm_0335,0,157,0.0435,0.0478,1,True
5,1595,0,vm_01595,pm_0260,0,84,0.0641,0.062,1,True
5,1596,0,vm_01596,pm_0030,0,17,0.0519,0.0512,1,True
5,1597,0,vm_01597,pm_0594,0,283,0.0903,0.0689,1,True
5,1598,0,vm_01598,pm_0603,0,41,0.1783,0.0146,3,True
5,1599,0,vm_01599,pm_0536,0,133,0.4644,0.0163,2,True
5,1600,0,vm_01600,pm_0797,0,101,0.1666,0.016,3,True
5,1601,0,vm_01601,pm_0401,0,136,0.067,0.066,1,True
5,1602,0,vm_01602,pm_0021,0,221,0.1679,0.0155,3,True
5,1603,0,vm_01603,pm_0095,0,228,0.1557,0.0077,3,True
5,1604,0,vm_01604,pm_0526,0,293,0.0636,0.0702,1,True
5,1605,0,vm_01605,pm_0345,0,118,0.0806,0.0388,1,True
5,1606,0,vm_01606,pm_0473,0,98,0.0962,0.0585,1,True
5,1607,0,vm_01607,pm_0317,0,158,0.1839,0.0123,3,True
5,1608,0,vm_01608,pm_0038,0,238,0.0331,0.0497,1,True
5,1609,0,vm_01609,pm_0102,0,188,0.1237,0.0169,3,True
5,1610,0,vm_01610,pm_0185,0,248,0.2417,0.0151,3,True
5,1611,0,vm_01611,pm_0289,0,25,0.3161,0.0169,2,True
5,1612,0,vm_01612,pm_0782,0,188,0.1509,0.0154,3,True
5,1613,0,vm_01613,pm_0594,0,139,0.0801,0.0366,1,True
5,1614,0,vm_01614,pm_0134,0,180,0.0386,0.0826,1,True
5,1615,0,vm_01615,pm_0247,0,20,0.0603,0.0643,1,True
5,1616,0,vm_01616,pm_0581,0,162,0.5826,0.0149,2,True
5,1617,0,vm_01617,pm_0736,0,70,0.093,0.0639,1,True
5,1618,0,vm_01618,pm_0183,0,81,0.0727,0.0143,3,True
5,1619,0,vm_01619,pm_0646,0,154,0.2047,0.0172,3,True
5,1620,0,vm_01620,pm_0431,0,46,0.0751,0.0396,1,True
5,1621,0,vm_01621,pm_0131,0,193,0.147,0.014,3,True
5,1622,0,vm_01622,pm_0237,0,223,0.7502,0.0214,2,True
5,1623,0,vm_01623,pm_0622,0,236,0.1027,0.0186,3,True
5,1624,0,vm_01624,pm_0036,0,279,0.0711,0.0578,1,True
5,1625,0,vm_01625,pm_0757,0,9,0.0787,0.0479,1,True
5,1626,0,vm_01626,pm_0108,0,151,0.1488,0.0109,3,True
5,1627,0,vm_01627,pm_0550,0,103,0.0587,0.0632,1,True
5,1628,0,vm_01628,pm_0023,0,123,0.083,0.0563,1,True
5,1629,0,vm_01629,pm_0078,0,184,0.4633,0.0173,2,True
5,1630,0,vm_01630,pm_0171,0,289,0.0638,0.0696,1,True
5,1631,0,vm_01631,pm_0795,0,40,0.3167,0.0205,2,True
5,1632,0,vm_01632,pm_0303,0,10,0.0967,0.006,3,True
5,1633,0,vm_01633,pm_0696,0,217,0.0489,0.0488,1,True
5,1634,0,vm_01634,pm_0338,0,0,0.0485,0.0598,1,True
5,1635,0,vm_01635,pm_0489,0,170,0.0656,0.0547,1,True
5,1636,0,vm_01636,pm_0480,0,281,0.5242,0.0215,2,True
5,1637,0,vm_01637,pm_0613,0,52,0.378,0.0168,2,True
5,1638,0,vm_01638,pm_0304,0,124,0.1608,0.0211,3,True
5,1639,0,vm_01639,pm_0077,0,174,0.207,0.0132,3,True
5,1640,0,vm_01640,pm_0094,0,264,0.3533,0.0139,2,True
5,1641,0,vm_01641,pm_0101,0,264,0.199,0.0125,3,True
5,1642,0,vm_01642,pm_0265,0,198,0.3572,0.0107,2,True
5,1643,0,vm_01643,pm_0279,0,255,0.0874,0.0156,3,True
5,1644,0,vm_01644,pm_0059,0,171,0.0798,0.0657,1,True
5,1645,0,vm_01645,pm_0618,0,58,0.0629,0.0609,1,True
5,1646,0,vm_01646,pm_0591,0,105,0.3022,0.0212,2,True
5,1647,0,vm_01647,pm_0361,0,124,0.0974,0.0501,1,True
5,1648,0,vm_01648,pm_0253,0,15,0.1402,0.0124,3,True
5,1649,0,vm_01649,pm_0293,0,37,0.1907,0.0139,3,True
5,1650,0,vm_01650,pm_0171,0,242,0.2004,0.0195,3,True
5,1651,0,vm_01651,pm_0785,0,209,0.042,0.0519,1,True
5,1652,0,vm_01652,pm_0786,0,284,0.1351,0.0118,3,True
5,1653,0,vm_01653,pm_0022,0,167,0.0585,0.0564,1,True
5,1654,0,vm_01654,pm_0538,0,263,0.0646,0.0628,1,True
5,1655,0,vm_01655,pm_0093,0,97,0.0916,0.0166,3,True
5,1656,0,vm_01656,pm_0760,0,133,0.1793,0.0177,3,True
5,1657,0,vm_01657,pm_0200,0,180,0.1474,0.0163,3,True
5,1658,0,vm_01658,pm_0545,0,221,0.4747,0.0118,2,True
5,1659,0,vm_01659,pm_0368,0,148,0.0402,0.0651,1,True
5,1660,0,vm_01660,pm_0728,0,243,0.0861,0.017,3,True
5,1661,0,vm_01661,pm_0162,0,75,0.3699,0.0179,2,True
5,1662,0,vm_01662,pm_0454,0,261,0.083,0.0127,3,True
5,1663,0,vm_01663,pm_0228,0,230,0.0538,0.0908,1,True
5,1664,0,vm_01664,pm_0704,0,190,0.0808,0.0732,1,True
5,1665,0,vm_01665,pm_0011,0,133,0.0526,0.0523,1,True
5,1666,0,vm_01666,pm_0001,0,251,0.073,0.0382,1,True
5,1667,0,vm_01667,pm_0790,0,244,0.0516,0.0462,1,True
5,1668,0,vm_01668,pm_0502,0,264,0.2,0.0111,3,True
5,1669,0,vm_01669,pm_0358,0,3,0.1575,0.0198,3,True
5,1670,0,vm_01670,pm_0029,0,36,0.1898,0.0151,3,True
5,1671,0,vm_01671,pm_0013,0,70,0.0526,0.0503,1,True
5,1672,0,vm_01672,pm_0458,0,261,0.0878,0.0476,1,True
5,1673,0,vm_01673,pm_0606,0,236,0.1131,0.074,1,True
5,1674,0,vm_01674,pm_0393,0,177,0.4709,0.0115,2,True
5,1675,0,vm_01675,pm_0796,0,95,0.0533,0.061,1,True
5,1676,0,vm_01676,pm_0324,0,226,0.1387,0.0182,3,True
5,1677,0,vm_01677,pm_0036,0,10,0.1781,0.0156,3,True
5,1678,0,vm_01678,pm_0007,0,265,0.3996,0.014,2,True
5,1679,0,vm_01679,pm_0556,0,188,0.0407,0.0589,1,True
5,1680,0,vm_01680,pm_0143,0,208,0.1578,0.0109,3,True
5,1681,0,vm_01681,pm_0019,0,12,0.1077,0.0163,3,True
5,1682,0,vm_01682,pm_0244,0,161,0.0882,0.076,1,True
5,1683,0,vm_01683,pm_0064,0,59,0.188,0.0163,3,True
5,1684,0,vm_01684,pm_0028,0,4,0.3414,0.0169,2,True
5,1685,0,vm_01685,pm_0028,0,201,0.1562,0.013,3,True
5,1686,0,vm_01686,pm_0747,0,11,0.4654,0.009,2,True
5,1687,0,vm_01687,pm_0494,0,239,0.0642,0.0634,1,True
5,1688,0,vm_01688,pm_0527,0,224,0.3084,0.0184,2,True
5,1689,0,vm_01689,pm_0293,0,181,0.0481,0.0377,1,True
5,1690,0,vm_01690,pm_0007,0,296,0.1346,0.0132,3,True
5,1691,0,vm_01691,pm_0270,0,177,0.1004,0.0151,3,True
5,1692,0,vm_01692,pm_0745,0,117,0.0547,0.0674,1,True
5,1693,0,vm_01693,pm_0795,0,75,0.0507,0.0646,1,True
5,1694,0,vm_01694,pm_0310,0,45,0.1656,0.0109,3,True
5,1695,0,vm_01695,pm_0722,0,226,0.0651,0.074,1,True
5,1696,0,vm_01696,pm_0616,0,293,0.3074,0.0211,2,True
5,1697,0,vm_01697,pm_0257,0,239,0.1652,0.0137,3,True
5,1698,0,vm_01698,pm_0035,0,140,0.1292,0.0159,3,True
5,1699,0,vm_01699,pm_0038,0,203,0.0937,0.0185,3,True
5,1700,0,vm_01700,pm_0649,0,149,0.069,0.0672,1,True
5,1701,0,vm_01701,pm_0078,0,129,0.1067,0.013,3,True
5,1702,0,vm_01702,pm_0316,0,268,0.6592,0.0156,2,True
5,1703,0,vm_01703,pm_0681,0,136,0.2568,0.009,2,True
5,1704,0,vm_01704,pm_0140,0,115,0.1209,0.0175,3,True
5,1705,0,vm_01705,pm_0470,0,160,0.4661,0.0149,2,True
5,1706,0,vm_01706,pm_0712,0,154,0.3628,0.0137,2,True
5,1707,0,vm_01707,pm_0098,0,172,0.3677,0.0124,2,True
5,1708,0,vm_01708,pm_0303,0,129,0.0545,0.051,1,True
5,1709,0,vm_01709,pm_0176,0,78,0.0868,0.0624,1,True
5,1710,0,vm_01710,pm_0589,0,56,0.0944,0.0504,1,True
5,1711,0,vm_01711,pm_0063,0,56,0.0483,0.0716,1,True
5,1712,0,vm_01712,pm_0704,0,133,0.0425,0.0616,1,True
5,1713,0,vm_01713,pm_0677,0,13,0.2331,0.0203,3,True
5,1714,0,vm_01714,pm_0674,0,282,0.0935,0.0078,3,True
5,1715,0,vm_01715,pm_0166,0,293,0.3161,0.0173,2,True
5,1716,0,vm_01716,pm_0054,0,146,0.1556,0.0131,3,True
5,1717,0,vm_01717,pm_0486,0,126,0.1145,0.0176,3,True
5,1718,0,vm_01718,pm_0777,0,259,0.0657,0.0591,1,True
5,1719,0,vm_01719,pm_0451,0,217,0.0989,0.013,3,True
5,1720,0,vm_01720,pm_0393,0,232,0.1073,0.0133,3,True
5,1721,0,vm_01721,pm_0474,0,167,0.3538,0.0212,2,True
5,1722,0,vm_01722,pm_0209,0,142,0.043,0.067,1,True
5,1723,0,vm_01723,pm_0634,0,259,0.2254,0.0138,3,True
5,1724,0,vm_01724,pm_0461,0,217,0.0645,0.0509,1,True
5,1725,0,vm_01725,pm_0037,0,145,0.1342,0.0133,3,True
5,1726,0,vm_01726,pm_0314,0,98,0.0455,0.0542,1,True
5,1727,0,vm_01727,pm_0602,0,181,0.1496,0.0108,3,True
5,1728,0,vm_01728,pm_0149,0,168,0.1451,0.0109,3,True
5,1729,0,vm_01729,pm_0568,0,232,0.0908,0.0155,3,True
5,1730,0,vm_01730,pm_0072,0,92,0.0697,0.062,1,True
5,1731,0,vm_01731,pm_0008,0,116,0.0819,0.0644,1,True
5,1732,0,vm_01732,pm_0179,0,3,0.3192,0.0125,2,True
5,1733,0,vm_01733,pm_0120,0,84,0.118,0.012,3,True
5,1734,0,vm_01734,pm_0286,0,166,0.1053,0.0536,1,True
5,1735,0,vm_01735,pm_0581,0,6,0.0623,0.0696,1,True
5,1736,0,vm_01736,pm_0390,0,231,0.0495,0.0678,1,True
5,1737,0,vm_01737,pm_0776,0,250,0.0247,0.0577,1,True
5,1738,0,vm_01738,pm_0426,0,84,0.1076,0.0181,3,True
5,1739,0,vm_01739,pm_0085,0,192,0.072,0.0613,1,True
5,1740,0,vm_01740,pm_0506,0,122,0.096,0.0651,1,True
5,1741,0,vm_01741,pm_0228,0,88,0.0502,0.0519,1,True
5,1742,0,vm_01742,pm_0257,0,94,0.0582,0.0676,1,True
5,1743,0,vm_01743,pm_0449,0,299,0.091,0.0528,1,True
5,1744,0,vm_01744,pm_0224,0,44,0.0472,0.0561,1,True
5,1745,0,vm_01745,pm_0456,0,252,0.1267,0.0099,3,True
5,1746,0,vm_01746,pm_0338,0,50,0.0615,0.0181,3,True
5,1747,0,vm_01747,pm_0389,0,64,0.1473,0.0183,3,True
5,1748,0,vm_01748,pm_0592,0,53,0.1227,0.014,3,True
5,1749,0,vm_01749,pm_0785,0,221,0.2126,0.0118,3,True
5,1750,0,vm_01750,pm_0681,0,71,0.1861,0.0141,3,True
5,1751,0,vm_01751,pm_0556,0,167,0.065,0.0447,1,True
5,1752,0,vm_01752,pm_0362,0,185,0.1092,0.015,3,True
5,1753,0,vm_01753,pm_0013,0,142,0.157,0.0134,3,True
5,1754,0,vm_01754,pm_0500,0,18,0.0503,0.0483,1,True
5,1755,0,vm_01755,pm_0325,0,9,0.114,0.017,3,True
5,1756,0,vm_01756,pm_0598,0,271,0.4916,0.019,2,True
5,1757,0,vm_01757,pm_0270,0,170,0.1453,0.0188,3,True
5,1758,0,vm_01758,pm_0393,0,15,0.0973,0.0457,1,True
5,1759,0,vm_01759,pm_0499,0,79,0.1311,0.0137,3,True
5,1760,0,vm_01760,pm_0772,0,283,0.1108,0.0604,1,True
5,1761,0,vm_01761,pm_0577,0,189,0.0495,0.0557,1,True
5,1762,0,vm_01762,pm_0152,0,147,0.0891,0.0429,1,True
5,1763,0,vm_01763,pm_0796,0,162,0.0856,0.0628,1,True
5,1764,0,vm_01764,pm_0468,0,264,0.0855,0.0187,3,True
5,1765,0,vm_01765,pm_0472,0,137,0.0519,0.0482,1,True
5,1766,0,vm_01766,pm_0515,0,300,0.3134,0.0168,2,True
5,1767,0,vm_01767,pm_0323,0,29,0.374,0.0211,2,True
5,1768,0,vm_01768,pm_0649,0,167,0.122,0.0135,3,True
5,1769,0,vm_01769,pm_0765,0,90,0.1515,0.0137,3,True
5,1770,0,vm_01770,pm_0106,0,90,0.1051,0.0173,3,True
5,1771,0,vm_01771,pm_0636,0,210,0.1999,0.0169,3,True
5,1772,0,vm_01772,pm_0283,0,299,0.0694,0.072,1,True
5,1773,0,vm_01773,pm_0435,0,173,0.1614,0.0091,3,True
5,1774,0,vm_01774,pm_0674,0,133,0.1628,0.0083,3,True
6,1775,0,vm_01775,pm_0171,0,23,0.1356,0.0143,3,True
6,1776,0,vm_01776,pm_0050,0,200,0.1348,0.0149,3,True
6,1777,0,vm_01777,pm_0001,0,218,0.0459,0.049,1,True
6,1778,0,vm_01778,pm_0311,0,6,0.1376,0.0132,3,True
6,1779,0,vm_01779,pm_0360,0,5,0.0388,0.0617,1,True
6,1780,0,vm_01780,pm_0027,0,117,0.091,0.0127,3,True
6,1781,0,vm_01781,pm_0340,0,160,0.0744,0.0592,1,True
6,1782,0,vm_01782,pm_0156,0,84,0.0589,0.0578,1,True
6,1783,0,vm_01783,pm_0177,0,247,0.1591,0.0159,3,True
6,1784,0,vm_01784,pm_0545,0,165,0.5742,0.0168,2,True
6,1785,0,vm_01785,pm_0508,0,144,0.1361,0.0139,3,True
6,1786,0,vm_01786,pm_0459,0,30,0.1101,0.0127,3,True
6,1787,0,vm_01787,pm_0422,0,219,0.1606,0.0122,3,True
6,1788,0,vm_01788,pm_0550,0,132,0.0514,0.0677,1,True
6,1789,0,vm_01789,pm_0308,0,63,0.1432,0.0158,3,True
6,1790,0,vm_01790,pm_0522,0,75,0.1577,0.0163,3,True
6,1791,0,vm_01791,pm_0716,0,130,0.1529,0.0089,3,True
6,1792,0,vm_01792,pm_0211,0,37,0.4122,0.0124,2,True
6,1793,0,vm_01793,pm_0674,0,53,0.4324,0.01,2,True
6,1794,0,vm_01794,pm_0698,0,129,0.1706,0.0176,3,True
6,1795,0,vm_01795,pm_0092,0,217,0.1279,0.0123,3,True
6,1796,0,vm_01796,pm_0239,0,1,0.1384,0.0078,3,True
6,1797,0,vm_01797,pm_0649,0,245,0.1112,0.0138,3,True
6,1798,0,vm_01798,pm_0766,0,139,0.1429,0.0198,3,True
6,1799,0,vm_01799,pm_0237,0,295,0.1383,0.0183,3,True
6,1800,0,vm_01800,pm_0279,0,257,0.1034,0.0151,3,True
6,1801,0,vm_01801,pm_0525,0,104,0.0626,0.059,1,True
6,1802,0,vm_01802,pm_0773,0,184,0.0675,0.0417,1,True
6,1803,0,vm_01803,pm_0346,0,243,0.1053,0.006,3,True
6,1804,0,vm_01804,pm_0396,0,163,0.0853,0.0124,3,True
6,1805,0,vm_01805,pm_0550,0,131,0.5238,0.0121,2,True
6,1806,0,vm_01806,pm_0182,0,202,0.5685,0.0144,2,True
6,1807,0,vm_01807,pm_0202,0,209,0.1786,0.0143,3,True
6,1808,0,vm_01808,pm_0364,0,100,0.0288,0.0592,1,True
6,1809,0,vm_01809,pm_0531,0,270,0.1507,0.0222,3,True
6,1810,0,vm_01810,pm_0717,0,48,0.1265,0.0125,3,True
6,1811,0,vm_01811,pm_0622,0,238,0.4127,0.009,2,True
6,1812,0,vm_01812,pm_0183,0,214,0.1406,0.0066,3,True
6,1813,0,vm_01813,pm_0758,0,290,0.1699,0.0152,3,True
6,1814,0,vm_01814,pm_0338,0,279,0.0432,0.0597,1,True
6,1815,0,vm_01815,pm_0205,0,76,0.1345,0.0126,3,True
6,1816,0,vm_01816,pm_0664,0,150,0.0626,0.0676,1,True
6,1817,0,vm_01817,pm_0253,0,296,0.0541,0.0455,1,True
6,1818,0,vm_01818,pm_0153,0,156,0.1912,0.0128,3,True
6,1819,0,vm_01819,pm_0136,0,197,0.0775,0.0617,1,True
6,1820,0,vm_01820,pm_0535,0,286,0.0531,0.0545,1,True
6,1821,0,vm_01821,pm_0070,0,23,0.1489,0.0131,3,True
6,1822,0,vm_01822,pm_0072,0,8,0.4392,0.0129,2,True
6,1823,0,vm_01823,pm_0050,0,131,0.0399,0.0551,1,True
6,1824,0,vm_01824,pm_0510,0,76,0.0972,0.0836,1,True
6,1825,0,vm_01825,pm_0546,0,225,0.0981,0.0176,3,True
6,1826,0,vm_01826,pm_0302,0,130,0.0976,0.0555,1,True
6,1827,0,vm_01827,pm_0393,0,89,0.1643,0.0164,3,True
6,1828,0,vm_01828,pm_0741,0,116,0.2023,0.0144,3,True
6,1829,0,vm_01829,pm_0020,0,109,0.0414,0.0745,1,True
6,1830,0,vm_01830,pm_0131,0,270,0.1469,0.0161,3,True
6,1831,0,vm_01831,pm_0773,0,226,0.0683,0.0599,1,True
6,1832,0,vm_01832,pm_0221,0,243,0.0617,0.0652,1,True
6,1833,0,vm_01833,pm_0594,0,54,0.4111,0.0197,2,True
6,1834,0,vm_01834,pm_0681,0,36,0.4899,0.0163,2,True
6,1835,0,vm_01835,pm_0170,0,54,0.1409,0.0117,3,True
6,1836,0,vm_01836,pm_0489,0,11,0.0712,0.0683,1,True
6,1837,0,vm_01837,pm_0418,0,184,0.1387,0.0138,3,True
6,1838,0,vm_01838,pm_0135,0,236,0.1016,0.0103,3,True
6,1839,0,vm_01839,pm_0021,0,292,0.0938,0.0127,3,True
6,1840,0,vm_01840,pm_0783,0,203,0.5416,0.0142,2,True
6,1841,0,vm_01841,pm_0095,0,210,0.0822,0.0551,1,True
6,1842,0,vm_01842,pm_0233,0,225,0.0762,0.0579,1,True
6,1843,0,vm_01843,pm_0771,0,6,0.138,0.0108,3,True
6,1844,0,vm_01844,pm_0116,0,219,0.6007,0.0177,2,True
6,1845,0,vm_01845,pm_0785,0,27,0.0739,0.0546,1,True
6,1846,0,vm_01846,pm_0628,0,292,0.0464,0.0612,1,True
6,1847,0,vm_01847,pm_0682,0,211,0.1922,0.0138,3,True
6,1848,0,vm_01848,pm_0218,0,188,0.0607,0.0583,1,True
6,1849,0,vm_01849,pm_0036,0,74,0.0591,0.0518,1,True
6,1850,0,vm_01850,pm_0088,0,241,0.0915,0.0142,3,True
6,1851,0,vm_01851,pm_0131,0,113,0.1212,0.0134,3,True
6,1852,0,vm_01852,pm_0217,0,166,0.1091,0.0605,1,True
6,1853,0,vm_01853,pm_0137,0,105,0.1021,0.0131,3,True
6,1854,0,vm_01854,pm_0778,0,150,0.1225,0.0592,1,True
6,1855,0,vm_01855,pm_0747,0,83,0.0963,0.0141,3,True
6,1856,0,vm_01856,pm_0145,0,211,0.1183,0.0135,3,True
6,1857,0,vm_01857,pm_0568,0,266,0.0761,0.0632,1,True
6,1858,0,vm_01858,pm_0261,0,268,0.0816,0.0622,1,True
6,1859,0,vm_01859,pm_0749,0,176,0.0694,0.0686,1,True
6,1860,0,vm_01860,pm_0228,0,270,0.3468,0.0131,2,True
6,1861,0,vm_01861,pm_0607,0,181,0.0455,0.0615,1,True
6,1862,0,vm_01862,pm_0588,0,158,0.0383,0.0624,1,True
6,1863,0,vm_01863,pm_0513,0,188,0.3479,0.02,2,True
6,1864,0,vm_01864,pm_0689,0,185,0.0496,0.0683,1,True
6,1865,0,vm_01865,pm_0558,0,245,0.1667,0.02,3,True
6,1866,0,vm_01866,pm_0044,0,41,0.4269,0.0151,2,True
6,1867,0,vm_01867,pm_0165,0,284,0.1353,0.009,3,True
6,1868,0,vm_01868,pm_0162,0,299,0.087,0.069,1,True
6,1869,0,vm_01869,pm_0777,0,293,0.057,0.062,1,True
6,1870,0,vm_01870,pm_0390,0,180,0.1451,0.0168,3,True
6,1871,0,vm_01871,pm_0692,0,181,0.1686,0.0139,3,True
6,1872,0,vm_01872,pm_0281,0,217,0.0604,0.0563,1,True
6,1873,0,vm_01873,pm_0481,0,162,0.0775,0.0544,1,True
6,1874,0,vm_01874,pm_0335,0,45,0.1114,0.0097,3,True
6,1875,0,vm_01875,pm_0487,0,91,0.0501,0.0601,1,True
6,1876,0,vm_01876,pm_0550,0,104,0.2103,0.0149,3,True
6,1877,0,vm_01877,pm_0099,0,206,0.3381,0.0148,2,True
6,1878,0,vm_01878,pm_0747,0,138,0.049,0.0441,1,True
6,1879,0,vm_01879,pm_0523,0,28,0.795,0.011,2,True
6,1880,0,vm_01880,pm_0716,0,250,0.0507,0.0339,1,True
6,1881,0,vm_01881,pm_0110,0,190,0.152,0.0091,3,True
6,1882,0,vm_01882,pm_0387,0,46,0.1025,0.0148,3,True
6,1883,0,vm_01883,pm_0719,0,250,0.0962,0.0127,3,True
6,1884,0,vm_01884,pm_0688,0,262,0.1724,0.0158,3,True
6,1885,0,vm_01885,pm_0538,0,63,0.1522,0.0131,3,True
6,1886,0,vm_01886,pm_0666,0,267,0.3929,0.0217,2,True
6,1887,0,vm_01887,pm_0665,0,11,0.1322,0.0138,3,True
6,1888,0,vm_01888,pm_0778,0,291,0.0769,0.0117,3,True
6,1889,0,vm_01889,pm_0791,0,28,0.5307,0.0156,2,True
6,1890,0,vm_01890,pm_0409,0,138,0.1013,0.0129,3,True
6,1891,0,vm_01891,pm_0093,0,84,0.1184,0.0084,3,True
6,1892,0,vm_01892,pm_0667,0,73,0.1942,0.0121,3,True
6,1893,0,vm_01893,pm_0678,0,250,0.0639,0.0744,1,True
6,1894,0,vm_01894,pm_0257,0,223,0.4029,0.0222,2,True
6,1895,0,vm_01895,pm_0796,0,46,0.4129,0.0114,2,True
6,1896,0,vm_01896,pm_0124,0,80,0.0291,0.06,1,True
6,1897,0,vm_01897,pm_0714,0,120,0.3285,0.0136,2,True
6,1898,0,vm_01898,pm_0783,0,42,0.1362,0.0168,3,True
6,1899,0,vm_01899,pm_0577,0,145,0.0485,0.0654,1,True
6,1900,0,vm_01900,pm_0522,0,73,0.1465,0.0115,3,True
6,1901,0,vm_01901,pm_0726,0,52,0.6496,0.0258,2,True
6,1902,0,vm_01902,pm_0004,0,232,0.0679,0.0494,1,True
6,1903,0,vm_01903,pm_0259,0,294,0.1764,0.0133,3,True
6,1904,0,vm_01904,pm_0010,0,199,0.0588,0.0717,1,True
6,1905,0,vm_01905,pm_0214,0,161,0.0415,0.0506,1,True
6,1906,0,vm_01906,pm_0327,0,36,0.0763,0.05,1,True
6,1907,0,vm_01907,pm_0006,0,96,0.0474,0.0548,1,True
6,1908,0,vm_01908,pm_0510,0,48,0.1468,0.0211,3,True
6,1909,0,vm_01909,pm_0516,0,9,0.1284,0.0143,3,True
6,1910,0,vm_01910,pm_0022,0,39,0.1206,0.0209,3,True
6,1911,0,vm_01911,pm_0680,0,152,0.4671,0.0129,2,True
6,1912,0,vm_01912,pm_0724,0,105,0.116,0.0159,3,True
6,1913,0,vm_01913,pm_0499,0,40,0.0356,0.0596,1,True
6,1914,0,vm_01914,pm_0256,0,163,0.0744,0.0176,3,True
6,1915,0,vm_01915,pm_0281,0,257,0.0556,0.0563,1,True
6,1916,0,vm_01916,pm_0232,0,210,0.4224,0.0222,2,True
6,1917,0,vm_01917,pm_0498,0,201,0.078,0.0419,1,True
6,1918,0,vm_01918,pm_0378,0,194,0.0535,0.0154,3,True
6,1919,0,vm_01919,pm_0366,0,52,0.044,0.0549,1,True
6,1920,0,vm_01920,pm_0501,0,146,0.0555,0.0486,1,True
6,1921,0,vm_01921,pm_0512,0,281,0.1002,0.0695,1,True
6,1922,0,vm_01922,pm_0488,0,242,0.055,0.0446,1,True
6,1923,0,vm_01923,pm_0558,0,50,0.0659,0.0156,3,True
6,1924,0,vm_01924,pm_0695,0,113,0.1319,0.0134,3,True
6,1925,0,vm_01925,pm_0242,0,272,0.064,0.0762,1,True
6,1926,0,vm_01926,pm_0173,0,119,0.1248,0.0123,3,True
6,1927,0,vm_01927,pm_0750,0,188,0.0528,0.0504,1,True
6,1928,0,vm_01928,pm_0605,0,45,0.6001,0.02,2,True
6,1929,0,vm_01929,pm_0125,0,242,0.3402,0.0139,2,True
6,1930,0,vm_01930,pm_0225,0,49,0.1266,0.0137,3,True
6,1931,0,vm_01931,pm_0145,0,10,0.3806,0.0137,2,True
6,1932,0,vm_01932,pm_0616,0,47,0.4306,0.0121,2,True
6,1933,0,vm_01933,pm_0332,0,55,0.0775,0.0642,1,True
6,1934,0,vm_01934,pm_0745,0,7,0.074,0.0465,1,True
6,1935,0,vm_01935,pm_0071,0,13,0.0785,0.0546,1,True
6,1936,0,vm_01936,pm_0354,0,214,0.1258,0.015,3,True
6,1937,0,vm_01937,pm_0498,0,244,0.1101,0.0181,3,True
6,1938,0,vm_01938,pm_0267,0,53,0.1319,0.0177,3,True
6,1939,0,vm_01939,pm_0254,0,272,0.0628,0.0652,1,True
6,1940,0,vm_01940,pm_0416,0,130,0.123,0.0107,3,True
6,1941,0,vm_01941,pm_0582,0,8,0.2043,0.014,3,True
6,1942,0,vm_01942,pm_0044,0,211,0.5059,0.0137,2,True
6,1943,0,vm_01943,pm_0357,0,121,0.0775,0.0612,1,True
6,1944,0,vm_01944,pm_0223,0,113,0.0941,0.0093,3,True
6,1945,0,vm_01945,pm_0115,0,19,0.1775,0.0165,3,True
6,1946,0,vm_01946,pm_0548,0,20,0.0703,0.0842,1,True
6,1947,0,vm_01947,pm_0621,0,207,0.0859,0.056,1,True
6,1948,0,vm_01948,pm_0285,0,32,0.0808,0.0606,1,True
6,1949,0,vm_01949,pm_0061,0,132,0.1548,0.0152,3,True
6,1950,0,vm_01950,pm_0383,0,190,0.0385,0.0571,1,True
6,1951,0,vm_01951,pm_0423,0,25,0.0898,0.0497,1,True
6,1952,0,vm_01952,pm_0052,0,88,0.1211,0.0125,3,True
6,1953,0,vm_01953,pm_0214,0,91,0.324,0.0113,2,True
6,1954,0,vm_01954,pm_0700,0,32,0.0798,0.0151,3,True
6,1955,0,vm_01955,pm_0567,0,237,0.045,0.0553,1,True
6,1956,0,vm_01956,pm_0675,0,17,0.5657,0.018,2,True
6,1957,0,vm_01957,pm_0402,0,273,0.0754,0.0563,1,True
6,1958,0,vm_01958,pm_0062,0,288,0.1612,0.0127,3,True
6,1959,0,vm_01959,pm_0763,0,26,0.316,0.0143,2,True
6,1960,0,vm_01960,pm_0246,0,107,0.1907,0.0112,3,True
6,1961,0,vm_01961,pm_0235,0,225,0.4354,0.009,2,True
6,1962,0,vm_01962,pm_0713,0,18,0.0742,0.01,3,True
6,1963,0,vm_01963,pm_0184,0,222,0.0347,0.0562,1,True
6,1964,0,vm_01964,pm_0530,0,280,0.1104,0.0125,3,True
6,1965,0,vm_01965,pm_0734,0,103,0.123,0.0074,3,True
6,1966,0,vm_01966,pm_0749,0,288,0.0592,0.0533,1,True
6,1967,0,vm_01967,pm_0076,0,36,0.4518,0.0171,2,True
6,1968,0,vm_01968,pm_0731,0,243,0.6153,0.0201,2,True
6,1969,0,vm_01969,pm_0288,0,42,0.0394,0.0657,1,True
6,1970,0,vm_01970,pm_0498,0,125,0.1555,0.0159,3,True
6,1971,0,vm_01971,pm_0466,0,8,0.0638,0.045,1,True
6,1972,0,vm_01972,pm_0220,0,13,0.1103,0.0729,1,True
6,1973,0,vm_01973,pm_0590,0,130,0.5287,0.0168,2,True
6,1974,0,vm_01974,pm_0463,0,183,0.0811,0.0136,3,True
6,1975,0,vm_01975,pm_0270,0,281,0.0571,0.0738,1,True
6,1976,0,vm_01976,pm_0796,0,52,0.0922,0.0538,1,True
6,1977,0,vm_01977,pm_0567,0,40,0.1507,0.014,3,True
6,1978,0,vm_01978,pm_0039,0,20,0.1291,0.015,3,True
6,1979,0,vm_01979,pm_0004,0,294,0.0999,0.0091,3,True
6,1980,0,vm_01980,pm_0206,0,207,0.0954,0.0613,1,True
6,1981,0,vm_01981,pm_0664,0,150,0.4973,0.012,2,True
6,1982,0,vm_01982,pm_0529,0,68,0.1257,0.0127,3,True
6,1983,0,vm_01983,pm_0331,0,300,0.1289,0.0147,3,True
6,1984,0,vm_01984,pm_0730,0,26,0.2007,0.0137,3,True
6,1985,0,vm_01985,pm_0652,0,115,0.095,0.0174,3,True
6,1986,0,vm_01986,pm_0308,0,141,0.1806,0.0134,3,True
6,1987,0,vm_01987,pm_0625,0,40,0.1067,0.0739,1,True
6,1988,0,vm_01988,pm_0498,0,105,0.4297,0.0155,2,True
6,1989,0,vm_01989,pm_0183,0,73,0.0693,0.051,1,True
6,1990,0,vm_01990,pm_0446,0,59,0.1692,0.013,3,True
6,1991,0,vm_01991,pm_0692,0,297,0.0583,0.0609,1,True
6,1992,0,vm_01992,pm_0380,0,121,0.0712,0.0504,1,True
6,1993,0,vm_01993,pm_0622,0,202,0.2186,0.0139,3,True
6,1994,0,vm_01994,pm_0565,0,10,0.1238,0.0106,3,True
6,1995,0,vm_01995,pm_0734,0,146,0.0701,0.071,1,True
6,1996,0,vm_01996,pm_0019,0,215,0.0917,0.0123,3,True
6,1997,0,vm_01997,pm_0278,0,13,0.0307,0.0589,1,True
6,1998,0,vm_01998,pm_0473,0,66,0.5202,0.0152,2,True
6,1999,0,vm_01999,pm_0426,0,179,0.1034,0.04,1,True
6,2000,0,vm_02000,pm_0307,0,241,0.095,0.0651,1,True
6,2001,0,vm_02001,pm_0051,0,159,0.1739,0.0156,3,True
6,2002,0,vm_02002,pm_0730,0,9,0.4089,0.0095,2,True
6,2003,0,vm_02003,pm_0084,0,123,0.2008,0.0151,3,True
6,2004,0,vm_02004,pm_0066,0,272,0.2763,0.0132,3,True
6,2005,0,vm_02005,pm_0323,0,240,0.4128,0.0158,2,True
6,2006,0,vm_02006,pm_0077,0,142,0.0812,0.0415,1,True
6,2007,0,vm_02007,pm_0155,0,166,0.0773,0.0121,3,True
6,2008,0,vm_02008,pm_0382,0,56,0.0268,0.063,1,True
6,2009,0,vm_02009,pm_0004,0,137,0.0866,0.0652,1,True
6,2010,0,vm_02010,pm_0433,0,16,0.0728,0.0631,1,True
6,2011,0,vm_02011,pm_0475,0,272,0.1989,0.0171,3,True
6,2012,0,vm_02012,pm_0409,0,2,0.1062,0.013,3,True
6,2013,0,vm_02013,pm_0285,0,242,0.0604,0.0535,1,True
6,2014,0,vm_02014,pm_0204,0,107,0.3729,0.009,2,True
6,2015,0,vm_02015,pm_0693,0,50,0.0535,0.0772,1,True
6,2016,0,vm_02016,pm_0298,0,173,0.0485,0.0659,1,True
6,2017,0,vm_02017,pm_0118,0,115,0.1024,0.0108,3,True
6,2018,0,vm_02018,pm_0705,0,182,0.0555,0.057,1,True
6,2019,0,vm_02019,pm_0660,0,153,0.0472,0.0548,1,True
6,2020,0,vm_02020,pm_0706,0,246,0.1751,0.0155,3,True
6,2021,0,vm_02021,pm_0166,0,75,0.1493,0.078,1,True
6,2022,0,vm_02022,pm_0772,0,243,0.0923,0.0147,3,True
6,2023,0,vm_02023,pm_0189,0,80,0.1261,0.013,3,True
6,2024,0,vm_02024,pm_0546,0,228,0.0956,0.0121,3,True
6,2025,0,vm_02025,pm_0330,0,71,0.0877,0.0707,1,True
6,2026,0,vm_02026,pm_0189,0,217,0.0738,0.0569,1,True
6,2027,0,vm_02027,pm_0604,0,242,0.0728,0.0169,3,True
6,2028,0,vm_02028,pm_0360,0,77,0.1739,0.0125,3,True
6,2029,0,vm_02029,pm_0561,0,157,0.0412,0.0766,1,True
6,2030,0,vm_02030,pm_0421,0,47,0.1772,0.0137,3,True
6,2031,0,vm_02031,pm_0379,0,297,0.0786,0.0746,1,True
6,2032,0,vm_02032,pm_0123,0,23,0.1237,0.0149,3,True
6,2033,0,vm_02033,pm_0603,0,109,0.1738,0.0131,3,True
6,2034,0,vm_02034,pm_0466,0,51,0.4752,0.009,2,True
6,2035,0,vm_02035,pm_0315,0,289,0.0757,0.0744,1,True
6,2036,0,vm_02036,pm_0141,0,258,0.1353,0.0149,3,True
6,2037,0,vm_02037,pm_0156,0,138,0.2049,0.0173,3,True
6,2038,0,vm_02038,pm_0662,0,274,0.1122,0.0103,3,True
6,2039,0,vm_02039,pm_0233,0,43,0.0345,0.0534,1,True
6,2040,0,vm_02040,pm_0743,0,258,0.11,0.0099,3,True
6,2041,0,vm_02041,pm_0588,0,112,0.0729,0.049,1,True
6,2042,0,vm_02042,pm_0365,0,226,0.0757,0.0727,1,True
6,2043,0,vm_02043,pm_0668,0,64,0.5314,0.018,2,True
7,2044,0,vm_02044,pm_0521,0,162,0.6097,0.0157,2,True
7,2045,0,vm_02045,pm_0762,0,163,0.1054,0.011,3,True
7,2046,0,vm_02046,pm_0657,0,165,0.0429,0.061,1,True
7,2047,0,vm_02047,pm_0512,0,38,0.1286,0.01,3,True
7,2048,0,vm_02048,pm_0606,0,152,0.1131,0.0599,1,True
7,2049,0,vm_02049,pm_0726,0,268,0.4662,0.0118,2,True
7,2050,0,vm_02050,pm_0577,0,74,0.0601,0.0151,3,True
7,2051,0,vm_02051,pm_0622,0,256,0.041,0.0623,1,True
7,2052,0,vm_02052,pm_0769,0,199,0.0531,0.0346,1,True
7,2053,0,vm_02053,pm_0579,0,97,0.1567,0.0101,3,True
7,2054,0,vm_02054,pm_0238,0,103,0.2469,0.0173,3,True
7,2055,0,vm_02055,pm_0127,0,163,0.0602,0.081,1,True
7,2056,0,vm_02056,pm_0053,0,112,0.1526,0.0148,3,True
7,2057,0,vm_02057,pm_0101,0,102,0.1082,0.0658,1,True
7,2058,0,vm_02058,pm_0328,0,36,0.0561,0.0528,1,True
7,2059,0,vm_02059,pm_0400,0,105,0.0461,0.0747,1,True
7,2060,0,vm_02060,pm_0572,0,186,0.1183,0.02,3,True
7,2061,0,vm_02061,pm_0270,0,20,0.0474,0.0754,1,True
7,2062,0,vm_02062,pm_0468,0,147,0.1559,0.0138,3,True
7,2063,0,vm_02063,pm_0091,0,128,0.0763,0.0832,1,True
7,2064,0,vm_02064,pm_0716,0,186,0.1631,0.019,3,True
7,2065,0,vm_02065,pm_0367,0,283,0.1465,0.0121,3,True
7,2066,0,vm_02066,pm_0187,0,198,0.1674,0.0132,3,True
7,2067,0,vm_02067,pm_0350,0,234,0.4507,0.0179,2,True
7,2068,0,vm_02068,pm_0506,0,107,0.363,0.02,2,True
7,2069,0,vm_02069,pm_0082,0,8,0.1089,0.0109,3,True
7,2070,0,vm_02070,pm_0714,0,225,0.1419,0.012,3,True
7,2071,0,vm_02071,pm_0380,0,208,0.0522,0.0685,1,True
7,2072,0,vm_02072,pm_0014,0,244,0.4815,0.015,2,True
7,2073,0,vm_02073,pm_0713,0,287,0.1598,0.0149,3,True
7,2074,0,vm_02074,pm_0055,0,65,0.3139,0.0187,2,True
7,2075,0,vm_02075,pm_0332,0,152,0.0435,0.0627,1,True
7,2076,0,vm_02076,pm_0006,0,190,0.0919,0.0193,3,True
7,2077,0,vm_02077,pm_0126,0,217,0.4201,0.0213,2,True
7,2078,0,vm_02078,pm_0637,0,153,0.0981,0.0144,3,True
7,2079,0,vm_02079,pm_0065,0,276,0.0599,0.0563,1,True
7,2080,0,vm_02080,pm_0615,0,81,0.0906,0.0673,1,True
7,2081,0,vm_02081,pm_0432,0,220,0.0746,0.0758,1,True
7,2082,0,vm_02082,pm_0562,0,279,0.5803,0.0125,2,True
7,2083,0,vm_02083,pm_0693,0,110,0.141,0.0153,3,True
7,2084,0,vm_02084,pm_0304,0,91,0.2263,0.0161,3,True
7,2085,0,vm_02085,pm_0309,0,11,0.1377,0.0111,3,True
7,2086,0,vm_02086,pm_0521,0,138,0.6502,0.0119,2,True
7,2087,0,vm_02087,pm_0204,0,154,0.1594,0.0157,3,True
7,2088,0,vm_02088,pm_0175,0,22,0.1165,0.0162,3,True
7,2089,0,vm_02089,pm_0001,0,219,0.0745,0.0159,3,True
7,2090,0,vm_02090,pm_0306,0,236,0.4521,0.0179,2,True
7,2091,0,vm_02091,pm_0075,0,252,0.2104,0.0116,3,True
7,2092,0,vm_02092,pm_0328,0,182,0.3429,0.0229,2,True
7,2093,0,vm_02093,pm_0672,0,197,0.0672,0.057,1,True
7,2094,0,vm_02094,pm_0094,0,169,0.0826,0.0619,1,True
7,2095,0,vm_02095,pm_0213,0,122,0.1764,0.0171,3,True
7,2096,0,vm_02096,pm_0568,0,33,0.4485,0.009,2,True
7,2097,0,vm_02097,pm_0211,0,2,0.166,0.0123,3,True
7,2098,0,vm_02098,pm_0015,0,5,0.1716,0.0083,3,True
7,2099,0,vm_02099,pm_0739,0,101,0.0539,0.0628,1,True
7,2100,0,vm_02100,pm_0581,0,191,0.0438,0.0561,1,True
7,2101,0,vm_02101,pm_0233,0,12,0.3103,0.0152,2,True
7,2102,0,vm_02102,pm_0570,0,35,0.0983,0.0475,1,True
7,2103,0,vm_02103,pm_0537,0,69,0.3606,0.0131,2,True
7,2104,0,vm_02104,pm_0411,0,288,0.0616,0.052,1,True
7,2105,0,vm_02105,pm_0077,0,104,0.1427,0.0077,3,True
7,2106,0,vm_02106,pm_0342,0,203,0.4306,0.0146,2,True
7,2107,0,vm_02107,pm_0069,0,54,0.0591,0.0732,1,True
7,2108,0,vm_02108,pm_0766,0,106,0.0594,0.018,3,True
7,2109,0,vm_02109,pm_0387,0,140,0.0824,0.0442,1,True
7,2110,0,vm_02110,pm_0615,0,224,0.1253,0.011,3,True
7,2111,0,vm_02111,pm_0327,0,35,0.4048,0.0173,2,True
7,2112,0,vm_02112,pm_0021,0,132,0.1026,0.03,1,True
7,2113,0,vm_02113,pm_0442,0,24,0.6648,0.0149,2,True
7,2114,0,vm_02114,pm_0298,0,36,0.0671,0.0532,1,True
7,2115,0,vm_02115,pm_0218,0,18,0.1019,0.0143,3,True
7,2116,0,vm_02116,pm_0439,0,34,0.2128,0.0135,3,True
7,2117,0,vm_02117,pm_0122,0,5,0.1002,0.0628,1,True
7,2118,0,vm_02118,pm_0524,0,198,0.3694,0.0109,2,True
7,2119,0,vm_02119,pm_0019,0,33,0.0761,0.066,1,True
7,2120,0,vm_02120,pm_0257,0,55,0.0602,0.0418,1,True
7,2121,0,vm_02121,pm_0078,0,255,0.2673,0.0198,2,True
7,2122,0,vm_02122,pm_0222,0,210,0.4463,0.0155,2,True
7,2123,0,vm_02123,pm_0638,0,96,0.1552,0.01,3,True
7,2124,0,vm_02124,pm_0310,0,281,0.0764,0.0616,1,True
7,2125,0,vm_02125,pm_0523,0,240,0.0663,0.0465,1,True
7,2126,0,vm_02126,pm_0295,0,169,0.4052,0.0186,2,True
7,2127,0,vm_02127,pm_0541,0,293,0.532,0.0152,2,True
7,2128,0,vm_02128,pm_0501,0,226,0.0919,0.0102,3,True
7,2129,0,vm_02129,pm_0350,0,126,0.0766,0.0677,1,True
7,2130,0,vm_02130,pm_0256,0,279,0.1163,0.0476,1,True
7,2131,0,vm_02131,pm_0429,0,20,0.0766,0.0432,1,True
7,2132,0,vm_02132,pm_0338,0,245,0.4349,0.0112,2,True
7,2133,0,vm_02133,pm_0184,0,89,0.0709,0.0758,1,True
7,2134,0,vm_02134,pm_0378,0,5,0.3381,0.0148,2,True
7,2135,0,vm_02135,pm_0083,0,265,0.7128,0.02,2,True
7,2136,0,vm_02136,pm_0171,0,96,0.1124,0.016,3,True
7,2137,0,vm_02137,pm_0097,0,149,0.4022,0.0117,2,True
7,2138,0,vm_02138,pm_0118,0,79,0.0887,0.0558,1,True
7,2139,0,vm_02139,pm_0255,0,16,0.0717,0.0592,1,True
7,2140,0,vm_02140,pm_0579,0,137,0.0654,0.0592,1,True
7,2141,0,vm_02141,pm_0147,0,139,0.0973,0.0154,3,True
7,2142,0,vm_02142,pm_0592,0,39,0.0478,0.0636,1,True
7,2143,0,vm_02143,pm_0724,0,167,0.1942,0.0168,3,True
7,2144,0,vm_02144,pm_0155,0,73,0.0766,0.0522,1,True
7,2145,0,vm_02145,pm_0792,0,73,0.1837,0.0167,3,True
7,2146,0,vm_02146,pm_0290,0,49,0.0388,0.0564,1,True
7,2147,0,vm_02147,pm_0185,0,9,0.2219,0.012,2,True
7,2148,0,vm_02148,pm_0458,0,102,0.5177,0.0161,2,True
7,2149,0,vm_02149,pm_0692,0,298,0.1139,0.0167,3,True
7,2150,0,vm_02150,pm_0067,0,103,0.0414,0.0588,1,True
7,2151,0,vm_02151,pm_0666,0,289,0.1278,0.0103,3,True
7,2152,0,vm_02152,pm_0113,0,279,0.0684,0.0605,1,True
7,2153,0,vm_02153,pm_0724,0,141,0.1227,0.0122,3,True
7,2154,0,vm_02154,pm_0368,0,296,0.0621,0.0515,1,True
7,2155,0,vm_02155,pm_0248,0,169,0.0984,0.0139,3,True
7,2156,0,vm_02156,pm_0253,0,12,0.1001,0.0533,1,True
7,2157,0,vm_02157,pm_0469,0,156,0.1972,0.0134,3,True
7,2158,0,vm_02158,pm_0139,0,173,0.3836,0.0191,2,True
7,2159,0,vm_02159,pm_0454,0,161,0.0509,0.0679,1,True
7,2160,0,vm_02160,pm_0423,0,131,0.0721,0.0127,3,True
7,2161,0,vm_02161,pm_0204,0,27,0.1785,0.0181,3,True
7,2162,0,vm_02162,pm_0100,0,82,0.0834,0.0122,3,True
7,2163,0,vm_02163,pm_0498,0,268,0.1989,0.0147,3,True
7,2164,0,vm_02164,pm_0374,0,250,0.0578,0.0729,1,True
7,2165,0,vm_02165,pm_0765,0,105,0.1217,0.0148,3,True
7,2166,0,vm_02166,pm_0337,0,260,0.0848,0.0806,1,True
7,2167,0,vm_02167,pm_0222,0,13,0.0845,0.0621,1,True
7,2168,0,vm_02168,pm_0298,0,79,0.0753,0.0591,1,True
7,2169,0,vm_02169,pm_0257,0,159,0.1512,0.0164,3,True
7,2170,0,vm_02170,pm_0377,0,177,0.0465,0.0743,1,True
7,2171,0,vm_02171,pm_0453,0,154,0.1645,0.0161,3,True
7,2172,0,vm_02172,pm_0228,0,34,0.3713,0.0176,2,True
7,2173,0,vm_02173,pm_0481,0,258,0.1483,0.0084,3,True
7,2174,0,vm_02174,pm_0412,0,259,0.064,0.073,1,True
7,2175,0,vm_02175,pm_0237,0,134,0.1815,0.0168,3,True
7,2176,0,vm_02176,pm_0179,0,130,0.1047,0.0132,3,True
7,2177,0,vm_02177,pm_0369,0,80,0.0509,0.056,1,True
7,2178,0,vm_02178,pm_0537,0,58,0.0959,0.0166,3,True
7,2179,0,vm_02179,pm_0595,0,73,0.0819,0.015,3,True
7,2180,0,vm_02180,pm_0650,0,238,0.6477,0.0094,2,True
7,2181,0,vm_02181,pm_0596,0,128,0.1315,0.0106,3,True
7,2182,0,vm_02182,pm_0399,0,137,0.1975,0.0124,3,True
7,2183,0,vm_02183,pm_0149,0,102,0.0539,0.064,1,True
7,2184,0,vm_02184,pm_0052,0,8,0.146,0.0117,3,True
7,2185,0,vm_02185,pm_0781,0,231,0.1417,0.0163,3,True
7,2186,0,vm_02186,pm_0787,0,98,0.105,0.0155,3,True
7,2187,0,vm_02187,pm_0323,0,217,0.058,0.0574,1,True
7,2188,0,vm_02188,pm_0405,0,236,0.2137,0.0148,3,True
7,2189,0,vm_02189,pm_0044,0,221,0.0398,0.0628,1,True
7,2190,0,vm_02190,pm_0442,0,167,0.0868,0.0631,1,True
7,2191,0,vm_02191,pm_0655,0,61,0.1012,0.0152,3,True
7,2192,0,vm_02192,pm_0769,0,9,0.0423,0.0719,1,True
7,2193,0,vm_02193,pm_0541,0,233,0.16,0.009,3,True
7,2194,0,vm_02194,pm_0166,0,86,0.1038,0.0135,3,True
7,2195,0,vm_02195,pm_0654,0,266,0.133,0.0172,3,True
7,2196,0,vm_02196,pm_0755,0,203,0.282,0.0227,2,True
7,2197,0,vm_02197,pm_0533,0,240,0.1494,0.0118,3,True
7,2198,0,vm_02198,pm_0386,0,55,0.036,0.0647,1,True
7,2199,0,vm_02199,pm_0184,0,109,0.1059,0.0118,3,True
7,2200,0,vm_02200,pm_0309,0,48,0.3914,0.0217,2,True
7,2201,0,vm_02201,pm_0227,0,242,0.0759,0.0524,1,True
7,2202,0,vm_02202,pm_0095,0,15,0.0565,0.0661,1,True
7,2203,0,vm_02203,pm_0362,0,72,0.061,0.0447,1,True
7,2204,0,vm_02204,pm_0159,0,201,0.0787,0.0542,1,True
7,2205,0,vm_02205,pm_0369,0,92,0.6159,0.0185,2,True
7,2206,0,vm_02206,pm_0790,0,136,0.1632,0.0143,3,True
7,2207,0,vm_02207,pm_0136,0,32,0.0602,0.0614,1,True
7,2208,0,vm_02208,pm_0237,0,87,0.5299,0.0215,2,True
7,2209,0,vm_02209,pm_0226,0,202,0.1616,0.0115,3,True
7,2210,0,vm_02210,pm_0508,0,38,0.1596,0.0169,3,True
7,2211,0,vm_02211,pm_0601,0,113,0.1101,0.0177,3,True
7,2212,0,vm_02212,pm_0078,0,246,0.0677,0.0122,3,True
7,2213,0,vm_02213,pm_0134,0,207,0.0591,0.0676,1,True
7,2214,0,vm_02214,pm_0289,0,296,0.1266,0.016,3,True
7,2215,0,vm_02215,pm_0179,0,210,0.0912,0.0131,3,True
7,2216,0,vm_02216,pm_0783,0,58,0.3001,0.0093,2,True
7,2217,0,vm_02217,pm_0601,0,155,0.0644,0.0522,1,True
7,2218,0,vm_02218,pm_0506,0,121,0.3867,0.0179,2,True
7,2219,0,vm_02219,pm_0457,0,119,0.0647,0.0481,1,True
7,2220,0,vm_02220,pm_0180,0,296,0.0402,0.0662,1,True
7,2221,0,vm_02221,pm_0607,0,61,0.0823,0.0731,1,True
7,2222,0,vm_02222,pm_0028,0,157,0.6366,0.0215,2,True
7,2223,0,vm_02223,pm_0356,0,39,0.1756,0.0156,3,True
7,2224,0,vm_02224,pm_0443,0,241,0.0424,0.0791,1,True
7,2225,0,vm_02225,pm_0156,0,39,0.0499,0.0487,1,True
7,2226,0,vm_02226,pm_0465,0,189,0.1937,0.0159,3,True
7,2227,0,vm_02227,pm_0347,0,233,0.0906,0.013,3,True
7,2228,0,vm_02228,pm_0362,0,14,0.1642,0.0147,3,True
7,2229,0,vm_02229,pm_0227,0,123,0.4244,0.016,2,True
7,2230,0,vm_02230,pm_0773,0,227,0.0621,0.0709,1,True
7,2231,0,vm_02231,pm_0398,0,279,0.1001,0.0602,1,True
7,2232,0,vm_02232,pm_0141,0,47,0.0383,0.0426,1,True
7,2233,0,vm_02233,pm_0173,0,188,0.5663,0.0172,2,True
7,2234,0,vm_02234,pm_0641,0,46,0.0569,0.0579,1,True
7,2235,0,vm_02235,pm_0623,0,183,0.3103,0.0127,2,True
7,2236,0,vm_02236,pm_0397,0,104,0.0981,0.0127,3,True
7,2237,0,vm_02237,pm_0486,0,246,0.1877,0.0168,3,True
7,2238,0,vm_02238,pm_0587,0,263,0.0937,0.0459,1,True
7,2239,0,vm_02239,pm_0496,0,205,0.1133,0.0113,3,True
7,2240,0,vm_02240,pm_0102,0,17,0.0631,0.0602,1,True
7,2241,0,vm_02241,pm_0208,0,250,0.0561,0.0611,1,True
7,2242,0,vm_02242,pm_0223,0,237,0.094,0.0476,1,True
7,2243,0,vm_02243,pm_0694,0,65,0.0496,0.0419,1,True
7,2244,0,vm_02244,pm_0758,0,149,0.0937,0.0547,1,True
7,2245,0,vm_02245,pm_0291,0,192,0.1873,0.0122,3,True
7,2246,0,vm_02246,pm_0633,0,146,0.0993,0.0672,1,True
7,2247,0,vm_02247,pm_0176,0,182,0.0448,0.0531,1,True
7,2248,0,vm_02248,pm_0032,0,105,0.0772,0.0572,1,True
7,2249,0,vm_02249,pm_0360,0,235,0.0578,0.071,1,True
7,2250,0,vm_02250,pm_0543,0,125,0.1171,0.0146,3,True
7,2251,0,vm_02251,pm_0272,0,178,0.1801,0.0178,3,True
7,2252,0,vm_02252,pm_0647,0,12,0.4816,0.0114,2,True
7,2253,0,vm_02253,pm_0514,0,230,0.144,0.0152,3,True
7,2254,0,vm_02254,pm_0211,0,27,0.0506,0.0581,1,True
7,2255,0,vm_02255,pm_0273,0,260,0.1515,0.0167,3,True
7,2256,0,vm_02256,pm_0308,0,99,0.0453,0.0604,1,True
7,2257,0,vm_02257,pm_0564,0,187,0.1827,0.0122,3,True
7,2258,0,vm_02258,pm_0446,0,299,0.1487,0.011,3,True
7,2259,0,vm_02259,pm_0393,0,118,0.0586,0.0568,1,True
7,2260,0,vm_02260,pm_0040,0,45,0.1422,0.0114,3,True
7,2261,0,vm_02261,pm_0573,0,67,0.1359,0.0174,3,True
7,2262,0,vm_02262,pm_0627,0,170,0.0355,0.0671,1,True
7,2263,0,vm_02263,pm_0621,0,195,0.0805,0.0607,1,True
7,2264,0,vm_02264,pm_0135,0,19,0.4979,0.0255,2,True
7,2265,0,vm_02265,pm_0487,0,110,0.1465,0.0128,3,True
7,2266,0,vm_02266,pm_0285,0,145,0.0412,0.0679,1,True
7,2267,0,vm_02267,pm_0129,0,191,0.116,0.016,3,True
7,2268,0,vm_02268,pm_0432,0,228,0.0781,0.0149,3,True
7,2269,0,vm_02269,pm_0154,0,11,0.0711,0.0494,1,True
7,2270,0,vm_02270,pm_0155,0,216,0.0533,0.062,1,True
7,2271,0,vm_02271,pm_0782,0,78,0.0808,0.0813,1,True
7,2272,0,vm_02272,pm_0097,0,35,0.0561,0.0611,1,True
7,2273,0,vm_02273,pm_0229,0,263,0.7087,0.0125,2,True
7,2274,0,vm_02274,pm_0452,0,27,0.1425,0.0165,3,True
7,2275,0,vm_02275,pm_0395,0,85,0.4862,0.0163,2,True
7,2276,0,vm_02276,pm_0303,0,187,0.0419,0.053,1,True
7,2277,0,vm_02277,pm_0240,0,253,0.0703,0.0698,1,True
7,2278,0,vm_02278,pm_0335,0,79,0.0673,0.0145,3,True
7,2279,0,vm_02279,pm_0230,0,185,0.063,0.0623,1,True
7,2280,0,vm_02280,pm_0355,0,4,0.3991,0.0183,2,True
7,2281,0,vm_02281,pm_0027,0,45,0.0564,0.0488,1,True
7,2282,0,vm_02282,pm_0181,0,101,0.0502,0.0672,1,True
7,2283,0,vm_02283,pm_0760,0,1,0.0694,0.0134,3,True
7,2284,0,vm_02284,pm_0458,0,216,0.5033,0.0129,2,True
7,2285,0,vm_02285,pm_0034,0,24,0.4968,0.0173,2,True
7,2286,0,vm_02286,pm_0458,0,256,0.2004,0.0149,3,True
7,2287,0,vm_02287,pm_0605,0,222,0.2177,0.0127,3,True
7,2288,0,vm_02288,pm_0713,0,68,0.1906,0.0181,3,True
7,2289,0,vm_02289,pm_0404,0,196,0.0735,0.055,1,True
7,2290,0,vm_02290,pm_0005,0,271,0.0793,0.059,1,True
7,2291,0,vm_02291,pm_0167,0,181,0.0497,0.0822,1,True
7,2292,0,vm_02292,pm_0586,0,17,0.3411,0.0132,2,True
7,2293,0,vm_02293,pm_0441,0,106,0.0546,0.0667,1,True
7,2294,0,vm_02294,pm_0422,0,16,0.4525,0.0202,2,False
7,2295,0,vm_02295,pm_0677,0,124,0.0568,0.0695,1,False
8,2296,0,vm_02296,pm_0386,0,81,0.0635,0.0389,1,False
8,2297,0,vm_02297,pm_0466,0,3,0.0433,0.042,1,False
8,2298,0,vm_02298,pm_0787,0,114,0.0449,0.071,1,False
8,2299,0,vm_02299,pm_0548,0,136,0.0837,0.0688,1,False
8,2300,0,vm_02300,pm_0790,0,286,0.0693,0.0591,1,False
8,2301,0,vm_02301,pm_0621,0,227,0.1661,0.0105,3,False
8,2302,0,vm_02302,pm_0194,0,15,0.6036,0.0185,2,False
8,2303,0,vm_02303,pm_0336,0,297,0.3325,0.0166,2,False
8,2304,0,vm_02304,pm_0234,0,211,0.095,0.053,1,False
8,2305,0,vm_02305,pm_0454,0,245,0.1056,0.0123,3,False
8,2306,0,vm_02306,pm_0036,0,285,0.0781,0.058,1,False
8,2307,0,vm_02307,pm_0626,0,281,0.0678,0.0523,1,False
8,2308,0,vm_02308,pm_0167,0,176,0.1327,0.0176,3,False
8,2309,0,vm_02309,pm_0156,0,30,0.0388,0.065,1,False
8,2310,0,vm_02310,pm_0370,0,49,0.0494,0.0545,1,False
8,2311,0,vm_02311,pm_0540,0,142,0.3131,0.017,2,False
8,2312,0,vm_02312,pm_0796,0,51,0.1969,0.0151,3,False
8,2313,0,vm_02313,pm_0727,0,232,0.3401,0.0215,2,False
8,2314,0,vm_02314,pm_0758,0,165,0.1129,0.0214,3,False
8,2315,0,vm_02315,pm_0247,0,37,0.1149,0.0104,3,False
8,2316,0,vm_02316,pm_0370,0,19,0.0493,0.0707,1,False
8,2317,0,vm_02317,pm_0549,0,98,0.0693,0.0518,1,False
8,2318,0,vm_02318,pm_0597,0,214,0.0861,0.0823,1,False
8,2319,0,vm_02319,pm_0126,0,43,0.6546,0.0123,2,False
8,2320,0,vm_02320,pm_0498,0,110,0.4606,0.0146,2,False
8,2321,0,vm_02321,pm_0600,0,88,0.1236,0.0129,3,False
8,2322,0,vm_02322,pm_0790,0,117,0.1292,0.0134,3,False
8,2323,0,vm_02323,pm_0003,0,238,0.2113,0.011,3,False
8,2324,0,vm_02324,pm_0668,0,71,0.0401,0.0602,1,False
8,2325,0,vm_02325,pm_0333,0,162,0.1564,0.0125,3,False
8,2326,0,vm_02326,pm_0164,0,250,0.1732,0.0131,3,False
8,2327,0,vm_02327,pm_0051,0,194,0.1161,0.0113,3,False
8,2328,0,vm_02328,pm_0308,0,59,0.0562,0.0436,1,False
8,2329,0,vm_02329,pm_0655,0,97,0.1372,0.0089,3,False
8,2330,0,vm_02330,pm_0694,0,72,0.0815,0.0438,1,False
8,2331,0,vm_02331,pm_0193,0,221,0.0674,0.03,1,False
8,2332,0,vm_02332,pm_0067,0,118,0.0882,0.0386,1,False
8,2333,0,vm_02333,pm_0305,0,181,0.1731,0.0144,3,False
8,2334,0,vm_02334,pm_0228,0,217,0.0794,0.0171,3,False
8,2335,0,vm_02335,pm_0316,0,255,0.0687,0.0612,1,False
8,2336,0,vm_02336,pm_0427,0,87,0.0581,0.0502,1,False
8,2337,0,vm_02337,pm_0068,0,274,0.5372,0.009,2,False
8,2338,0,vm_02338,pm_0476,0,25,0.0582,0.0618,1,False
8,2339,0,vm_02339,pm_0586,0,120,0.0435,0.0616,1,False
8,2340,0,vm_02340,pm_0059,0,288,0.5181,0.0151,2,False
8,2341,0,vm_02341,pm_0302,0,29,0.1575,0.0189,3,False
8,2342,0,vm_02342,pm_0404,0,201,0.0958,0.0513,1,False
8,2343,0,vm_02343,pm_0496,0,35,0.0536,0.0651,1,False
8,2344,0,vm_02344,pm_0508,0,124,0.0836,0.0792,1,False
8,2345,0,vm_02345,pm_0528,0,222,0.1262,0.0101,3,False
8,2346,0,vm_02346,pm_0707,0,234,0.1026,0.0172,3,False
8,2347,0,vm_02347,pm_0623,0,123,0.0885,0.0165,3,False
8,2348,0,vm_02348,pm_0489,0,170,0.073,0.065,1,False
8,2349,0,vm_02349,pm_0459,0,180,0.1343,0.0152,3,False
8,2350,0,vm_02350,pm_0289,0,214,0.0849,0.0606,1,False
8,2351,0,vm_02351,pm_0278,0,117,0.1067,0.0173,3,False
8,2352,0,vm_02352,pm_0484,0,226,0.1828,0.0156,3,False
8,2353,0,vm_02353,pm_0780,0,36,0.1888,0.0164,3,False
8,2354,0,vm_02354,pm_0715,0,95,0.1083,0.0115,3,False
8,2355,0,vm_02355,pm_0374,0,119,0.1004,0.0155,3,False
8,2356,0,vm_02356,pm_0217,0,11,0.0798,0.0511,1,False
8,2357,0,vm_02357,pm_0212,0,121,0.1977,0.0162,3,False
8,2358,0,vm_02358,pm_0571,0,34,0.0441,0.0663,1,False
8,2359,0,vm_02359,pm_0111,0,250,0.596,0.0142,2,False
8,2360,0,vm_02360,pm_0544,0,66,0.0791,0.046,1,False
8,2361,0,vm_02361,pm_0564,0,37,0.0498,0.0784,1,False
8,2362,0,vm_02362,pm_0620,0,279,0.2983,0.0191,2,False
8,2363,0,vm_02363,pm_0017,0,229,0.0602,0.0707,1,False
8,2364,0,vm_02364,pm_0739,0,167,0.5084,0.018,2,False
8,2365,0,vm_02365,pm_0258,0,245,0.4887,0.0203,2,False
8,2366,0,vm_02366,pm_0744,0,78,0.0675,0.0492,1,False
8,2367,0,vm_02367,pm_0539,0,113,0.0422,0.0397,1,False
8,2368,0,vm_02368,pm_0236,0,300,0.509,0.0124,2,False
8,2369,0,vm_02369,pm_0537,0,216,0.0576,0.073,1,False
8,2370,0,vm_02370,pm_0490,0,199,0.2352,0.0112,3,False
8,2371,0,vm_02371,pm_0527,0,241,0.118,0.0065,3,False
8,2372,0,vm_02372,pm_0372,0,12,0.1011,0.0101,3,False
8,2373,0,vm_02373,pm_0753,0,206,0.146,0.0166,3,False
8,2374,0,vm_02374,pm_0097,0,261,0.2759,0.0174,2,False
8,2375,0,vm_02375,pm_0673,0,96,0.236,0.0181,3,False
8,2376,0,vm_02376,pm_0692,0,70,0.0809,0.0518,1,False
8,2377,0,vm_02377,pm_0209,0,229,0.0539,0.0838,1,False
8,2378,0,vm_02378,pm_0086,0,299,0.0848,0.0112,3,False
8,2379,0,vm_02379,pm_0243,0,31,0.401,0.0158,2,False
8,2380,0,vm_02380,pm_0181,0,249,0.137,0.0103,3,False
8,2381,0,vm_02381,pm_0484,0,253,0.1465,0.0189,3,False
8,2382,0,vm_02382,pm_0544,0,258,0.121,0.0151,3,False
8,2383,0,vm_02383,pm_0419,0,181,0.2425,0.0151,3,False
8,2384,0,vm_02384,pm_0261,0,165,0.5419,0.0153,2,False
8,2385,0,vm_02385,pm_0609,0,3,0.102,0.0554,1,False
8,2386,0,vm_02386,pm_0657,0,144,0.1025,0.01,3,False
8,2387,0,vm_02387,pm_0342,0,164,0.0947,0.0579,1,False
8,2388,0,vm_02388,pm_0165,0,104,0.1825,0.014,3,False
8,2389,0,vm_02389,pm_0382,0,35,0.1141,0.0144,3,False
8,2390,0,vm_02390,pm_0714,0,168,0.1028,0.0115,3,False
8,2391,0,vm_02391,pm_0353,0,7,0.0529,0.0532,1,False
8,2392,0,vm_02392,pm_0408,0,85,0.0852,0.0478,1,False
8,2393,0,vm_02393,pm_0678,0,96,0.5373,0.0156,2,False
8,2394,0,vm_02394,pm_0410,0,29,0.0702,0.0635,1,False
8,2395,0,vm_02395,pm_0192,0,100,0.1208,0.0122,3,False
8,2396,0,vm_02396,pm_0364,0,66,0.0355,0.0435,1,False
8,2397,0,vm_02397,pm_0109,0,62,0.1001,0.0604,1,False
8,2398,0,vm_02398,pm_0111,0,31,0.1044,0.0786,1,False
8,2399,0,vm_02399,pm_0170,0,86,0.1187,0.0164,3,False
8,2400,0,vm_02400,pm_0749,0,210,0.1714,0.0138,3,False
8,2401,0,vm_02401,pm_0769,0,50,0.0518,0.0551,1,False
8,2402,0,vm_02402,pm_0719,0,62,0.0935,0.0473,1,False
8,2403,0,vm_02403,pm_0532,0,79,0.3061,0.0189,2,False
8,2404,0,vm_02404,pm_0077,0,231,0.0617,0.0724,1,False
8,2405,0,vm_02405,pm_0135,0,100,0.1131,0.0101,3,False
8,2406,0,vm_02406,pm_0120,0,128,0.1578,0.0178,3,False
8,2407,0,vm_02407,pm_0377,0,18,0.0542,0.0584,1,False
8,2408,0,vm_02408,pm_0257,0,93,0.1118,0.054,1,False
8,2409,0,vm_02409,pm_0289,0,80,0.1513,0.0094,3,False
8,2410,0,vm_02410,pm_0050,0,102,0.5591,0.0141,2,False
8,2411,0,vm_02411,pm_0284,0,153,0.1444,0.0093,3,False
8,2412,0,vm_02412,pm_0539,0,268,0.0775,0.0618,1,False
8,2413,0,vm_02413,pm_0114,0,117,0.4825,0.0239,2,False
8,2414,0,vm_02414,pm_0697,0,278,0.0863,0.0485,1,False
8,2415,0,vm_02415,pm_0363,0,224,0.7397,0.0097,2,False
8,2416,0,vm_02416,pm_0512,0,267,0.1066,0.0155,3,False
8,2417,0,vm_02417,pm_0145,0,136,0.1137,0.0508,1,False
8,2418,0,vm_02418,pm_0478,0,225,0.0741,0.0564,1,False
8,2419,0,vm_02419,pm_0483,0,228,0.0981,0.0398,1,False
8,2420,0,vm_02420,pm_0462,0,107,0.0738,0.0622,1,False
8,2421,0,vm_02421,pm_0355,0,299,0.0763,0.0604,1,False
8,2422,0,vm_02422,pm_0684,0,6,0.0596,0.0531,1,False
8,2423,0,vm_02423,pm_0634,0,127,0.0944,0.0193,3,False
8,2424,0,vm_02424,pm_0495,0,266,0.3064,0.0132,2,False
8,2425,0,vm_02425,pm_0752,0,172,0.0535,0.054,1,False
8,2426,0,vm_02426,pm_0702,0,213,0.1018,0.0114,3,False
8,2427,0,vm_02427,pm_0420,0,246,0.0736,0.0744,1,False
8,2428,0,vm_02428,pm_0543,0,105,0.1334,0.0183,3,False
8,2429,0,vm_02429,pm_0100,0,82,0.0623,0.0599,1,False
8,2430,0,vm_02430,pm_0144,0,291,0.1256,0.0169,3,False
8,2431,0,vm_02431,pm_0066,0,202,0.1138,0.0149,3,False
8,2432,0,vm_02432,pm_0048,0,40,0.0763,0.0147,3,False
8,2433,0,vm_02433,pm_0233,0,204,0.1359,0.0143,3,False
8,2434,0,vm_02434,pm_0112,0,48,0.067,0.0418,1,False
8,2435,0,vm_02435,pm_0345,0,142,0.1527,0.0129,3,False
8,2436,0,vm_02436,pm_0304,0,140,0.0918,0.0559,1,False
8,2437,0,vm_02437,pm_0758,0,52,0.1049,0.0538,1,False
8,2438,0,vm_02438,pm_0687,0,106,0.0424,0.0638,1,False
8,2439,0,vm_02439,pm_0766,0,32,0.3601,0.0146,2,False
8,2440,0,vm_02440,pm_0165,0,199,0.0835,0.0861,1,False
8,2441,0,vm_02441,pm_0225,0,118,0.2624,0.0227,2,False
8,2442,0,vm_02442,pm_0481,0,287,0.3588,0.0106,2,False
8,2443,0,vm_02443,pm_0756,0,228,0.1604,0.0111,3,False
8,2444,0,vm_02444,pm_0477,0,117,0.094,0.0132,3,False
8,2445,0,vm_02445,pm_0770,0,175,0.4528,0.0127,2,False
8,2446,0,vm_02446,pm_0689,0,184,0.072,0.0538,1,False
8,2447,0,vm_02447,pm_0101,0,214,0.0837,0.0584,1,False
8,2448,0,vm_02448,pm_0154,0,220,0.0962,0.0538,1,False
8,2449,0,vm_02449,pm_0612,0,129,0.1015,0.0571,1,False
8,2450,0,vm_02450,pm_0183,0,271,0.0708,0.0678,1,False
8,2451,0,vm_02451,pm_0181,0,245,0.0541,0.0733,1,False
8,2452,0,vm_02452,pm_0468,0,122,0.1877,0.0185,3,False
8,2453,0,vm_02453,pm_0129,0,7,0.5247,0.0196,2,False
8,2454,0,vm_02454,pm_0584,0,66,0.0438,0.0763,1,False
8,2455,0,vm_02455,pm_0150,0,114,0.3951,0.0167,2,False
8,2456,0,vm_02456,pm_0599,0,287,0.0702,0.0584,1,False
8,2457,0,vm_02457,pm_0527,0,104,0.5275,0.0206,2,False
8,2458,0,vm_02458,pm_0046,0,24,0.1514,0.012,3,False
8,2459,0,vm_02459,pm_0034,0,52,0.2765,0.0133,2,False
8,2460,0,vm_02460,pm_0683,0,246,0.1022,0.0449,1,False
8,2461,0,vm_02461,pm_0756,0,280,0.1334,0.0197,3,False
8,2462,0,vm_02462,pm_0294,0,32,0.0784,0.0152,3,False
8,2463,0,vm_02463,pm_0123,0,286,0.1013,0.0116,3,False
8,2464,0,vm_02464,pm_0034,0,35,0.3421,0.0156,2,False
8,2465,0,vm_02465,pm_0115,0,238,0.0869,0.0123,3,False
8,2466,0,vm_02466,pm_0102,0,216,0.0634,0.0518,1,False
8,2467,0,vm_02467,pm_0466,0,176,0.0482,0.0596,1,False
8,2468,0,vm_02468,pm_0426,0,43,0.0323,0.0598,1,False
8,2469,0,vm_02469,pm_0223,0,157,0.4948,0.0169,2,False
8,2470,0,vm_02470,pm_0471,0,268,0.2794,0.0166,2,False
8,2471,0,vm_02471,pm_0671,0,170,0.0449,0.0653,1,False
8,2472,0,vm_02472,pm_0762,0,220,0.0905,0.0182,3,False
8,2473,0,vm_02473,pm_0161,0,229,0.1057,0.0136,3,False
8,2474,0,vm_02474,pm_0232,0,90,0.1702,0.0154,3,False
8,2475,0,vm_02475,pm_0060,0,130,0.3728,0.0106,2,False
8,2476,0,vm_02476,pm_0273,0,225,0.1584,0.0159,3,False
8,2477,0,vm_02477,pm_0633,0,224,0.0661,0.0668,1,False
8,2478,0,vm_02478,pm_0023,0,142,0.1052,0.0188,3,False
8,2479,0,vm_02479,pm_0482,0,65,0.1293,0.0635,1,False
8,2480,0,vm_02480,pm_0177,0,27,0.2243,0.0156,3,False
8,2481,0,vm_02481,pm_0315,0,124,0.0708,0.0418,1,False
8,2482,0,vm_02482,pm_0667,0,211,0.0791,0.0152,3,False
8,2483,0,vm_02483,pm_0337,0,79,0.143,0.0076,3,False
8,2484,0,vm_02484,pm_0653,0,237,0.0987,0.0601,1,False
8,2485,0,vm_02485,pm_0212,0,131,0.3661,0.013,2,False
8,2486,0,vm_02486,pm_0597,0,299,0.1619,0.0124,3,False
8,2487,0,vm_02487,pm_0008,0,118,0.4952,0.0184,2,False
8,2488,0,vm_02488,pm_0571,0,45,0.157,0.0179,3,False
8,2489,0,vm_02489,pm_0600,0,83,0.2002,0.0097,3,False
8,2490,0,vm_02490,pm_0400,0,281,0.0686,0.067,1,False
8,2491,0,vm_02491,pm_0791,0,12,0.0895,0.0539,1,False
8,2492,0,vm_02492,pm_0449,0,124,0.0978,0.0503,1,False
8,2493,0,vm_02493,pm_0047,0,171,0.0982,0.0154,3,False
8,2494,0,vm_02494,pm_0382,0,233,0.0685,0.0428,1,False
8,2495,0,vm_02495,pm_0277,0,180,0.4323,0.0203,2,False
8,2496,0,vm_02496,pm_0344,0,50,0.4237,0.0107,2,False
8,2497,0,vm_02497,pm_0781,0,268,0.3676,0.0243,2,False
8,2498,0,vm_02498,pm_0603,0,168,0.1678,0.0098,3,False
8,2499,0,vm_02499,pm_0733,0,287,0.1107,0.0123,3,False
8,2500,0,vm_02500,pm_0333,0,273,0.4276,0.0142,2,False
8,2501,0,vm_02501,pm_0527,0,206,0.0837,0.0113,3,False
8,2502,0,vm_02502,pm_0504,0,147,0.0699,0.0104,3,False
8,2503,0,vm_02503,pm_0197,0,299,0.5738,0.0162,2,False
8,2504,0,vm_02504,pm_0358,0,36,0.1503,0.0095,3,False
8,2505,0,vm_02505,pm_0120,0,160,0.0509,0.0585,1,False
8,2506,0,vm_02506,pm_0123,0,274,0.094,0.0618,1,False
8,2507,0,vm_02507,pm_0258,0,287,0.0996,0.0197,3,False
8,2508,0,vm_02508,pm_0284,0,105,0.3377,0.0137,2,False
8,2509,0,vm_02509,pm_0639,0,21,0.1409,0.0205,3,False
8,2510,0,vm_02510,pm_0183,0,232,0.2155,0.0155,3,False
8,2511,0,vm_02511,pm_0298,0,121,0.0834,0.069,1,False
8,2512,0,vm_02512,pm_0511,0,128,0.218,0.0114,3,False
8,2513,0,vm_02513,pm_0748,0,216,0.2498,0.0167,2,False
8,2514,0,vm_02514,pm_0276,0,147,0.5378,0.0173,2,False
8,2515,0,vm_02515,pm_0255,0,57,0.2005,0.0118,3,False
8,2516,0,vm_02516,pm_0425,0,236,0.0848,0.012,3,False
8,2517,0,vm_02517,pm_0515,0,69,0.0566,0.0759,1,False
8,2518,0,vm_02518,pm_0268,0,188,0.4811,0.0151,2,False
8,2519,0,vm_02519,pm_0161,0,241,0.2081,0.0136,3,False
8,2520,0,vm_02520,pm_0158,0,62,0.0857,0.0203,3,False
8,2521,0,vm_02521,pm_0107,0,240,0.1431,0.0145,3,False
8,2522,0,vm_02522,pm_0468,0,184,0.0753,0.0497,1,False
8,2523,0,vm_02523,pm_0288,0,258,0.0335,0.0731,1,False
8,2524,0,vm_02524,pm_0264,0,228,0.094,0.0555,1,False
8,2525,0,vm_02525,pm_0050,0,222,0.0991,0.0141,3,False
8,2526,0,vm_02526,pm_0112,0,98,0.0779,0.0572,1,False
8,2527,0,vm_02527,pm_0239,0,246,0.0592,0.0693,1,False
8,2528,0,vm_02528,pm_0437,0,44,0.1341,0.0141,3,False
8,2529,0,vm_02529,pm_0578,0,272,0.0367,0.0599,1,False
8,2530,0,vm_02530,pm_0199,0,4,0.1255,0.0124,3,False
8,2531,0,vm_02531,pm_0642,0,10,0.2059,0.0128,3,False
8,2532,0,vm_02532,pm_0209,0,38,0.1455,0.0148,3,False
8,2533,0,vm_02533,pm_0548,0,41,0.0697,0.0656,1,False
8,2534,0,vm_02534,pm_0573,0,202,0.0685,0.0573,1,False
8,2535,0,vm_02535,pm_0708,0,93,0.1656,0.0108,3,False
8,2536,0,vm_02536,pm_0126,0,4,0.1442,0.0148,3,False
8,2537,0,vm_02537,pm_0094,0,51,0.1123,0.0177,3,False
8,2538,0,vm_02538,pm_0347,0,149,0.0422,0.0581,1,False
8,2539,0,vm_02539,pm_0170,0,204,0.137,0.0169,3,False
8,2540,0,vm_02540,pm_0169,0,299,0.0852,0.016,3,False
8,2541,0,vm_02541,pm_0578,0,186,0.1357,0.0155,3,False
8,2542,0,vm_02542,pm_0537,0,152,0.1762,0.0173,3,False
8,2543,0,vm_02543,pm_0465,0,115,0.113,0.0149,3,False
9,2544,0,vm_02544,pm_0174,0,148,0.0478,0.0191,3,False
9,2545,0,vm_02545,pm_0344,0,219,0.0729,0.0675,1,False
9,2546,0,vm_02546,pm_0528,0,191,0.5217,0.0205,2,False
9,2547,0,vm_02547,pm_0550,0,232,0.0856,0.0555,1,False
9,2548,0,vm_02548,pm_0660,0,220,0.652,0.0153,2,False
9,2549,0,vm_02549,pm_0419,0,46,0.4147,0.0111,2,False
9,2550,0,vm_02550,pm_0622,0,126,0.0737,0.0735,1,False
9,2551,0,vm_02551,pm_0594,0,290,0.0743,0.065,1,False
9,2552,0,vm_02552,pm_0385,0,214,0.0704,0.0641,1,False
9,2553,0,vm_02553,pm_0498,0,6,0.1514,0.0169,3,False
9,2554,0,vm_02554,pm_0303,0,183,0.092,0.0187,3,False
9,2555,0,vm_02555,pm_0752,0,115,0.0734,0.0489,1,False
9,2556,0,vm_02556,pm_0300,0,51,0.0801,0.0159,3,False
9,2557,0,vm_02557,pm_0604,0,45,0.5338,0.0121,2,False
9,2558,0,vm_02558,pm_0650,0,22,0.0753,0.0542,1,False
9,2559,0,vm_02559,pm_0142,0,130,0.0691,0.0641,1,False
9,2560,0,vm_02560,pm_0532,0,126,0.5956,0.0124,2,False
9,2561,0,vm_02561,pm_0647,0,264,0.1789,0.0127,3,False
9,2562,0,vm_02562,pm_0170,0,195,0.1145,0.0159,3,False
9,2563,0,vm_02563,pm_0577,0,47,0.0553,0.0598,1,False
9,2564,0,vm_02564,pm_0099,0,81,0.1026,0.0667,1,False
9,2565,0,vm_02565,pm_0468,0,108,0.0276,0.0603,1,False
9,2566,0,vm_02566,pm_0595,0,262,0.086,0.0583,1,False
9,2567,0,vm_02567,pm_0494,0,30,0.1048,0.0724,1,False
9,2568,0,vm_02568,pm_0001,0,55,0.0957,0.0634,1,False
9,2569,0,vm_02569,pm_0668,0,188,0.08,0.0125,3,False
9,2570,0,vm_02570,pm_0067,0,4,0.0974,0.0132,3,False
9,2571,0,vm_02571,pm_0162,0,285,0.5869,0.0154,2,False
9,2572,0,vm_02572,pm_0219,0,277,0.153,0.0163,3,False
9,2573,0,vm_02573,pm_0266,0,144,0.0304,0.0658,1,False
9,2574,0,vm_02574,pm_0787,0,195,0.4795,0.0156,2,False
9,2575,0,vm_02575,pm_0775,0,26,0.0904,0.0584,1,False
9,2576,0,vm_02576,pm_0677,0,126,0.1421,0.0151,3,False
9,2577,0,vm_02577,pm_0061,0,134,0.206,0.0137,3,False
9,2578,0,vm_02578,pm_0108,0,22,0.1036,0.0144,3,False
9,2579,0,vm_02579,pm_0110,0,116,0.0286,0.0443,1,False
9,2580,0,vm_02580,pm_0719,0,7,0.1217,0.0144,3,False
9,2581,0,vm_02581,pm_0167,0,100,0.0595,0.047,1,False
9,2582,0,vm_02582,pm_0216,0,260,0.205,0.0127,3,False
9,2583,0,vm_02583,pm_0369,0,198,0.5458,0.0152,2,False
9,2584,0,vm_02584,pm_0753,0,85,0.3591,0.0184,2,False
9,2585,0,vm_02585,pm_0752,0,227,0.1476,0.0155,3,False
9,2586,0,vm_02586,pm_0014,0,178,0.1077,0.0153,3,False
9,2587,0,vm_02587,pm_0236,0,239,0.0978,0.0499,1,False
9,2588,0,vm_02588,pm_0096,0,11,0.1636,0.0154,3,False
9,2589,0,vm_02589,pm_0223,0,233,0.0433,0.0746,1,False
9,2590,0,vm_02590,pm_0167,0,182,0.227,0.0171,3,False
9,2591,0,vm_02591,pm_0097,0,281,0.2325,0.0166,3,False
9,2592,0,vm_02592,pm_0248,0,189,0.1622,0.0149,3,False
9,2593,0,vm_02593,pm_0546,0,214,0.4159,0.0213,2,False
9,2594,0,vm_02594,pm_0086,0,257,0.5861,0.0148,2,False
9,2595,0,vm_02595,pm_0046,0,25,0.0899,0.0649,1,False
9,2596,0,vm_02596,pm_0184,0,269,0.1621,0.0113,3,False
9,2597,0,vm_02597,pm_0406,0,81,0.0782,0.0703,1,False
9,2598,0,vm_02598,pm_0446,0,184,0.5073,0.0218,2,False
9,2599,0,vm_02599,pm_0234,0,287,0.0626,0.0633,1,False
9,2600,0,vm_02600,pm_0533,0,61,0.0855,0.0378,1,False
9,2601,0,vm_02601,pm_0448,0,29,0.0808,0.0101,3,False
9,2602,0,vm_02602,pm_0360,0,30,0.0508,0.0669,1,False
9,2603,0,vm_02603,pm_0712,0,292,0.0783,0.0144,3,False
9,2604,0,vm_02604,pm_0327,0,172,0.0397,0.074,1,False
9,2605,0,vm_02605,pm_0285,0,101,0.0427,0.0626,1,False
9,2606,0,vm_02606,pm_0001,0,127,0.6951,0.0162,2,False
9,2607,0,vm_02607,pm_0241,0,85,0.0612,0.0627,1,False
9,2608,0,vm_02608,pm_0502,0,27,0.0765,0.075,1,False
9,2609,0,vm_02609,pm_0395,0,121,0.1305,0.0158,3,False
9,2610,0,vm_02610,pm_0293,0,250,0.076,0.0693,1,False
9,2611,0,vm_02611,pm_0110,0,60,0.1505,0.0152,3,False
9,2612,0,vm_02612,pm_0249,0,170,0.0638,0.0509,1,False
9,2613,0,vm_02613,pm_0721,0,271,0.0475,0.0503,1,False
9,2614,0,vm_02614,pm_0412,0,299,0.1065,0.0122,3,False
9,2615,0,vm_02615,pm_0141,0,112,0.0599,0.0692,1,False
9,2616,0,vm_02616,pm_0168,0,193,0.0618,0.0612,1,False
9,2617,0,vm_02617,pm_0019,0,18,0.1148,0.0566,1,False
9,2618,0,vm_02618,pm_0656,0,92,0.0441,0.0639,1,False
9,2619,0,vm_02619,pm_0248,0,216,0.1547,0.0123,3,False
9,2620,0,vm_02620,pm_0025,0,178,0.0406,0.0601,1,False
9,2621,0,vm_02621,pm_0552,0,190,0.1759,0.0142,3,False
9,2622,0,vm_02622,pm_0785,0,162,0.0927,0.0131,3,False
9,2623,0,vm_02623,pm_0018,0,99,0.3734,0.0169,2,False
9,2624,0,vm_02624,pm_0104,0,186,0.172,0.0174,3,False
9,2625,0,vm_02625,pm_0133,0,294,0.0477,0.0564,1,False
9,2626,0,vm_02626,pm_0094,0,66,0.1204,0.0147,3,False
9,2627,0,vm_02627,pm_0496,0,72,0.0743,0.0568,1,False
9,2628,0,vm_02628,pm_0115,0,231,0.1156,0.0142,3,False
9,2629,0,vm_02629,pm_0170,0,188,0.5759,0.0124,2,False
9,2630,0,vm_02630,pm_0337,0,49,0.0859,0.0685,1,False
9,2631,0,vm_02631,pm_0291,0,123,0.1631,0.0158,3,False
9,2632,0,vm_02632,pm_0183,0,156,0.1473,0.0136,3,False
9,2633,0,vm_02633,pm_0459,0,260,0.0746,0.051,1,False
9,2634,0,vm_02634,pm_0225,0,194,0.0758,0.0717,1,False
9,2635,0,vm_02635,pm_0315,0,255,0.1553,0.0168,3,False
9,2636,0,vm_02636,pm_0490,0,199,0.2005,0.0115,3,False
9,2637,0,vm_02637,pm_0388,0,67,0.0843,0.015,3,False
9,2638,0,vm_02638,pm_0058,0,79,0.1662,0.0193,3,False
9,2639,0,vm_02639,pm_0020,0,232,0.175,0.0189,3,False
9,2640,0,vm_02640,pm_0336,0,185,0.1506,0.0168,3,False
9,2641,0,vm_02641,pm_0683,0,104,0.0653,0.0573,1,False
9,2642,0,vm_02642,pm_0685,0,141,0.0292,0.0625,1,False
9,2643,0,vm_02643,pm_0775,0,271,0.1498,0.0113,3,False
9,2644,0,vm_02644,pm_0119,0,123,0.1481,0.0072,3,False
9,2645,0,vm_02645,pm_0045,0,222,0.0545,0.061,1,False
9,2646,0,vm_02646,pm_0270,0,173,0.096,0.0541,1,False
9,2647,0,vm_02647,pm_0702,0,190,0.1693,0.0186,3,False
9,2648,0,vm_02648,pm_0217,0,139,0.5133,0.0219,2,False
9,2649,0,vm_02649,pm_0515,0,296,0.285,0.0194,2,False
9,2650,0,vm_02650,pm_0650,0,118,0.3829,0.0097,2,False
9,2651,0,vm_02651,pm_0195,0,274,0.0959,0.0592,1,False
9,2652,0,vm_02652,pm_0011,0,75,0.0872,0.0656,1,False
9,2653,0,vm_02653,pm_0249,0,108,0.0979,0.0523,1,False
9,2654,0,vm_02654,pm_0054,0,118,0.1061,0.0629,1,False
9,2655,0,vm_02655,pm_0378,0,257,0.1669,0.017,3,False
9,2656,0,vm_02656,pm_0164,0,19,0.4832,0.0103,2,False
9,2657,0,vm_02657,pm_0757,0,118,0.1468,0.0111,3,False
9,2658,0,vm_02658,pm_0006,0,136,0.1083,0.0092,3,False
9,2659,0,vm_02659,pm_0625,0,276,0.0356,0.0631,1,False
9,2660,0,vm_02660,pm_0414,0,254,0.1168,0.0123,3,False
9,2661,0,vm_02661,pm_0232,0,263,0.3243,0.0212,2,False
9,2662,0,vm_02662,pm_0170,0,166,0.2193,0.0131,3,False
9,2663,0,vm_02663,pm_0416,0,164,0.071,0.061,1,False
9,2664,0,vm_02664,pm_0483,0,28,0.1348,0.014,3,False
9,2665,0,vm_02665,pm_0204,0,34,0.175,0.018,3,False
9,2666,0,vm_02666,pm_0211,0,236,0.0427,0.0569,1,False
9,2667,0,vm_02667,pm_0570,0,293,0.0734,0.0727,1,False
9,2668,0,vm_02668,pm_0340,0,89,0.0874,0.0205,3,False
9,2669,0,vm_02669,pm_0230,0,202,0.1127,0.0119,3,False
9,2670,0,vm_02670,pm_0008,0,227,0.0633,0.0596,1,False
9,2671,0,vm_02671,pm_0774,0,67,0.0911,0.0183,3,False
9,2672,0,vm_02672,pm_0614,0,130,0.0854,0.0708,1,False
9,2673,0,vm_02673,pm_0237,0,110,0.1195,0.0109,3,False
9,2674,0,vm_02674,pm_0391,0,11,0.0617,0.0618,1,False
9,2675,0,vm_02675,pm_0550,0,287,0.1006,0.0189,3,False
9,2676,0,vm_02676,pm_0526,0,174,0.0819,0.0562,1,False
9,2677,0,vm_02677,pm_0019,0,153,0.0642,0.0609,1,False
9,2678,0,vm_02678,pm_0044,0,42,0.0649,0.0496,1,False
9,2679,0,vm_02679,pm_0607,0,204,0.0492,0.0499,1,False
9,2680,0,vm_02680,pm_0301,0,171,0.5538,0.0131,2,False
9,2681,0,vm_02681,pm_0561,0,293,0.0693,0.0657,1,False
9,2682,0,vm_02682,pm_0748,0,284,0.0892,0.0097,3,False
9,2683,0,vm_02683,pm_0485,0,51,0.0602,0.0628,1,False
9,2684,0,vm_02684,pm_0736,0,114,0.0386,0.0663,1,False
9,2685,0,vm_02685,pm_0152,0,18,0.0541,0.0672,1,False
9,2686,0,vm_02686,pm_0244,0,34,0.0751,0.0691,1,False
9,2687,0,vm_02687,pm_0585,0,47,0.1269,0.0536,1,False
9,2688,0,vm_02688,pm_0157,0,232,0.381,0.0155,2,False
9,2689,0,vm_02689,pm_0092,0,218,0.6133,0.0136,2,False
9,2690,0,vm_02690,pm_0630,0,109,0.5347,0.0162,2,False
9,2691,0,vm_02691,pm_0189,0,253,0.5512,0.0175,2,False
9,2692,0,vm_02692,pm_0220,0,187,0.1452,0.0177,3,False
9,2693,0,vm_02693,pm_0176,0,30,0.085,0.0649,1,False
9,2694,0,vm_02694,pm_0719,0,258,0.3356,0.0253,2,False
9,2695,0,vm_02695,pm_0366,0,162,0.21,0.0153,3,False
9,2696,0,vm_02696,pm_0364,0,70,0.2966,0.0179,2,False
9,2697,0,vm_02697,pm_0338,0,55,0.1308,0.0098,3,False
9,2698,0,vm_02698,pm_0095,0,98,0.0549,0.0627,1,False
9,2699,0,vm_02699,pm_0679,0,20,0.2235,0.0063,3,False
9,2700,0,vm_02700,pm_0513,0,107,0.1146,0.01,3,False
9,2701,0,vm_02701,pm_0408,0,52,0.4478,0.0136,2,False
9,2702,0,vm_02702,pm_0713,0,5,0.1146,0.0199,3,False
9,2703,0,vm_02703,pm_0108,0,230,0.0745,0.0578,1,False
9,2704,0,vm_02704,pm_0247,0,81,0.0562,0.0767,1,False
9,2705,0,vm_02705,pm_0463,0,216,0.1476,0.0185,3,False
9,2706,0,vm_02706,pm_0378,0,46,0.1131,0.0106,3,False
9,2707,0,vm_02707,pm_0586,0,240,0.0749,0.0508,1,False
9,2708,0,vm_02708,pm_0793,0,177,0.061,0.0583,1,False
9,2709,0,vm_02709,pm_0756,0,81,0.0592,0.0625,1,False
9,2710,0,vm_02710,pm_0008,0,286,0.0625,0.0688,1,False
9,2711,0,vm_02711,pm_0711,0,191,0.1073,0.0112,3,False
9,2712,0,vm_02712,pm_0051,0,142,0.4642,0.0163,2,False
9,2713,0,vm_02713,pm_0150,0,278,0.0932,0.0561,1,False
9,2714,0,vm_02714,pm_0594,0,40,0.0918,0.0586,1,False
9,2715,0,vm_02715,pm_0351,0,270,0.0518,0.0658,1,False
9,2716,0,vm_02716,pm_0740,0,86,0.1201,0.0555,1,False
9,2717,0,vm_02717,pm_0655,0,2,0.1484,0.0162,3,False
9,2718,0,vm_02718,pm_0303,0,210,0.1596,0.014,3,False
9,2719,0,vm_02719,pm_0264,0,0,0.0784,0.0152,3,False
9,2720,0,vm_02720,pm_0223,0,74,0.0546,0.057,1,False
9,2721,0,vm_02721,pm_0047,0,230,0.1585,0.0116,3,False
9,2722,0,vm_02722,pm_0434,0,75,0.0751,0.0115,3,False
9,2723,0,vm_02723,pm_0410,0,259,0.1696,0.0145,3,False
9,2724,0,vm_02724,pm_0322,0,24,0.5266,0.0149,2,False
9,2725,0,vm_02725,pm_0787,0,199,0.0728,0.0561,1,False
9,2726,0,vm_02726,pm_0634,0,93,0.0405,0.0773,1,False
9,2727,0,vm_02727,pm_0549,0,107,0.0716,0.0639,1,False
9,2728,0,vm_02728,pm_0738,0,94,0.0916,0.067,1,False
9,2729,0,vm_02729,pm_0127,0,90,0.1099,0.0482,1,False
9,2730,0,vm_02730,pm_0111,0,43,0.481,0.0151,2,False
9,2731,0,vm_02731,pm_0717,0,22,0.1699,0.0114,3,False
9,2732,0,vm_02732,pm_0410,0,189,0.4928,0.0169,2,False
9,2733,0,vm_02733,pm_0397,0,22,0.0473,0.0513,1,False
9,2734,0,vm_02734,pm_0082,0,233,0.0888,0.0167,3,False
9,2735,0,vm_02735,pm_0572,0,185,0.1682,0.0122,3,False
9,2736,0,vm_02736,pm_0536,0,62,0.1838,0.0168,3,False
9,2737,0,vm_02737,pm_0738,0,102,0.1478,0.0124,3,False
9,2738,0,vm_02738,pm_0542,0,188,0.3805,0.0167,2,False
9,2739,0,vm_02739,pm_0383,0,188,0.2131,0.0123,3,False
9,2740,0,vm_02740,pm_0011,0,68,0.0693,0.0556,1,False
9,2741,0,vm_02741,pm_0094,0,113,0.0949,0.0518,1,False
9,2742,0,vm_02742,pm_0493,0,103,0.0426,0.0831,1,False
9,2743,0,vm_02743,pm_0359,0,107,0.076,0.0556,1,False
9,2744,0,vm_02744,pm_0412,0,20,0.0921,0.0501,1,False
9,2745,0,vm_02745,pm_0390,0,265,0.0984,0.0099,3,False
9,2746,0,vm_02746,pm_0188,0,208,0.1288,0.0133,3,False
9,2747,0,vm_02747,pm_0474,0,169,0.4096,0.016,2,False
9,2748,0,vm_02748,pm_0777,0,193,0.0638,0.0663,1,False
9,2749,0,vm_02749,pm_0740,0,122,0.1987,0.011,3,False
9,2750,0,vm_02750,pm_0577,0,176,0.1043,0.016,3,False
9,2751,0,vm_02751,pm_0086,0,3,0.0831,0.049,1,False
9,2752,0,vm_02752,pm_0053,0,187,0.1506,0.0163,3,False
9,2753,0,vm_02753,pm_0723,0,28,0.0688,0.0465,1,False
9,2754,0,vm_02754,pm_0198,0,85,0.0717,0.0654,1,False
9,2755,0,vm_02755,pm_0207,0,46,0.2139,0.0168,3,False
9,2756,0,vm_02756,pm_0790,0,76,0.049,0.0788,1,False
9,2757,0,vm_02757,pm_0668,0,190,0.363,0.0145,2,False
9,2758,0,vm_02758,pm_0615,0,30,0.1136,0.0141,3,False
9,2759,0,vm_02759,pm_0149,0,168,0.094,0.0146,3,False
9,2760,0,vm_02760,pm_0053,0,35,0.0522,0.0663,1,False
10,2761,0,vm_02761,pm_0681,0,244,0.0655,0.0469,1,False
10,2762,0,vm_02762,pm_0505,0,187,0.0688,0.0521,1,False
10,2763,0,vm_02763,pm_0453,0,14,0.1002,0.0165,3,False
10,2764,0,vm_02764,pm_0785,0,215,0.3381,0.0162,2,False
10,2765,0,vm_02765,pm_0196,0,157,0.0762,0.0612,1,False
10,2766,0,vm_02766,pm_0249,0,154,0.1306,0.0174,3,False
10,2767,0,vm_02767,pm_0548,0,240,0.3966,0.02,2,False
10,2768,0,vm_02768,pm_0261,0,295,0.049,0.0516,1,False
10,2769,0,vm_02769,pm_0026,0,44,0.3056,0.0184,2,False
10,2770,0,vm_02770,pm_0112,0,174,0.1331,0.0118,3,False
10,2771,0,vm_02771,pm_0252,0,55,0.0506,0.0631,1,False
10,2772,0,vm_02772,pm_0097,0,53,0.0615,0.0595,1,False
10,2773,0,vm_02773,pm_0618,0,264,0.2476,0.0119,3,False
10,2774,0,vm_02774,pm_0144,0,238,0.4912,0.0163,2,False
10,2775,0,vm_02775,pm_0189,0,107,0.4477,0.0148,2,False
10,2776,0,vm_02776,pm_0721,0,197,0.5175,0.0133,2,False
10,2777,0,vm_02777,pm_0176,0,213,0.0426,0.0731,1,False
10,2778,0,vm_02778,pm_0027,0,245,0.059,0.0583,1,False
10,2779,0,vm_02779,pm_0564,0,37,0.4886,0.023,2,False
10,2780,0,vm_02780,pm_0048,0,172,0.0773,0.0597,1,False
10,2781,0,vm_02781,pm_0356,0,104,0.0676,0.0642,1,False
10,2782,0,vm_02782,pm_0363,0,39,0.1601,0.0141,3,False
10,2783,0,vm_02783,pm_0075,0,129,0.0792,0.0154,3,False
10,2784,0,vm_02784,pm_0773,0,180,0.1123,0.0117,3,False
10,2785,0,vm_02785,pm_0556,0,193,0.1402,0.0134,3,False
10,2786,0,vm_02786,pm_0066,0,288,0.0405,0.0648,1,False
10,2787,0,vm_02787,pm_0502,0,58,0.1719,0.0149,3,False
10,2788,0,vm_02788,pm_0126,0,25,0.0468,0.0748,1,False
10,2789,0,vm_02789,pm_0278,0,102,0.1071,0.0164,3,False
10,2790,0,vm_02790,pm_0671,0,20,0.0958,0.013,3,False
10,2791,0,vm_02791,pm_0478,0,79,0.14,0.0177,3,False
10,2792,0,vm_02792,pm_0379,0,198,0.1397,0.006,3,False
10,2793,0,vm_02793,pm_0480,0,36,0.3818,0.017,2,False
10,2794,0,vm_02794,pm_0485,0,13,0.0473,0.0632,1,False
10,2795,0,vm_02795,pm_0644,0,220,0.4779,0.0144,2,False
10,2796,0,vm_02796,pm_0289,0,165,0.0985,0.0126,3,False
10,2797,0,vm_02797,pm_0001,0,172,0.0239,0.0556,1,False
10,2798,0,vm_02798,pm_0076,0,149,0.1105,0.0121,3,False
10,2799,0,vm_02799,pm_0117,0,171,0.1742,0.0102,3,False
10,2800,0,vm_02800,pm_0341,0,80,0.0933,0.0782,1,False
10,2801,0,vm_02801,pm_0420,0,224,0.1695,0.0121,3,False
10,2802,0,vm_02802,pm_0387,0,34,0.1292,0.0125,3,False
10,2803,0,vm_02803,pm_0361,0,187,0.1701,0.0106,3,False
10,2804,0,vm_02804,pm_0369,0,223,0.1543,0.0136,3,False
10,2805,0,vm_02805,pm_0323,0,130,0.3607,0.0167,2,False
10,2806,0,vm_02806,pm_0011,0,8,0.1725,0.0079,3,False
10,2807,0,vm_02807,pm_0768,0,68,0.1432,0.0183,3,False
10,2808,0,vm_02808,pm_0766,0,27,0.0361,0.0506,1,False
10,2809,0,vm_02809,pm_0696,0,233,0.3978,0.0223,2,False
10,2810,0,vm_02810,pm_0659,0,30,0.0911,0.0104,3,False
10,2811,0,vm_02811,pm_0768,0,231,0.0652,0.069,1,False
10,2812,0,vm_02812,pm_0419,0,53,0.1229,0.0143,3,False
10,2813,0,vm_02813,pm_0396,0,174,0.1292,0.0068,3,False
10,2814,0,vm_02814,pm_0195,0,297,0.0625,0.0597,1,False
10,2815,0,vm_02815,pm_0767,0,278,0.5177,0.009,2,False
10,2816,0,vm_02816,pm_0619,0,85,0.1178,0.0169,3,False
10,2817,0,vm_02817,pm_0492,0,64,0.3767,0.0122,2,False
10,2818,0,vm_02818,pm_0496,0,88,0.0966,0.0612,1,False
10,2819,0,vm_02819,pm_0331,0,53,0.0576,0.0418,1,False
10,2820,0,vm_02820,pm_0745,0,117,0.0678,0.0482,1,False
10,2821,0,vm_02821,pm_0021,0,228,0.1707,0.016,3,False
10,2822,0,vm_02822,pm_0643,0,266,0.0828,0.0582,1,False
10,2823,0,vm_02823,pm_0517,0,21,0.1447,0.011,3,False
10,2824,0,vm_02824,pm_0373,0,246,0.0574,0.0634,1,False
10,2825,0,vm_02825,pm_0291,0,19,0.0405,0.0713,1,False
10,2826,0,vm_02826,pm_0002,0,183,0.0922,0.0126,3,False
10,2827,0,vm_02827,pm_0394,0,49,0.1339,0.0142,3,False
10,2828,0,vm_02828,pm_0368,0,89,0.0434,0.0558,1,False
10,2829,0,vm_02829,pm_0575,0,103,0.4501,0.0221,2,False
10,2830,0,vm_02830,pm_0061,0,193,0.0599,0.0848,1,False
10,2831,0,vm_02831,pm_0551,0,73,0.5323,0.0148,2,False
10,2832,0,vm_02832,pm_0516,0,268,0.1011,0.0126,3,False
10,2833,0,vm_02833,pm_0309,0,14,0.0364,0.0602,1,False
10,2834,0,vm_02834,pm_0447,0,282,0.0368,0.0574,1,False
10,2835,0,vm_02835,pm_0272,0,197,0.0984,0.0641,1,False
10,2836,0,vm_02836,pm_0680,0,194,0.1776,0.0177,3,False
10,2837,0,vm_02837,pm_0638,0,35,0.1095,0.0128,3,False
10,2838,0,vm_02838,pm_0032,0,204,0.0417,0.057,1,False
10,2839,0,vm_02839,pm_0100,0,138,0.1534,0.0161,3,False
10,2840,0,vm_02840,pm_0223,0,263,0.0951,0.0656,1,False
10,2841,0,vm_02841,pm_0616,0,56,0.0516,0.0703,1,False
10,2842,0,vm_02842,pm_0577,0,109,0.1209,0.0155,3,False
10,2843,0,vm_02843,pm_0548,0,173,0.1428,0.0174,3,False
10,2844,0,vm_02844,pm_0396,0,205,0.1468,0.0133,3,False
10,2845,0,vm_02845,pm_0669,0,224,0.2503,0.0139,2,False
10,2846,0,vm_02846,pm_0416,0,63,0.0462,0.0656,1,False
10,2847,0,vm_02847,pm_0057,0,251,0.135,0.0139,3,False
10,2848,0,vm_02848,pm_0620,0,266,0.0804,0.0637,1,False
10,2849,0,vm_02849,pm_0787,0,92,0.6467,0.0177,2,False
10,2850,0,vm_02850,pm_0764,0,182,0.0404,0.0695,1,False
10,2851,0,vm_02851,pm_0454,0,299,0.1918,0.0211,3,False
10,2852,0,vm_02852,pm_0432,0,213,0.0993,0.0734,1,False
10,2853,0,vm_02853,pm_0110,0,141,0.087,0.0671,1,False
10,2854,0,vm_02854,pm_0769,0,82,0.1206,0.0138,3,False
10,2855,0,vm_02855,pm_0779,0,98,0.0373,0.0484,1,False
10,2856,0,vm_02856,pm_0558,0,280,0.4066,0.0162,2,False
10,2857,0,vm_02857,pm_0015,0,101,0.0589,0.0728,1,False
10,2858,0,vm_02858,pm_0269,0,70,0.0459,0.0395,1,False
10,2859,0,vm_02859,pm_0362,0,265,0.0805,0.0549,1,False
10,2860,0,vm_02860,pm_0436,0,129,0.0882,0.0542,1,False
10,2861,0,vm_02861,pm_0497,0,59,0.0622,0.0144,3,False
10,2862,0,vm_02862,pm_0386,0,300,0.0933,0.0422,1,False
10,2863,0,vm_02863,pm_0371,0,118,0.1217,0.0159,3,False
10,2864,0,vm_02864,pm_0171,0,262,0.2276,0.0132,3,False
10,2865,0,vm_02865,pm_0262,0,20,0.5826,0.0149,2,False
10,2866,0,vm_02866,pm_0765,0,96,0.317,0.0226,2,False
10,2867,0,vm_02867,pm_0735,0,0,0.4791,0.0221,2,False
10,2868,0,vm_02868,pm_0185,0,202,0.1151,0.0139,3,False
10,2869,0,vm_02869,pm_0076,0,127,0.0509,0.0588,1,False
10,2870,0,vm_02870,pm_0256,0,131,0.0485,0.0467,1,False
10,2871,0,vm_02871,pm_0042,0,33,0.1522,0.0098,3,False
10,2872,0,vm_02872,pm_0547,0,86,0.1086,0.0155,3,False
10,2873,0,vm_02873,pm_0160,0,31,0.1269,0.0128,3,False
10,2874,0,vm_02874,pm_0239,0,258,0.3314,0.009,2,False
10,2875,0,vm_02875,pm_0762,0,32,0.1608,0.0141,3,False
10,2876,0,vm_02876,pm_0676,0,285,0.6729,0.0126,2,False
10,2877,0,vm_02877,pm_0437,0,48,0.3755,0.0131,2,False
10,2878,0,vm_02878,pm_0750,0,285,0.0592,0.0388,1,False
10,2879,0,vm_02879,pm_0330,0,81,0.0697,0.0102,3,False
10,2880,0,vm_02880,pm_0670,0,143,0.0764,0.0454,1,False
10,2881,0,vm_02881,pm_0772,0,279,0.0847,0.0621,1,False
10,2882,0,vm_02882,pm_0422,0,91,0.2387,0.0137,3,False
10,2883,0,vm_02883,pm_0618,0,223,0.0863,0.0491,1,False
10,2884,0,vm_02884,pm_0794,0,216,0.0588,0.0523,1,False
10,2885,0,vm_02885,pm_0526,0,155,0.1077,0.0603,1,False
10,2886,0,vm_02886,pm_0117,0,276,0.1512,0.0142,3,False
10,2887,0,vm_02887,pm_0418,0,7,0.312,0.0132,2,False
10,2888,0,vm_02888,pm_0389,0,35,0.3445,0.0105,2,False
10,2889,0,vm_02889,pm_0394,0,123,0.2048,0.0114,3,False
10,2890,0,vm_02890,pm_0434,0,8,0.1342,0.0157,3,False
10,2891,0,vm_02891,pm_0669,0,39,0.0691,0.0639,1,False
10,2892,0,vm_02892,pm_0196,0,178,0.1095,0.0188,3,False
10,2893,0,vm_02893,pm_0655,0,128,0.1174,0.0117,3,False
10,2894,0,vm_02894,pm_0538,0,67,0.2253,0.012,3,False
10,2895,0,vm_02895,pm_0438,0,153,0.0443,0.0868,1,False
10,2896,0,vm_02896,pm_0699,0,2,0.1794,0.015,3,False
10,2897,0,vm_02897,pm_0752,0,264,0.6102,0.0093,2,False
10,2898,0,vm_02898,pm_0415,0,3,0.0563,0.0572,1,False
10,2899,0,vm_02899,pm_0629,0,261,0.5362,0.0132,2,False
10,2900,0,vm_02900,pm_0336,0,281,0.075,0.0519,1,False
10,2901,0,vm_02901,pm_0187,0,84,0.0862,0.0692,1,False
10,2902,0,vm_02902,pm_0345,0,34,0.1809,0.0168,3,False
10,2903,0,vm_02903,pm_0237,0,113,0.0665,0.0438,1,False
10,2904,0,vm_02904,pm_0300,0,58,0.4012,0.023,2,False
10,2905,0,vm_02905,pm_0460,0,37,0.3186,0.009,2,False
10,2906,0,vm_02906,pm_0105,0,32,0.0693,0.0627,1,False
10,2907,0,vm_02907,pm_0154,0,202,0.1203,0.014,3,False
10,2908,0,vm_02908,pm_0311,0,201,0.0371,0.0619,1,False
10,2909,0,vm_02909,pm_0255,0,99,0.0469,0.0552,1,False
10,2910,0,vm_02910,pm_0082,0,300,0.0545,0.0721,1,False
10,2911,0,vm_02911,pm_0175,0,117,0.0921,0.0657,1,False
10,2912,0,vm_02912,pm_0404,0,242,0.1089,0.0608,1,False
10,2913,0,vm_02913,pm_0281,0,28,0.1249,0.01,3,False
10,2914,0,vm_02914,pm_0631,0,226,0.0757,0.0144,3,False
10,2915,0,vm_02915,pm_0449,0,212,0.0675,0.0607,1,False
10,2916,0,vm_02916,pm_0700,0,186,0.1027,0.0112,3,False
10,2917,0,vm_02917,pm_0334,0,112,0.2372,0.0148,3,False
10,2918,0,vm_02918,pm_0622,0,298,0.092,0.0125,3,False
10,2919,0,vm_02919,pm_0766,0,160,0.395,0.0135,2,False
10,2920,0,vm_02920,pm_0050,0,18,0.0766,0.0614,1,False
10,2921,0,vm_02921,pm_0541,0,263,0.0782,0.06,1,False
10,2922,0,vm_02922,pm_0447,0,158,0.1857,0.0147,3,False
10,2923,0,vm_02923,pm_0196,0,10,0.1972,0.0117,3,False
10,2924,0,vm_02924,pm_0321,0,7,0.0677,0.0666,1,False
10,2925,0,vm_02925,pm_0442,0,152,0.0707,0.0599,1,False
10,2926,0,vm_02926,pm_0608,0,112,0.2051,0.0135,3,False
10,2927,0,vm_02927,pm_0729,0,147,0.2088,0.0159,3,False
10,2928,0,vm_02928,pm_0181,0,37,0.21,0.0174,3,False
10,2929,0,vm_02929,pm_0226,0,134,0.1478,0.0149,3,False
10,2930,0,vm_02930,pm_0091,0,234,0.0787,0.059,1,False
10,2931,0,vm_02931,pm_0258,0,254,0.1375,0.0142,3,False
10,2932,0,vm_02932,pm_0629,0,73,0.1202,0.0145,3,False
10,2933,0,vm_02933,pm_0160,0,275,0.0867,0.0591,1,False
10,2934,0,vm_02934,pm_0663,0,208,0.3564,0.0174,2,False
10,2935,0,vm_02935,pm_0319,0,266,0.1143,0.0111,3,False
10,2936,0,vm_02936,pm_0569,0,143,0.0733,0.0745,1,False
10,2937,0,vm_02937,pm_0055,0,41,0.087,0.01,3,False
10,2938,0,vm_02938,pm_0517,0,223,0.1423,0.0168,3,False
10,2939,0,vm_02939,pm_0104,0,51,0.0892,0.0138,3,False
10,2940,0,vm_02940,pm_0173,0,136,0.0946,0.0581,1,False
10,2941,0,vm_02941,pm_0424,0,194,0.0615,0.0633,1,False
10,2942,0,vm_02942,pm_0404,0,94,0.1989,0.0147,3,False
10,2943,0,vm_02943,pm_0154,0,257,0.0338,0.0552,1,False
10,2944,0,vm_02944,pm_0338,0,24,0.1648,0.0109,3,False
10,2945,0,vm_02945,pm_0774,0,231,0.1132,0.0128,3,False
10,2946,0,vm_02946,pm_0385,0,93,0.0845,0.0646,1,False
10,2947,0,vm_02947,pm_0550,0,220,0.3945,0.0194,2,False
10,2948,0,vm_02948,pm_0176,0,296,0.7432,0.0155,2,False
10,2949,0,vm_02949,pm_0667,0,202,0.0389,0.0532,1,False
10,2950,0,vm_02950,pm_0496,0,80,0.1211,0.0114,3,False
10,2951,0,vm_02951,pm_0443,0,204,0.0858,0.0098,3,False
10,2952,0,vm_02952,pm_0108,0,76,0.156,0.0095,3,False
10,2953,0,vm_02953,pm_0591,0,37,0.0878,0.0156,3,False
10,2954,0,vm_02954,pm_0543,0,194,0.5014,0.009,2,False
10,2955,0,vm_02955,pm_0647,0,41,0.0931,0.0154,3,False
10,2956,0,vm_02956,pm_0168,0,181,0.1494,0.011,3,False
10,2957,0,vm_02957,pm_0224,0,244,0.1394,0.0162,3,False
10,2958,0,vm_02958,pm_0170,0,194,0.1284,0.0146,3,False
10,2959,0,vm_02959,pm_0564,0,77,0.059,0.0723,1,False
10,2960,0,vm_02960,pm_0515,0,124,0.1514,0.0131,3,False
10,2961,0,vm_02961,pm_0652,0,140,0.0453,0.0611,1,False
10,2962,0,vm_02962,pm_0787,0,26,0.0831,0.0408,1,False
10,2963,0,vm_02963,pm_0352,0,280,0.0672,0.0642,1,False
10,2964,0,vm_02964,pm_0217,0,292,0.1164,0.0127,3,False
10,2965,0,vm_02965,pm_0536,0,241,0.0937,0.008,3,False
10,2966,0,vm_02966,pm_0331,0,235,0.1543,0.0211,3,False
10,2967,0,vm_02967,pm_0047,0,202,0.1299,0.0094,3,False
10,2968,0,vm_02968,pm_0006,0,141,0.5233,0.0129,2,False
10,2969,0,vm_02969,pm_0122,0,93,0.1486,0.0143,3,False
10,2970,0,vm_02970,pm_0709,0,151,0.3425,0.009,2,False
10,2971,0,vm_02971,pm_0722,0,252,0.114,0.0645,1,False
10,2972,0,vm_02972,pm_0197,0,66,0.0323,0.0527,1,False
10,2973,0,vm_02973,pm_0519,0,175,0.1245,0.0135,3,False
10,2974,0,vm_02974,pm_0067,0,102,0.1749,0.013,3,False
10,2975,0,vm_02975,pm_0298,0,90,0.0524,0.0619,1,False
10,2976,0,vm_02976,pm_0132,0,192,0.0476,0.0396,1,False
10,2977,0,vm_02977,pm_0369,0,165,0.1689,0.0121,3,False
10,2978,0,vm_02978,pm_0540,0,89,0.0894,0.0795,1,False
10,2979,0,vm_02979,pm_0551,0,267,0.1583,0.0125,3,False
10,2980,0,vm_02980,pm_0608,0,50,0.1288,0.0085,3,False
10,2981,0,vm_02981,pm_0546,0,165,0.2877,0.0163,2,False
10,2982,0,vm_02982,pm_0005,0,173,0.0352,0.0641,1,False
10,2983,0,vm_02983,pm_0164,0,226,0.1628,0.015,3,False
10,2984,0,vm_02984,pm_0704,0,265,0.122,0.0141,3,False
10,2985,0,vm_02985,pm_0790,0,8,0.4259,0.0118,2,False
10,2986,0,vm_02986,pm_0612,0,86,0.1695,0.0074,3,False
10,2987,0,vm_02987,pm_0597,0,93,0.0662,0.0616,1,False
10,2988,0,vm_02988,pm_0392,0,51,0.5338,0.0151,2,False
10,2989,0,vm_02989,pm_0797,0,178,0.2422,0.015,3,False
10,2990,0,vm_02990,pm_0629,0,277,0.089,0.0155,3,False
10,2991,0,vm_02991,pm_0098,0,238,0.056,0.0564,1,False
10,2992,0,vm_02992,pm_0575,0,72,0.1084,0.0176,3,False
11,2993,0,vm_02993,pm_0010,0,71,0.3449,0.0167,2,False
11,2994,0,vm_02994,pm_0606,0,67,0.0545,0.0608,1,False
11,2995,0,vm_02995,pm_0361,0,4,0.064,0.0475,1,False
11,2996,0,vm_02996,pm_0498,0,237,0.2315,0.0136,3,False
11,2997,0,vm_02997,pm_0540,0,120,0.0401,0.0696,1,False
11,2998,0,vm_02998,pm_0767,0,210,0.0577,0.0803,1,False
11,2999,0,vm_02999,pm_0653,0,261,0.0867,0.0625,1,False
11,3000,0,vm_03000,pm_0142,0,57,0.1237,0.0132,3,False
11,3001,0,vm_03001,pm_0360,0,42,0.1007,0.0128,3,False
11,3002,0,vm_03002,pm_0417,0,196,0.1622,0.0186,3,False
11,3003,0,vm_03003,pm_0626,0,71,0.0923,0.0637,1,False
11,3004,0,vm_03004,pm_0337,0,90,0.1972,0.0149,3,False
11,3005,0,vm_03005,pm_0724,0,36,0.6142,0.0212,2,False
11,3006,0,vm_03006,pm_0045,0,236,0.1727,0.0213,3,False
11,3007,0,vm_03007,pm_0575,0,292,0.1744,0.0123,3,False
11,3008,0,vm_03008,pm_0180,0,153,0.07,0.0552,1,False
11,3009,0,vm_03009,pm_0700,0,169,0.102,0.0115,3,False
11,3010,0,vm_03010,pm_0192,0,271,0.0946,0.0648,1,False
11,3011,0,vm_03011,pm_0499,0,109,0.3682,0.0144,2,False
11,3012,0,vm_03012,pm_0344,0,150,0.057,0.0709,1,False
11,3013,0,vm_03013,pm_0262,0,130,0.0416,0.0547,1,False
11,3014,0,vm_03014,pm_0399,0,267,0.0848,0.0516,1,False
11,3015,0,vm_03015,pm_0295,0,22,0.1243,0.0118,3,False
11,3016,0,vm_03016,pm_0739,0,138,0.062,0.0646,1,False
11,3017,0,vm_03017,pm_0390,0,238,0.2042,0.0154,3,False
11,3018,0,vm_03018,pm_0688,0,191,0.3413,0.0155,2,False
11,3019,0,vm_03019,pm_0544,0,126,0.0611,0.0604,1,False
11,3020,0,vm_03020,pm_0121,0,28,0.0861,0.0173,3,False
11,3021,0,vm_03021,pm_0404,0,120,0.0455,0.0738,1,False
11,3022,0,vm_03022,pm_0504,0,197,0.3208,0.0096,2,False
11,3023,0,vm_03023,pm_0396,0,173,0.1403,0.0181,3,False
11,3024,0,vm_03024,pm_0577,0,143,0.0669,0.0495,1,False
11,3025,0,vm_03025,pm_0793,0,178,0.0709,0.0739,1,False
11,3026,0,vm_03026,pm_0547,0,10,0.0674,0.0445,1,False
11,3027,0,vm_03027,pm_0671,0,138,0.1026,0.0122,3,False
11,3028,0,vm_03028,pm_0055,0,252,0.1188,0.0132,3,False
11,3029,0,vm_03029,pm_0247,0,18,0.1001,0.0092,3,False
11,3030,0,vm_03030,pm_0697,0,159,0.1069,0.011,3,False
11,3031,0,vm_03031,pm_0620,0,121,0.097,0.0552,1,False
11,3032,0,vm_03032,pm_0507,0,71,0.3762,0.0182,2,False
11,3033,0,vm_03033,pm_0088,0,54,0.092,0.0118,3,False
11,3034,0,vm_03034,pm_0387,0,168,0.0652,0.0562,1,False
11,3035,0,vm_03035,pm_0451,0,98,0.0682,0.0721,1,False
11,3036,0,vm_03036,pm_0547,0,69,0.0519,0.0709,1,False
11,3037,0,vm_03037,pm_0173,0,148,0.5023,0.0201,2,False
11,3038,0,vm_03038,pm_0077,0,116,0.1989,0.0142,3,False
11,3039,0,vm_03039,pm_0716,0,25,0.0591,0.0683,1,False
11,3040,0,vm_03040,pm_0317,0,247,0.4072,0.0197,2,False
11,3041,0,vm_03041,pm_0581,0,208,0.0969,0.062,1,False
11,3042,0,vm_03042,pm_0317,0,226,0.224,0.0096,3,False
11,3043,0,vm_03043,pm_0678,0,113,0.0974,0.0649,1,False
11,3044,0,vm_03044,pm_0450,0,193,0.0889,0.0595,1,False
11,3045,0,vm_03045,pm_0359,0,9,0.153,0.0164,3,False
11,3046,0,vm_03046,pm_0152,0,94,0.1933,0.0124,3,False
11,3047,0,vm_03047,pm_0249,0,120,0.3689,0.0224,2,False
11,3048,0,vm_03048,pm_0559,0,125,0.0827,0.0658,1,False
11,3049,0,vm_03049,pm_0071,0,36,0.0789,0.0558,1,False
11,3050,0,vm_03050,pm_0552,0,68,0.042,0.0602,1,False
11,3051,0,vm_03051,pm_0467,0,296,0.0629,0.081,1,False
11,3052,0,vm_03052,pm_0688,0,173,0.36,0.0222,2,False
11,3053,0,vm_03053,pm_0438,0,44,0.032,0.0652,1,False
11,3054,0,vm_03054,pm_0351,0,122,0.0551,0.0576,1,False
11,3055,0,vm_03055,pm_0611,0,26,0.1201,0.0147,3,False
11,3056,0,vm_03056,pm_0293,0,192,0.1348,0.015,3,False
11,3057,0,vm_03057,pm_0678,0,135,0.1816,0.0139,3,False
11,3058,0,vm_03058,pm_0771,0,194,0.0822,0.0691,1,False
11,3059,0,vm_03059,pm_0377,0,48,0.0769,0.0636,1,False
11,3060,0,vm_03060,pm_0198,0,95,0.1441,0.0098,3,False
11,3061,0,vm_03061,pm_0013,0,120,0.086,0.0617,1,False
11,3062,0,vm_03062,pm_0788,0,248,0.0627,0.0794,1,False
11,3063,0,vm_03063,pm_0184,0,216,0.0925,0.0089,3,False
11,3064,0,vm_03064,pm_0231,0,113,0.1326,0.0098,3,False
11,3065,0,vm_03065,pm_0432,0,13,0.1115,0.015,3,False
11,3066,0,vm_03066,pm_0005,0,61,0.0495,0.0537,1,False
11,3067,0,vm_03067,pm_0337,0,42,0.0508,0.07,1,False
11,3068,0,vm_03068,pm_0091,0,239,0.168,0.0115,3,False
11,3069,0,vm_03069,pm_0764,0,95,0.0705,0.0631,1,False
11,3070,0,vm_03070,pm_0587,0,26,0.2191,0.0145,3,False
11,3071,0,vm_03071,pm_0796,0,241,0.0984,0.0159,3,False
11,3072,0,vm_03072,pm_0321,0,239,0.1909,0.0174,3,False
11,3073,0,vm_03073,pm_0677,0,66,0.0815,0.0649,1,False
11,3074,0,vm_03074,pm_0764,0,280,0.051,0.0685,1,False
11,3075,0,vm_03075,pm_0621,0,191,0.0718,0.0111,3,False
11,3076,0,vm_03076,pm_0251,0,118,0.0952,0.0119,3,False
11,3077,0,vm_03077,pm_0155,0,151,0.1977,0.0153,3,False
11,3078,0,vm_03078,pm_0154,0,264,0.105,0.0489,1,False
11,3079,0,vm_03079,pm_0241,0,230,0.0724,0.0574,1,False
11,3080,0,vm_03080,pm_0308,0,248,0.191,0.0102,3,False
11,3081,0,vm_03081,pm_0591,0,58,0.2007,0.0111,3,False
11,3082,0,vm_03082,pm_0073,0,16,0.1959,0.0126,3,False
11,3083,0,vm_03083,pm_0492,0,170,0.0972,0.0689,1,False
11,3084,0,vm_03084,pm_0430,0,131,0.1251,0.0159,3,False
11,3085,0,vm_03085,pm_0467,0,135,0.1201,0.0189,3,False
11,3086,0,vm_03086,pm_0482,0,41,0.1766,0.0116,3,False
11,3087,0,vm_03087,pm_0489,0,5,0.3479,0.0122,2,False
11,3088,0,vm_03088,pm_0138,0,169,0.0467,0.0535,1,False
11,3089,0,vm_03089,pm_0381,0,287,0.2515,0.0175,3,False
11,3090,0,vm_03090,pm_0536,0,214,0.0794,0.072,1,False
11,3091,0,vm_03091,pm_0043,0,68,0.2721,0.011,2,False
11,3092,0,vm_03092,pm_0241,0,26,0.2021,0.0144,3,False
11,3093,0,vm_03093,pm_0188,0,224,0.0689,0.0543,1,False
11,3094,0,vm_03094,pm_0688,0,233,0.1305,0.017,3,False
11,3095,0,vm_03095,pm_0150,0,50,0.0607,0.0665,1,False
11,3096,0,vm_03096,pm_0286,0,148,0.2041,0.0098,3,False
11,3097,0,vm_03097,pm_0249,0,74,0.2343,0.0145,3,False
11,3098,0,vm_03098,pm_0563,0,91,0.0587,0.05,1,False
11,3099,0,vm_03099,pm_0453,0,67,0.0303,0.0773,1,False
11,3100,0,vm_03100,pm_0649,0,234,0.4611,0.0139,2,False
11,3101,0,vm_03101,pm_0781,0,143,0.0873,0.0562,1,False
11,3102,0,vm_03102,pm_0409,0,75,0.2066,0.011,3,False
11,3103,0,vm_03103,pm_0504,0,85,0.1113,0.0113,3,False
11,3104,0,vm_03104,pm_0114,0,226,0.3566,0.0203,2,False
11,3105,0,vm_03105,pm_0347,0,55,0.081,0.0538,1,False
11,3106,0,vm_03106,pm_0486,0,79,0.4439,0.0198,2,False
11,3107,0,vm_03107,pm_0404,0,23,0.1154,0.0186,3,False
11,3108,0,vm_03108,pm_0102,0,226,0.059,0.0755,1,False
11,3109,0,vm_03109,pm_0169,0,27,0.1476,0.0151,3,False
11,3110,0,vm_03110,pm_0549,0,120,0.0936,0.0137,3,False
11,3111,0,vm_03111,pm_0735,0,92,0.0964,0.0164,3,False
11,3112,0,vm_03112,pm_0671,0,111,0.0724,0.0504,1,False
11,3113,0,vm_03113,pm_0044,0,30,0.214,0.0134,3,False
11,3114,0,vm_03114,pm_0468,0,142,0.0717,0.0526,1,False
11,3115,0,vm_03115,pm_0463,0,297,0.0854,0.0654,1,False
11,3116,0,vm_03116,pm_0623,0,226,0.2263,0.0123,3,False
11,3117,0,vm_03117,pm_0660,0,249,0.1914,0.0148,3,False
11,3118,0,vm_03118,pm_0466,0,49,0.1052,0.0767,1,False
11,3119,0,vm_03119,pm_0590,0,213,0.0481,0.0554,1,False
11,3120,0,vm_03120,pm_0382,0,268,0.0665,0.0669,1,False
11,3121,0,vm_03121,pm_0545,0,287,0.0665,0.0578,1,False
11,3122,0,vm_03122,pm_0453,0,194,0.0593,0.0533,1,False
11,3123,0,vm_03123,pm_0642,0,253,0.1084,0.0661,1,False
11,3124,0,vm_03124,pm_0106,0,78,0.4465,0.0164,2,False
11,3125,0,vm_03125,pm_0608,0,243,0.1989,0.0168,3,False
11,3126,0,vm_03126,pm_0240,0,90,0.1077,0.015,3,False
11,3127,0,vm_03127,pm_0151,0,5,0.1817,0.0198,3,False
11,3128,0,vm_03128,pm_0375,0,280,0.0598,0.0665,1,False
11,3129,0,vm_03129,pm_0775,0,149,0.1558,0.0165,3,False
11,3130,0,vm_03130,pm_0043,0,281,0.1097,0.0176,3,False
11,3131,0,vm_03131,pm_0094,0,190,0.1381,0.0141,3,False
11,3132,0,vm_03132,pm_0563,0,273,0.0904,0.0129,3,False
11,3133,0,vm_03133,pm_0485,0,72,0.2259,0.0206,3,False
11,3134,0,vm_03134,pm_0504,0,67,0.5187,0.0173,2,False
11,3135,0,vm_03135,pm_0541,0,62,0.0825,0.0507,1,False
11,3136,0,vm_03136,pm_0156,0,133,0.094,0.0147,3,False
11,3137,0,vm_03137,pm_0783,0,267,0.1572,0.0101,3,False
11,3138,0,vm_03138,pm_0598,0,222,0.1493,0.0137,3,False
11,3139,0,vm_03139,pm_0283,0,125,0.4779,0.0092,2,False
11,3140,0,vm_03140,pm_0407,0,264,0.0783,0.0702,1,False
11,3141,0,vm_03141,pm_0530,0,6,0.0977,0.0918,1,False
11,3142,0,vm_03142,pm_0687,0,205,0.1314,0.015,3,False
11,3143,0,vm_03143,pm_0128,0,178,0.1742,0.0149,3,False
11,3144,0,vm_03144,pm_0140,0,182,0.44,0.0168,2,False
11,3145,0,vm_03145,pm_0710,0,227,0.0796,0.0567,1,False
11,3146,0,vm_03146,pm_0493,0,235,0.0639,0.0553,1,False
11,3147,0,vm_03147,pm_0289,0,145,0.193,0.0151,3,False
11,3148,0,vm_03148,pm_0253,0,57,0.1793,0.0142,3,False
11,3149,0,vm_03149,pm_0399,0,295,0.2626,0.0161,3,False
11,3150,0,vm_03150,pm_0082,0,240,0.4607,0.0238,2,False
11,3151,0,vm_03151,pm_0693,0,286,0.2013,0.0128,3,False
11,3152,0,vm_03152,pm_0449,0,162,0.0797,0.0798,1,False
11,3153,0,vm_03153,pm_0467,0,25,0.185,0.0123,3,False
11,3154,0,vm_03154,pm_0527,0,105,0.5127,0.0127,2,False
11,3155,0,vm_03155,pm_0634,0,239,0.3975,0.0109,2,False
11,3156,0,vm_03156,pm_0615,0,41,0.0921,0.019,3,False
11,3157,0,vm_03157,pm_0425,0,132,0.1044,0.0103,3,False
11,3158,0,vm_03158,pm_0301,0,43,0.0553,0.0724,1,False
11,3159,0,vm_03159,pm_0275,0,34,0.1717,0.0113,3,False
11,3160,0,vm_03160,pm_0328,0,0,0.0364,0.0575,1,False
11,3161,0,vm_03161,pm_0398,0,225,0.2916,0.0211,2,False
11,3162,0,vm_03162,pm_0122,0,298,0.0683,0.0467,1,False
11,3163,0,vm_03163,pm_0521,0,287,0.0902,0.0458,1,False
11,3164,0,vm_03164,pm_0673,0,235,0.5715,0.017,2,False
11,3165,0,vm_03165,pm_0162,0,32,0.0502,0.065,1,False
11,3166,0,vm_03166,pm_0458,0,94,0.2504,0.0152,2,False
11,3167,0,vm_03167,pm_0085,0,204,0.195,0.0168,3,False
11,3168,0,vm_03168,pm_0221,0,108,0.0522,0.0536,1,False
11,3169,0,vm_03169,pm_0600,0,29,0.1524,0.0147,3,False
11,3170,0,vm_03170,pm_0619,0,265,0.2573,0.0131,2,False
11,3171,0,vm_03171,pm_0012,0,22,0.1771,0.0145,3,False
11,3172,0,vm_03172,pm_0463,0,96,0.0614,0.0512,1,False
11,3173,0,vm_03173,pm_0719,0,38,0.0372,0.0456,1,False
11,3174,0,vm_03174,pm_0724,0,172,0.0869,0.0566,1,False
11,3175,0,vm_03175,pm_0208,0,247,0.1014,0.059,1,False
11,3176,0,vm_03176,pm_0300,0,161,0.089,0.0641,1,False
11,3177,0,vm_03177,pm_0730,0,179,0.1189,0.017,3,False
11,3178,0,vm_03178,pm_0518,0,102,0.1412,0.0168,3,False
11,3179,0,vm_03179,pm_0295,0,208,0.1748,0.0131,3,False
11,3180,0,vm_03180,pm_0311,0,21,0.1037,0.012,3,False
11,3181,0,vm_03181,pm_0213,0,4,0.0699,0.0609,1,False
11,3182,0,vm_03182,pm_0412,0,138,0.0427,0.0397,1,False
11,3183,0,vm_03183,pm_0759,0,213,0.0412,0.0524,1,False
11,3184,0,vm_03184,pm_0298,0,159,0.0674,0.053,1,False
11,3185,0,vm_03185,pm_0729,0,138,0.4663,0.0169,2,False
11,3186,0,vm_03186,pm_0243,0,144,0.3165,0.0156,2,False
11,3187,0,vm_03187,pm_0078,0,159,0.0938,0.0487,1,False
11,3188,0,vm_03188,pm_0090,0,82,0.0567,0.0594,1,False
11,3189,0,vm_03189,pm_0358,0,154,0.0856,0.0112,3,False
11,3190,0,vm_03190,pm_0774,0,287,0.189,0.0149,3,False
11,3191,0,vm_03191,pm_0444,0,280,0.0807,0.0447,1,False
11,3192,0,vm_03192,pm_0181,0,63,0.1676,0.0122,3,False
11,3193,0,vm_03193,pm_0260,0,191,0.1839,0.0116,3,False
11,3194,0,vm_03194,pm_0051,0,155,0.0547,0.0698,1,False
11,3195,0,vm_03195,pm_0033,0,90,0.0563,0.0566,1,False
11,3196,0,vm_03196,pm_0754,0,141,0.342,0.015,2,False
11,3197,0,vm_03197,pm_0332,0,41,0.0714,0.0127,3,False
11,3198,0,vm_03198,pm_0140,0,248,0.1322,0.0109,3,False
11,3199,0,vm_03199,pm_0278,0,294,0.065,0.0559,1,False
11,3200,0,vm_03200,pm_0314,0,257,0.0492,0.0671,1,False
11,3201,0,vm_03201,pm_0666,0,0,0.597,0.0215,2,False
11,3202,0,vm_03202,pm_0090,0,108,0.4784,0.0251,2,False
11,3203,0,vm_03203,pm_0231,0,124,0.0644,0.0451,1,False
11,3204,0,vm_03204,pm_0236,0,63,0.1368,0.0111,3,False
11,3205,0,vm_03205,pm_0781,0,205,0.124,0.0134,3,False
11,3206,0,vm_03206,pm_0331,0,243,0.2044,0.0084,3,False
11,3207,0,vm_03207,pm_0156,0,77,0.0947,0.0168,3,False
11,3208,0,vm_03208,pm_0422,0,110,0.2071,0.0178,3,False
11,3209,0,vm_03209,pm_0683,0,141,0.468,0.0205,2,False
11,3210,0,vm_03210,pm_0028,0,215,0.1802,0.0172,3,False
11,3211,0,vm_03211,pm_0177,0,15,0.0923,0.0541,1,False
11,3212,0,vm_03212,pm_0736,0,53,0.0856,0.0122,3,False
11,3213,0,vm_03213,pm_0089,0,140,0.099,0.0551,1,False
11,3214,0,vm_03214,pm_0188,0,78,0.1765,0.0118,3,False
11,3215,0,vm_03215,pm_0367,0,148,0.0955,0.069,1,False
11,3216,0,vm_03216,pm_0665,0,126,0.0813,0.0709,1,False
11,3217,0,vm_03217,pm_0432,0,157,0.1042,0.0673,1,False
11,3218,0,vm_03218,pm_0029,0,278,0.0541,0.0307,1,False
11,3219,0,vm_03219,pm_0653,0,37,0.1251,0.0141,3,False
11,3220,0,vm_03220,pm_0042,0,156,0.1339,0.0116,3,False
11,3221,0,vm_03221,pm_0610,0,287,0.391,0.0196,2,False
11,3222,0,vm_03222,pm_0452,0,111,0.0939,0.0643,1,False
11,3223,0,vm_03223,pm_0152,0,189,0.0576,0.0469,1,False
11,3224,0,vm_03224,pm_0740,0,105,0.0894,0.0701,1,False
11,3225,0,vm_03225,pm_0349,0,90,0.0862,0.0376,1,False
11,3226,0,vm_03226,pm_0599,0,300,0.1874,0.0084,3,False
11,3227,0,vm_03227,pm_0353,0,48,0.0994,0.0601,1,False
12,3228,0,vm_03228,pm_0763,0,160,0.0606,0.0863,1,False
12,3229,0,vm_03229,pm_0558,0,3,0.0702,0.0763,1,False
12,3230,0,vm_03230,pm_0155,0,197,0.0976,0.0536,1,False
12,3231,0,vm_03231,pm_0644,0,253,0.5751,0.0161,2,False
12,3232,0,vm_03232,pm_0597,0,89,0.1662,0.0154,3,False
12,3233,0,vm_03233,pm_0018,0,19,0.1114,0.0562,1,False
12,3234,0,vm_03234,pm_0273,0,76,0.1039,0.0568,1,False
12,3235,0,vm_03235,pm_0547,0,219,0.0482,0.053,1,False
12,3236,0,vm_03236,pm_0450,0,161,0.0514,0.0647,1,False
12,3237,0,vm_03237,pm_0250,0,114,0.072,0.0443,1,False
12,3238,0,vm_03238,pm_0108,0,93,0.1724,0.0131,3,False
12,3239,0,vm_03239,pm_0771,0,132,0.1194,0.0184,3,False
12,3240,0,vm_03240,pm_0761,0,171,0.396,0.011,2,False
12,3241,0,vm_03241,pm_0127,0,113,0.6559,0.019,2,False
12,3242,0,vm_03242,pm_0513,0,8,0.3847,0.011,2,False
12,3243,0,vm_03243,pm_0733,0,298,0.4866,0.0196,2,False
12,3244,0,vm_03244,pm_0674,0,259,0.1058,0.0174,3,False
12,3245,0,vm_03245,pm_0215,0,169,0.1223,0.0131,3,False
12,3246,0,vm_03246,pm_0322,0,97,0.0393,0.0643,1,False
12,3247,0,vm_03247,pm_0077,0,168,0.5983,0.0175,2,False
12,3248,0,vm_03248,pm_0621,0,217,0.4726,0.0154,2,False
12,3249,0,vm_03249,pm_0435,0,43,0.1863,0.0172,3,False
12,3250,0,vm_03250,pm_0522,0,260,0.19,0.0182,3,False
12,3251,0,vm_03251,pm_0047,0,284,0.3904,0.0157,2,False
12,3252,0,vm_03252,pm_0246,0,125,0.0929,0.0519,1,False
12,3253,0,vm_03253,pm_0687,0,259,0.083,0.0105,3,False
12,3254,0,vm_03254,pm_0208,0,213,0.0677,0.0571,1,False
12,3255,0,vm_03255,pm_0247,0,199,0.0419,0.0638,1,False
12,3256,0,vm_03256,pm_0165,0,235,0.043,0.0571,1,False
12,3257,0,vm_03257,pm_0619,0,135,0.2045,0.0136,3,False
12,3258,0,vm_03258,pm_0580,0,115,0.0792,0.0724,1,False
12,3259,0,vm_03259,pm_0783,0,154,0.0775,0.073,1,False
12,3260,0,vm_03260,pm_0026,0,17,0.1919,0.01,3,False
12,3261,0,vm_03261,pm_0126,0,3,0.0987,0.0584,1,False
12,3262,0,vm_03262,pm_0281,0,164,0.3259,0.0196,2,False
12,3263,0,vm_03263,pm_0069,0,126,0.4676,0.0173,2,False
12,3264,0,vm_03264,pm_0266,0,212,0.0759,0.0593,1,False
12,3265,0,vm_03265,pm_0379,0,47,0.1466,0.0128,3,False
12,3266,0,vm_03266,pm_0139,0,45,0.0818,0.0547,1,False
12,3267,0,vm_03267,pm_0300,0,45,0.5355,0.0091,2,False
12,3268,0,vm_03268,pm_0356,0,47,0.3983,0.0168,2,False
12,3269,0,vm_03269,pm_0443,0,186,0.126,0.0125,3,False
12,3270,0,vm_03270,pm_0545,0,119,0.0992,0.0138,3,False
12,3271,0,vm_03271,pm_0433,0,131,0.0594,0.0496,1,False
12,3272,0,vm_03272,pm_0038,0,18,0.0968,0.0682,1,False
12,3273,0,vm_03273,pm_0675,0,274,0.0919,0.0078,3,False
12,3274,0,vm_03274,pm_0330,0,231,0.3082,0.0165,2,False
12,3275,0,vm_03275,pm_0380,0,41,0.0784,0.0144,3,False
12,3276,0,vm_03276,pm_0183,0,91,0.1174,0.0103,3,False
12,3277,0,vm_03277,pm_0457,0,260,0.0971,0.0114,3,False
12,3278,0,vm_03278,pm_0686,0,47,0.4273,0.0244,2,False
12,3279,0,vm_03279,pm_0323,0,281,0.0431,0.0607,1,False
12,3280,0,vm_03280,pm_0670,0,73,0.0864,0.0094,3,False
12,3281,0,vm_03281,pm_0148,0,215,0.4022,0.0145,2,False
12,3282,0,vm_03282,pm_0105,0,220,0.0877,0.0568,1,False
12,3283,0,vm_03283,pm_0609,0,108,0.1743,0.0106,3,False
12,3284,0,vm_03284,pm_0675,0,134,0.1724,0.0133,3,False
12,3285,0,vm_03285,pm_0313,0,237,0.4768,0.0194,2,False
12,3286,0,vm_03286,pm_0099,0,154,0.0693,0.0532,1,False
12,3287,0,vm_03287,pm_0334,0,55,0.0354,0.0633,1,False
12,3288,0,vm_03288,pm_0357,0,197,0.1826,0.0109,3,False
12,3289,0,vm_03289,pm_0294,0,37,0.1775,0.0176,3,False
12,3290,0,vm_03290,pm_0738,0,216,0.0664,0.0595,1,False
12,3291,0,vm_03291,pm_0117,0,230,0.0855,0.0611,1,False
12,3292,0,vm_03292,pm_0384,0,256,0.0896,0.0168,3,False
12,3293,0,vm_03293,pm_0110,0,208,0.0471,0.056,1,False
12,3294,0,vm_03294,pm_0309,0,200,0.4698,0.025,2,False
12,3295,0,vm_03295,pm_0101,0,136,0.1616,0.011,3,False
12,3296,0,vm_03296,pm_0495,0,127,0.064,0.0577,1,False
12,3297,0,vm_03297,pm_0357,0,52,0.1236,0.0189,3,False
12,3298,0,vm_03298,pm_0525,0,83,0.0916,0.0605,1,False
12,3299,0,vm_03299,pm_0056,0,208,0.0598,0.0562,1,False
12,3300,0,vm_03300,pm_0154,0,284,0.1795,0.0156,3,False
12,3301,0,vm_03301,pm_0158,0,35,0.6335,0.0123,2,False
12,3302,0,vm_03302,pm_0240,0,214,0.1255,0.0134,3,False
12,3303,0,vm_03303,pm_0069,0,26,0.5246,0.0139,2,False
12,3304,0,vm_03304,pm_0332,0,145,0.0758,0.059,1,False
12,3305,0,vm_03305,pm_0788,0,17,0.053,0.0493,1,False
12,3306,0,vm_03306,pm_0553,0,117,0.0674,0.0589,1,False
12,3307,0,vm_03307,pm_0040,0,136,0.0921,0.0656,1,False
12,3308,0,vm_03308,pm_0415,0,66,0.0439,0.039,1,False
12,3309,0,vm_03309,pm_0305,0,29,0.0306,0.054,1,False
12,3310,0,vm_03310,pm_0480,0,72,0.3677,0.0194,2,False
12,3311,0,vm_03311,pm_0681,0,122,0.1018,0.0097,3,False
12,3312,0,vm_03312,pm_0375,0,227,0.1722,0.0118,3,False
12,3313,0,vm_03313,pm_0338,0,272,0.0763,0.0107,3,False
12,3314,0,vm_03314,pm_0269,0,245,0.0787,0.0675,1,False
12,3315,0,vm_03315,pm_0545,0,38,0.0764,0.0622,1,False
12,3316,0,vm_03316,pm_0545,0,169,0.146,0.0115,3,False
12,3317,0,vm_03317,pm_0569,0,101,0.3094,0.0189,2,False
12,3318,0,vm_03318,pm_0600,0,293,0.0816,0.0545,1,False
12,3319,0,vm_03319,pm_0469,0,242,0.0808,0.0126,3,False
12,3320,0,vm_03320,pm_0256,0,156,0.0874,0.0119,3,False
12,3321,0,vm_03321,pm_0425,0,264,0.4787,0.0172,2,False
12,3322,0,vm_03322,pm_0617,0,256,0.0197,0.0707,1,False
12,3323,0,vm_03323,pm_0565,0,122,0.0985,0.0113,3,False
12,3324,0,vm_03324,pm_0455,0,46,0.1195,0.0083,3,False
12,3325,0,vm_03325,pm_0414,0,9,0.0897,0.0171,3,False
12,3326,0,vm_03326,pm_0794,0,143,0.0689,0.0075,3,False
12,3327,0,vm_03327,pm_0266,0,298,0.06,0.0146,3,False
12,3328,0,vm_03328,pm_0272,0,151,0.3948,0.0216,2,False
12,3329,0,vm_03329,pm_0228,0,135,0.0512,0.0531,1,False
12,3330,0,vm_03330,pm_0335,0,74,0.1314,0.0182,3,False
12,3331,0,vm_03331,pm_0261,0,25,0.0981,0.0159,3,False
12,3332,0,vm_03332,pm_0308,0,6,0.1219,0.0096,3,False
12,3333,0,vm_03333,pm_0505,0,78,0.0298,0.0702,1,False
12,3334,0,vm_03334,pm_0183,0,14,0.0329,0.0644,1,False
12,3335,0,vm_03335,pm_0784,0,206,0.0497,0.0136,3,False
12,3336,0,vm_03336,pm_0387,0,88,0.1015,0.0139,3,False
12,3337,0,vm_03337,pm_0271,0,96,0.1841,0.015,3,False
12,3338,0,vm_03338,pm_0755,0,215,0.0953,0.0117,3,False
12,3339,0,vm_03339,pm_0044,0,258,0.122,0.0158,3,False
12,3340,0,vm_03340,pm_0604,0,286,0.1005,0.0132,3,False
12,3341,0,vm_03341,pm_0230,0,74,0.1495,0.0149,3,False
12,3342,0,vm_03342,pm_0258,0,241,0.3978,0.0102,2,False
12,3343,0,vm_03343,pm_0567,0,16,0.12,0.0208,3,False
12,3344,0,vm_03344,pm_0353,0,176,0.0463,0.0552,1,False
12,3345,0,vm_03345,pm_0409,0,258,0.5547,0.0191,2,False
12,3346,0,vm_03346,pm_0068,0,122,0.2342,0.0114,3,False
12,3347,0,vm_03347,pm_0036,0,110,0.0516,0.0667,1,False
12,3348,0,vm_03348,pm_0121,0,255,0.0638,0.0531,1,False
12,3349,0,vm_03349,pm_0656,0,233,0.089,0.0528,1,False
12,3350,0,vm_03350,pm_0175,0,39,0.0747,0.0453,1,False
12,3351,0,vm_03351,pm_0640,0,121,0.0783,0.0704,1,False
12,3352,0,vm_03352,pm_0363,0,214,0.242,0.0131,2,False
12,3353,0,vm_03353,pm_0410,0,295,0.1775,0.0111,3,False
12,3354,0,vm_03354,pm_0167,0,285,0.348,0.0174,2,False
12,3355,0,vm_03355,pm_0480,0,280,0.0403,0.0669,1,False
12,3356,0,vm_03356,pm_0793,0,6,0.0552,0.0656,1,False
12,3357,0,vm_03357,pm_0468,0,91,0.1334,0.0162,3,False
12,3358,0,vm_03358,pm_0797,0,122,0.0717,0.0725,1,False
12,3359,0,vm_03359,pm_0061,0,95,0.0918,0.0126,3,False
12,3360,0,vm_03360,pm_0441,0,0,0.1259,0.0157,3,False
12,3361,0,vm_03361,pm_0474,0,90,0.0999,0.014,3,False
12,3362,0,vm_03362,pm_0676,0,6,0.0478,0.0522,1,False
12,3363,0,vm_03363,pm_0602,0,119,0.1622,0.0108,3,False
12,3364,0,vm_03364,pm_0522,0,128,0.0898,0.074,1,False
12,3365,0,vm_03365,pm_0162,0,178,0.137,0.0127,3,False
12,3366,0,vm_03366,pm_0699,0,97,0.1466,0.0113,3,False
12,3367,0,vm_03367,pm_0708,0,42,0.0814,0.0778,1,False
12,3368,0,vm_03368,pm_0136,0,182,0.0418,0.0719,1,False
12,3369,0,vm_03369,pm_0215,0,184,0.0501,0.0646,1,False
12,3370,0,vm_03370,pm_0285,0,52,0.112,0.0174,3,False
12,3371,0,vm_03371,pm_0018,0,227,0.0343,0.0694,1,False
12,3372,0,vm_03372,pm_0419,0,160,0.1131,0.0109,3,False
12,3373,0,vm_03373,pm_0330,0,234,0.0647,0.0511,1,False
12,3374,0,vm_03374,pm_0299,0,199,0.2122,0.014,3,False
12,3375,0,vm_03375,pm_0110,0,0,0.1728,0.0137,3,False
12,3376,0,vm_03376,pm_0726,0,13,0.0853,0.0151,3,False
12,3377,0,vm_03377,pm_0359,0,212,0.0988,0.0134,3,False
12,3378,0,vm_03378,pm_0369,0,276,0.09,0.0567,1,False
12,3379,0,vm_03379,pm_0442,0,33,0.0668,0.0448,1,False
12,3380,0,vm_03380,pm_0512,0,269,0.1461,0.0137,3,False
12,3381,0,vm_03381,pm_0073,0,167,0.0732,0.0747,1,False
12,3382,0,vm_03382,pm_0571,0,169,0.5017,0.0118,2,False
12,3383,0,vm_03383,pm_0612,0,81,0.0636,0.0576,1,False
12,3384,0,vm_03384,pm_0074,0,136,0.0767,0.0588,1,False
12,3385,0,vm_03385,pm_0500,0,232,0.0679,0.0618,1,False
12,3386,0,vm_03386,pm_0271,0,114,0.0864,0.0156,3,False
12,3387,0,vm_03387,pm_0736,0,251,0.0757,0.0567,1,False
12,3388,0,vm_03388,pm_0716,0,288,0.337,0.0111,2,False
12,3389,0,vm_03389,pm_0432,0,48,0.0766,0.0622,1,False
12,3390,0,vm_03390,pm_0563,0,3,0.0666,0.0093,3,False
12,3391,0,vm_03391,pm_0160,0,175,0.0806,0.0658,1,False
12,3392,0,vm_03392,pm_0477,0,271,0.1286,0.0107,3,False
12,3393,0,vm_03393,pm_0130,0,25,0.1125,0.0163,3,False
12,3394,0,vm_03394,pm_0695,0,69,0.0671,0.0675,1,False
12,3395,0,vm_03395,pm_0116,0,292,0.1552,0.012,3,False
12,3396,0,vm_03396,pm_0313,0,233,0.177,0.0138,3,False
12,3397,0,vm_03397,pm_0739,0,230,0.0808,0.0134,3,False
12,3398,0,vm_03398,pm_0341,0,262,0.1763,0.0129,3,False
12,3399,0,vm_03399,pm_0563,0,285,0.07,0.0597,1,False
12,3400,0,vm_03400,pm_0673,0,73,0.5251,0.0129,2,False
12,3401,0,vm_03401,pm_0276,0,120,0.0792,0.0625,1,False
12,3402,0,vm_03402,pm_0419,0,5,0.0393,0.0435,1,False
12,3403,0,vm_03403,pm_0306,0,23,0.1059,0.0175,3,False
12,3404,0,vm_03404,pm_0771,0,193,0.0687,0.063,1,False
12,3405,0,vm_03405,pm_0576,0,167,0.0922,0.0135,3,False
12,3406,0,vm_03406,pm_0772,0,209,0.1707,0.0151,3,False
12,3407,0,vm_03407,pm_0456,0,132,0.1452,0.0132,3,False
12,3408,0,vm_03408,pm_0353,0,291,0.187,0.0207,3,False
12,3409,0,vm_03409,pm_0369,0,173,0.0827,0.0621,1,False
12,3410,0,vm_03410,pm_0284,0,150,0.0726,0.0674,1,False
12,3411,0,vm_03411,pm_0025,0,87,0.4836,0.0135,2,False
12,3412,0,vm_03412,pm_0412,0,300,0.0852,0.0574,1,False
12,3413,0,vm_03413,pm_0026,0,265,0.0743,0.0769,1,False
12,3414,0,vm_03414,pm_0141,0,69,0.0713,0.0588,1,False
12,3415,0,vm_03415,pm_0479,0,204,0.1185,0.0155,3,False
12,3416,0,vm_03416,pm_0123,0,31,0.4531,0.0194,2,False
12,3417,0,vm_03417,pm_0589,0,42,0.0612,0.0658,1,False
12,3418,0,vm_03418,pm_0310,0,117,0.1718,0.0138,3,False
12,3419,0,vm_03419,pm_0747,0,14,0.0789,0.0578,1,False
12,3420,0,vm_03420,pm_0230,0,114,0.0596,0.064,1,False
12,3421,0,vm_03421,pm_0400,0,19,0.1538,0.0143,3,False
12,3422,0,vm_03422,pm_0190,0,177,0.2111,0.0109,3,False
12,3423,0,vm_03423,pm_0599,0,261,0.1204,0.0119,3,False
12,3424,0,vm_03424,pm_0186,0,78,0.0786,0.0683,1,False
12,3425,0,vm_03425,pm_0592,0,119,0.1451,0.0137,3,False
12,3426,0,vm_03426,pm_0311,0,25,0.0845,0.0146,3,False
12,3427,0,vm_03427,pm_0671,0,21,0.4574,0.0261,2,False
12,3428,0,vm_03428,pm_0647,0,200,0.1512,0.0111,3,False
12,3429,0,vm_03429,pm_0424,0,63,0.1714,0.0179,3,False
12,3430,0,vm_03430,pm_0145,0,213,0.1455,0.0091,3,False
12,3431,0,vm_03431,pm_0670,0,292,0.4225,0.0174,2,False
12,3432,0,vm_03432,pm_0490,0,77,0.1864,0.0129,3,False
12,3433,0,vm_03433,pm_0730,0,215,0.2247,0.0141,3,False
12,3434,0,vm_03434,pm_0375,0,223,0.4,0.0183,2,False
12,3435,0,vm_03435,pm_0059,0,27,0.1179,0.0112,3,False
12,3436,0,vm_03436,pm_0613,0,200,0.0965,0.0614,1,False
12,3437,0,vm_03437,pm_0155,0,66,0.0532,0.068,1,False
12,3438,0,vm_03438,pm_0607,0,125,0.1704,0.0181,3,False
12,3439,0,vm_03439,pm_0636,0,194,0.1521,0.014,3,False
12,3440,0,vm_03440,pm_0353,0,173,0.1696,0.0157,3,False
12,3441,0,vm_03441,pm_0339,0,86,0.0692,0.0559,1,False
12,3442,0,vm_03442,pm_0181,0,153,0.3745,0.0112,2,False
12,3443,0,vm_03443,pm_0027,0,209,0.0933,0.0694,1,False
12,3444,0,vm_03444,pm_0594,0,12,0.1052,0.0119,3,False
12,3445,0,vm_03445,pm_0270,0,163,0.1556,0.0151,3,False
12,3446,0,vm_03446,pm_0033,0,254,0.1342,0.0171,3,False
12,3447,0,vm_03447,pm_0594,0,63,0.067,0.0121,3,False
12,3448,0,vm_03448,pm_0434,0,75,0.1807,0.0134,3,False
12,3449,0,vm_03449,pm_0322,0,21,0.1188,0.012,3,False
12,3450,0,vm_03450,pm_0790,0,59,0.0623,0.0638,1,False
12,3451,0,vm_03451,pm_0489,0,55,0.5159,0.0214,2,False
12,3452,0,vm_03452,pm_0187,0,167,0.2029,0.0114,3,False
13,3453,0,vm_03453,pm_0704,0,204,0.1587,0.0155,3,False
13,3454,0,vm_03454,pm_0681,0,258,0.06,0.057,1,False
13,3455,0,vm_03455,pm_0439,0,190,0.0734,0.0121,3,False
13,3456,0,vm_03456,pm_0255,0,54,0.0567,0.0406,1,False
13,3457,0,vm_03457,pm_0538,0,283,0.5218,0.0184,2,False
13,3458,0,vm_03458,pm_0567,0,263,0.2258,0.0141,3,False
13,3459,0,vm_03459,pm_0347,0,258,0.1241,0.015,3,False
13,3460,0,vm_03460,pm_0216,0,88,0.1489,0.0131,3,False
13,3461,0,vm_03461,pm_0794,0,221,0.0898,0.0647,1,False
13,3462,0,vm_03462,pm_0386,0,88,0.0784,0.0562,1,False
13,3463,0,vm_03463,pm_0363,0,58,0.1155,0.0161,3,False
13,3464,0,vm_03464,pm_0735,0,151,0.1522,0.0091,3,False
13,3465,0,vm_03465,pm_0142,0,27,0.0747,0.058,1,False
13,3466,0,vm_03466,pm_0033,0,224,0.054,0.0123,3,False
13,3467,0,vm_03467,pm_0693,0,50,0.4263,0.0163,2,False
13,3468,0,vm_03468,pm_0221,0,262,0.1393,0.0151,3,False
13,3469,0,vm_03469,pm_0288,0,278,0.1616,0.0124,3,False
13,3470,0,vm_03470,pm_0138,0,45,0.0659,0.0682,1,False
13,3471,0,vm_03471,pm_0745,0,105,0.0572,0.0697,1,False
13,3472,0,vm_03472,pm_0202,0,283,0.1456,0.0157,3,False
13,3473,0,vm_03473,pm_0548,0,23,0.1019,0.0114,3,False
13,3474,0,vm_03474,pm_0372,0,6,0.21,0.0096,3,False
13,3475,0,vm_03475,pm_0084,0,2,0.1304,0.0065,3,False
13,3476,0,vm_03476,pm_0767,0,257,0.1061,0.0144,3,False
13,3477,0,vm_03477,pm_0730,0,262,0.1571,0.0163,3,False
13,3478,0,vm_03478,pm_0174,0,120,0.3745,0.0135,2,False
13,3479,0,vm_03479,pm_0127,0,207,0.4386,0.009,2,False
13,3480,0,vm_03480,pm_0766,0,20,0.0782,0.0477,1,False
13,3481,0,vm_03481,pm_0351,0,139,0.0812,0.0562,1,False
13,3482,0,vm_03482,pm_0509,0,279,0.5265,0.014,2,False
13,3483,0,vm_03483,pm_0490,0,288,0.065,0.0576,1,False
13,3484,0,vm_03484,pm_0356,0,205,0.17,0.0114,3,False
13,3485,0,vm_03485,pm_0446,0,42,0.1431,0.0122,3,False
13,3486,0,vm_03486,pm_0377,0,117,0.1128,0.0135,3,False
13,3487,0,vm_03487,pm_0098,0,4,0.0676,0.042,1,False
13,3488,0,vm_03488,pm_0550,0,206,0.0561,0.041,1,False
13,3489,0,vm_03489,pm_0499,0,122,0.0754,0.0659,1,False
13,3490,0,vm_03490,pm_0523,0,141,0.2596,0.014,2,False
13,3491,0,vm_03491,pm_0720,0,231,0.0944,0.0563,1,False
13,3492,0,vm_03492,pm_0168,0,163,0.1401,0.0135,3,False
13,3493,0,vm_03493,pm_0093,0,34,0.1999,0.0143,3,False
13,3494,0,vm_03494,pm_0699,0,10,0.1371,0.0189,3,False
13,3495,0,vm_03495,pm_0724,0,74,0.1705,0.01,3,False
13,3496,0,vm_03496,pm_0169,0,299,0.0656,0.0629,1,False
13,3497,0,vm_03497,pm_0310,0,197,0.1027,0.0205,3,False
13,3498,0,vm_03498,pm_0243,0,263,0.2142,0.0141,3,False
13,3499,0,vm_03499,pm_0149,0,223,0.0652,0.0629,1,False
13,3500,0,vm_03500,pm_0660,0,121,0.0926,0.0171,3,False
13,3501,0,vm_03501,pm_0154,0,73,0.0696,0.0681,1,False
13,3502,0,vm_03502,pm_0239,0,27,0.1407,0.0162,3,False
13,3503,0,vm_03503,pm_0484,0,170,0.1393,0.0172,3,False
13,3504,0,vm_03504,pm_0396,0,215,0.0805,0.0387,1,False
13,3505,0,vm_03505,pm_0210,0,100,0.1416,0.006,3,False
13,3506,0,vm_03506,pm_0509,0,245,0.0983,0.0157,3,False
13,3507,0,vm_03507,pm_0525,0,92,0.2135,0.014,3,False
13,3508,0,vm_03508,pm_0095,0,62,0.3472,0.0166,2,False
13,3509,0,vm_03509,pm_0610,0,265,0.0765,0.019,3,False
13,3510,0,vm_03510,pm_0148,0,205,0.0676,0.0479,1,False
13,3511,0,vm_03511,pm_0784,0,79,0.0928,0.0659,1,False
13,3512,0,vm_03512,pm_0772,0,36,0.0475,0.0522,1,False
13,3513,0,vm_03513,pm_0380,0,10,0.0974,0.0116,3,False
13,3514,0,vm_03514,pm_0266,0,114,0.1656,0.0101,3,False
13,3515,0,vm_03515,pm_0423,0,89,0.1665,0.0184,3,False
13,3516,0,vm_03516,pm_0494,0,231,0.1633,0.019,3,False
13,3517,0,vm_03517,pm_0425,0,18,0.0769,0.0399,1,False
13,3518,0,vm_03518,pm_0220,0,51,0.0441,0.0455,1,False
13,3519,0,vm_03519,pm_0687,0,273,0.0732,0.0714,1,False
13,3520,0,vm_03520,pm_0354,0,93,0.0378,0.0678,1,False
13,3521,0,vm_03521,pm_0557,0,31,0.0663,0.0579,1,False
13,3522,0,vm_03522,pm_0729,0,150,0.4188,0.0104,2,False
13,3523,0,vm_03523,pm_0574,0,139,0.0612,0.0679,1,False
13,3524,0,vm_03524,pm_0435,0,57,0.0533,0.0688,1,False
13,3525,0,vm_03525,pm_0788,0,20,0.0539,0.0448,1,False
13,3526,0,vm_03526,pm_0427,0,148,0.0423,0.0574,1,False
13,3527,0,vm_03527,pm_0244,0,220,0.0972,0.0126,3,False
13,3528,0,vm_03528,pm_0041,0,220,0.0866,0.0099,3,False
13,3529,0,vm_03529,pm_0026,0,241,0.1047,0.0118,3,False
13,3530,0,vm_03530,pm_0032,0,218,0.2971,0.0118,2,False
13,3531,0,vm_03531,pm_0586,0,28,0.0482,0.0637,1,False
13,3532,0,vm_03532,pm_0647,0,46,0.1057,0.0141,3,False
13,3533,0,vm_03533,pm_0770,0,57,0.0735,0.0732,1,False
13,3534,0,vm_03534,pm_0073,0,274,0.0601,0.0559,1,False
13,3535,0,vm_03535,pm_0367,0,139,0.0799,0.0572,1,False
13,3536,0,vm_03536,pm_0168,0,22,0.0744,0.0689,1,False
13,3537,0,vm_03537,pm_0669,0,62,0.0733,0.0403,1,False
13,3538,0,vm_03538,pm_0526,0,51,0.0654,0.0727,1,False
13,3539,0,vm_03539,pm_0026,0,265,0.081,0.013,3,False
13,3540,0,vm_03540,pm_0619,0,166,0.0427,0.0492,1,False
13,3541,0,vm_03541,pm_0396,0,150,0.0666,0.0796,1,False
13,3542,0,vm_03542,pm_0046,0,10,0.0886,0.02,3,False
13,3543,0,vm_03543,pm_0361,0,94,0.0411,0.0534,1,False
13,3544,0,vm_03544,pm_0015,0,71,0.0749,0.0601,1,False
13,3545,0,vm_03545,pm_0583,0,47,0.0689,0.0127,3,False
13,3546,0,vm_03546,pm_0054,0,271,0.0441,0.0577,1,False
13,3547,0,vm_03547,pm_0693,0,94,0.0653,0.0457,1,False
13,3548,0,vm_03548,pm_0585,0,232,0.4235,0.0133,2,False
13,3549,0,vm_03549,pm_0060,0,47,0.0426,0.0489,1,False
13,3550,0,vm_03550,pm_0466,0,207,0.3766,0.0098,2,False
13,3551,0,vm_03551,pm_0311,0,226,0.1312,0.0129,3,False
13,3552,0,vm_03552,pm_0276,0,76,0.0986,0.0752,1,False
13,3553,0,vm_03553,pm_0272,0,218,0.4534,0.0187,2,False
13,3554,0,vm_03554,pm_0451,0,80,0.3739,0.0131,2,False
13,3555,0,vm_03555,pm_0117,0,36,0.099,0.0416,1,False
13,3556,0,vm_03556,pm_0642,0,101,0.1074,0.0135,3,False
13,3557,0,vm_03557,pm_0325,0,190,0.0865,0.0585,1,False
13,3558,0,vm_03558,pm_0705,0,28,0.4793,0.0167,2,False
13,3559,0,vm_03559,pm_0189,0,252,0.0397,0.0367,1,False
13,3560,0,vm_03560,pm_0236,0,250,0.3777,0.0197,2,False
13,3561,0,vm_03561,pm_0331,0,225,0.0572,0.0678,1,False
13,3562,0,vm_03562,pm_0476,0,93,0.1053,0.0173,3,False
13,3563,0,vm_03563,pm_0453,0,85,0.0892,0.059,1,False
13,3564,0,vm_03564,pm_0328,0,109,0.3154,0.0154,2,False
13,3565,0,vm_03565,pm_0058,0,216,0.3299,0.0122,2,False
13,3566,0,vm_03566,pm_0410,0,195,0.2182,0.0246,3,False
13,3567,0,vm_03567,pm_0791,0,296,0.4286,0.0128,2,False
13,3568,0,vm_03568,pm_0396,0,43,0.1321,0.0145,3,False
13,3569,0,vm_03569,pm_0631,0,89,0.1335,0.0166,3,False
13,3570,0,vm_03570,pm_0783,0,154,0.0849,0.0129,3,False
13,3571,0,vm_03571,pm_0231,0,108,0.0343,0.0615,1,False
13,3572,0,vm_03572,pm_0511,0,58,0.5272,0.0197,2,False
13,3573,0,vm_03573,pm_0542,0,109,0.1477,0.0178,3,False
13,3574,0,vm_03574,pm_0415,0,105,0.1003,0.0108,3,False
13,3575,0,vm_03575,pm_0192,0,220,0.203,0.0125,3,False
13,3576,0,vm_03576,pm_0606,0,262,0.059,0.0606,1,False
13,3577,0,vm_03577,pm_0264,0,81,0.0679,0.0514,1,False
13,3578,0,vm_03578,pm_0205,0,271,0.662,0.0166,2,False
13,3579,0,vm_03579,pm_0619,0,48,0.124,0.009,3,False
13,3580,0,vm_03580,pm_0517,0,31,0.4719,0.009,2,False
13,3581,0,vm_03581,pm_0411,0,88,0.6126,0.011,2,False
13,3582,0,vm_03582,pm_0758,0,18,0.1716,0.0116,3,False
13,3583,0,vm_03583,pm_0448,0,2,0.0503,0.0569,1,False
13,3584,0,vm_03584,pm_0307,0,59,0.2344,0.02,3,False
13,3585,0,vm_03585,pm_0547,0,241,0.3217,0.0175,2,False
13,3586,0,vm_03586,pm_0327,0,28,0.0808,0.0439,1,False
13,3587,0,vm_03587,pm_0199,0,74,0.3507,0.0208,2,False
13,3588,0,vm_03588,pm_0424,0,69,0.0885,0.0126,3,False
13,3589,0,vm_03589,pm_0687,0,82,0.0521,0.0611,1,False
13,3590,0,vm_03590,pm_0303,0,172,0.0577,0.0588,1,False
13,3591,0,vm_03591,pm_0197,0,196,0.1652,0.0112,3,False
13,3592,0,vm_03592,pm_0292,0,146,0.0676,0.0621,1,False
13,3593,0,vm_03593,pm_0093,0,272,0.6799,0.0189,2,False
13,3594,0,vm_03594,pm_0355,0,34,0.4242,0.009,2,False
13,3595,0,vm_03595,pm_0719,0,112,0.3012,0.0175,2,False
13,3596,0,vm_03596,pm_0482,0,205,0.1782,0.0145,3,False
13,3597,0,vm_03597,pm_0013,0,157,0.066,0.0638,1,False
13,3598,0,vm_03598,pm_0159,0,252,0.3796,0.013,2,False
13,3599,0,vm_03599,pm_0173,0,121,0.0521,0.0491,1,False
13,3600,0,vm_03600,pm_0253,0,47,0.1312,0.0106,3,False
13,3601,0,vm_03601,pm_0168,0,184,0.0558,0.0581,1,False
13,3602,0,vm_03602,pm_0581,0,272,0.6124,0.022,2,False
13,3603,0,vm_03603,pm_0417,0,100,0.0607,0.0437,1,False
13,3604,0,vm_03604,pm_0664,0,14,0.0861,0.0697,1,False
13,3605,0,vm_03605,pm_0639,0,127,0.0683,0.0668,1,False
13,3606,0,vm_03606,pm_0370,0,209,0.0707,0.0547,1,False
13,3607,0,vm_03607,pm_0302,0,111,0.119,0.0174,3,False
13,3608,0,vm_03608,pm_0135,0,269,0.0612,0.0588,1,False
13,3609,0,vm_03609,pm_0792,0,141,0.1104,0.0125,3,False
13,3610,0,vm_03610,pm_0102,0,172,0.2111,0.0117,3,False
13,3611,0,vm_03611,pm_0781,0,165,0.5984,0.0175,2,False
13,3612,0,vm_03612,pm_0663,0,118,0.0386,0.0444,1,False
13,3613,0,vm_03613,pm_0622,0,202,0.0708,0.0559,1,False
13,3614,0,vm_03614,pm_0353,0,10,0.1206,0.0129,3,False
13,3615,0,vm_03615,pm_0258,0,248,0.0536,0.0565,1,False
13,3616,0,vm_03616,pm_0747,0,247,0.0657,0.0673,1,False
13,3617,0,vm_03617,pm_0086,0,153,0.383,0.0146,2,False
13,3618,0,vm_03618,pm_0323,0,24,0.1086,0.0146,3,False
13,3619,0,vm_03619,pm_0007,0,220,0.125,0.0169,3,False
13,3620,0,vm_03620,pm_0195,0,109,0.0818,0.0735,1,False
13,3621,0,vm_03621,pm_0081,0,89,0.1295,0.0167,3,False
13,3622,0,vm_03622,pm_0245,0,264,0.0675,0.0669,1,False
13,3623,0,vm_03623,pm_0712,0,39,0.0481,0.0573,1,False
13,3624,0,vm_03624,pm_0224,0,262,0.211,0.0141,3,False
13,3625,0,vm_03625,pm_0056,0,157,0.0447,0.0669,1,False
13,3626,0,vm_03626,pm_0781,0,117,0.0386,0.0722,1,False
13,3627,0,vm_03627,pm_0464,0,255,0.0669,0.0593,1,False
13,3628,0,vm_03628,pm_0706,0,195,0.1487,0.0121,3,False
13,3629,0,vm_03629,pm_0338,0,13,0.1587,0.0142,3,False
13,3630,0,vm_03630,pm_0304,0,117,0.1377,0.0121,3,False
13,3631,0,vm_03631,pm_0794,0,216,0.0818,0.0101,3,False
13,3632,0,vm_03632,pm_0797,0,204,0.0407,0.0591,1,False
13,3633,0,vm_03633,pm_0161,0,76,0.4201,0.0128,2,False
13,3634,0,vm_03634,pm_0302,0,171,0.0524,0.0546,1,False
13,3635,0,vm_03635,pm_0313,0,25,0.1163,0.0554,1,False
13,3636,0,vm_03636,pm_0449,0,127,0.6137,0.0185,2,False
13,3637,0,vm_03637,pm_0367,0,141,0.1256,0.0138,3,False
13,3638,0,vm_03638,pm_0743,0,23,0.0896,0.0695,1,False
13,3639,0,vm_03639,pm_0444,0,231,0.088,0.0598,1,False
13,3640,0,vm_03640,pm_0201,0,176,0.0427,0.0371,1,False
13,3641,0,vm_03641,pm_0550,0,234,0.0338,0.0757,1,False
13,3642,0,vm_03642,pm_0338,0,25,0.1363,0.0142,3,False
13,3643,0,vm_03643,pm_0029,0,265,0.3877,0.0111,2,False
13,3644,0,vm_03644,pm_0343,0,116,0.4067,0.0135,2,False
13,3645,0,vm_03645,pm_0560,0,57,0.1623,0.0154,3,False
13,3646,0,vm_03646,pm_0469,0,269,0.0632,0.0665,1,False
13,3647,0,vm_03647,pm_0434,0,294,0.4911,0.0199,2,False
13,3648,0,vm_03648,pm_0245,0,121,0.337,0.009,2,False
13,3649,0,vm_03649,pm_0731,0,158,0.1475,0.0134,3,False
13,3650,0,vm_03650,pm_0100,0,177,0.1709,0.0181,3,False
13,3651,0,vm_03651,pm_0183,0,143,0.1635,0.0148,3,False
13,3652,0,vm_03652,pm_0373,0,88,0.0671,0.0708,1,False
13,3653,0,vm_03653,pm_0022,0,238,0.1241,0.0192,3,False
13,3654,0,vm_03654,pm_0673,0,37,0.0502,0.0737,1,False
13,3655,0,vm_03655,pm_0590,0,78,0.0714,0.0642,1,False
13,3656,0,vm_03656,pm_0416,0,251,0.0758,0.0577,1,False
13,3657,0,vm_03657,pm_0396,0,148,0.0735,0.0718,1,False
13,3658,0,vm_03658,pm_0703,0,15,0.4094,0.013,2,False
13,3659,0,vm_03659,pm_0740,0,268,0.1729,0.0155,3,False
13,3660,0,vm_03660,pm_0389,0,117,0.1365,0.0129,3,False
13,3661,0,vm_03661,pm_0434,0,191,0.3524,0.0177,2,False
13,3662,0,vm_03662,pm_0203,0,287,0.4671,0.0134,2,False
13,3663,0,vm_03663,pm_0283,0,296,0.0761,0.0657,1,False
13,3664,0,vm_03664,pm_0570,0,193,0.0836,0.0549,1,False
13,3665,0,vm_03665,pm_0796,0,280,0.7857,0.0182,2,False
13,3666,0,vm_03666,pm_0425,0,300,0.2716,0.013,2,False
13,3667,0,vm_03667,pm_0107,0,249,0.1079,0.0128,3,False
14,3668,0,vm_03668,pm_0459,0,230,0.049,0.0616,1,False
14,3669,0,vm_03669,pm_0148,0,2,0.0952,0.0594,1,False
14,3670,0,vm_03670,pm_0412,0,173,0.384,0.013,2,False
14,3671,0,vm_03671,pm_0349,0,239,0.0694,0.0643,1,False
14,3672,0,vm_03672,pm_0387,0,103,0.0751,0.0517,1,False
14,3673,0,vm_03673,pm_0167,0,288,0.1101,0.013,3,False
14,3674,0,vm_03674,pm_0410,0,243,0.0712,0.0634,1,False
14,3675,0,vm_03675,pm_0009,0,287,0.1117,0.0086,3,False
14,3676,0,vm_03676,pm_0246,0,272,0.078,0.0382,1,False
14,3677,0,vm_03677,pm_0082,0,119,0.0851,0.0561,1,False
14,3678,0,vm_03678,pm_0121,0,258,0.0663,0.0541,1,False
14,3679,0,vm_03679,pm_0159,0,69,0.1468,0.0144,3,False
14,3680,0,vm_03680,pm_0727,0,182,0.0399,0.0555,1,False
14,3681,0,vm_03681,pm_0536,0,246,0.087,0.01,3,False
14,3682,0,vm_03682,pm_0097,0,117,0.0827,0.0729,1,False
14,3683,0,vm_03683,pm_0320,0,30,0.1348,0.0175,3,False
14,3684,0,vm_03684,pm_0280,0,148,0.05,0.0774,1,False
14,3685,0,vm_03685,pm_0455,0,15,0.1986,0.0098,3,False
14,3686,0,vm_03686,pm_0212,0,272,0.3609,0.0194,2,False
14,3687,0,vm_03687,pm_0735,0,101,0.1389,0.016,3,False
14,3688,0,vm_03688,pm_0025,0,71,0.0431,0.0609,1,False
14,3689,0,vm_03689,pm_0306,0,192,0.0776,0.0441,1,False
14,3690,0,vm_03690,pm_0396,0,110,0.0353,0.0491,1,False
14,3691,0,vm_03691,pm_0403,0,292,0.1169,0.0148,3,False
14,3692,0,vm_03692,pm_0564,0,276,0.4802,0.016,2,False
14,3693,0,vm_03693,pm_0006,0,105,0.1374,0.0147,3,False
14,3694,0,vm_03694,pm_0177,0,36,0.0297,0.0528,1,False
14,3695,0,vm_03695,pm_0181,0,290,0.0791,0.0477,1,False
14,3696,0,vm_03696,pm_0352,0,180,0.0664,0.0607,1,False
14,3697,0,vm_03697,pm_0515,0,142,0.1143,0.0149,3,False
14,3698,0,vm_03698,pm_0367,0,113,0.1538,0.0128,3,False
14,3699,0,vm_03699,pm_0743,0,237,0.1011,0.0106,3,False
14,3700,0,vm_03700,pm_0140,0,93,0.0384,0.0543,1,False
14,3701,0,vm_03701,pm_0745,0,259,0.1379,0.0143,3,False
14,3702,0,vm_03702,pm_0742,0,106,0.1273,0.0171,3,False
14,3703,0,vm_03703,pm_0383,0,243,0.0259,0.0713,1,False
14,3704,0,vm_03704,pm_0710,0,22,0.1541,0.0106,3,False
14,3705,0,vm_03705,pm_0267,0,270,0.2198,0.0172,3,False
14,3706,0,vm_03706,pm_0174,0,139,0.2394,0.0117,3,False
14,3707,0,vm_03707,pm_0539,0,81,0.1159,0.0137,3,False
14,3708,0,vm_03708,pm_0435,0,155,0.0842,0.0464,1,False
14,3709,0,vm_03709,pm_0790,0,18,0.0728,0.0624,1,False
14,3710,0,vm_03710,pm_0771,0,68,0.173,0.0118,3,False
14,3711,0,vm_03711,pm_0511,0,131,0.0441,0.062,1,False
14,3712,0,vm_03712,pm_0424,0,255,0.1672,0.0214,3,False
14,3713,0,vm_03713,pm_0154,0,208,0.1587,0.0141,3,False
14,3714,0,vm_03714,pm_0385,0,9,0.1328,0.0147,3,False
14,3715,0,vm_03715,pm_0586,0,139,0.0734,0.0132,3,False
14,3716,0,vm_03716,pm_0737,0,134,0.0751,0.0595,1,False
14,3717,0,vm_03717,pm_0501,0,254,0.0583,0.055,1,False
14,3718,0,vm_03718,pm_0152,0,299,0.0687,0.0511,1,False
14,3719,0,vm_03719,pm_0221,0,257,0.3773,0.0151,2,False
14,3720,0,vm_03720,pm_0177,0,93,0.0494,0.0544,1,False
14,3721,0,vm_03721,pm_0237,0,240,0.0552,0.052,1,False
14,3722,0,vm_03722,pm_0484,0,236,0.1734,0.0178,3,False
14,3723,0,vm_03723,pm_0236,0,164,0.1853,0.0197,3,False
14,3724,0,vm_03724,pm_0530,0,147,0.0421,0.0605,1,False
14,3725,0,vm_03725,pm_0024,0,217,0.0278,0.0553,1,False
14,3726,0,vm_03726,pm_0089,0,107,0.1823,0.0106,3,False
14,3727,0,vm_03727,pm_0759,0,230,0.0591,0.0566,1,False
14,3728,0,vm_03728,pm_0340,0,69,0.0836,0.0499,1,False
14,3729,0,vm_03729,pm_0424,0,220,0.0467,0.0508,1,False
14,3730,0,vm_03730,pm_0246,0,73,0.0822,0.0152,3,False
14,3731,0,vm_03731,pm_0426,0,178,0.0647,0.0544,1,False
14,3732,0,vm_03732,pm_0247,0,79,0.1753,0.0128,3,False
14,3733,0,vm_03733,pm_0712,0,158,0.5514,0.0214,2,False
14,3734,0,vm_03734,pm_0467,0,168,0.3961,0.009,2,False
14,3735,0,vm_03735,pm_0261,0,160,0.1008,0.0376,1,False
14,3736,0,vm_03736,pm_0210,0,31,0.4099,0.0161,2,False
14,3737,0,vm_03737,pm_0293,0,120,0.0768,0.0158,3,False
14,3738,0,vm_03738,pm_0098,0,214,0.1949,0.0098,3,False
14,3739,0,vm_03739,pm_0525,0,2,0.0816,0.0194,3,False
14,3740,0,vm_03740,pm_0655,0,227,0.3573,0.0171,2,False
14,3741,0,vm_03741,pm_0404,0,47,0.0692,0.0171,3,False
14,3742,0,vm_03742,pm_0605,0,166,0.1512,0.0167,3,False
14,3743,0,vm_03743,pm_0544,0,10,0.1761,0.0161,3,False
14,3744,0,vm_03744,pm_0540,0,237,0.0742,0.0819,1,False
14,3745,0,vm_03745,pm_0263,0,277,0.0328,0.0749,1,False
14,3746,0,vm_03746,pm_0352,0,240,0.0786,0.0572,1,False
14,3747,0,vm_03747,pm_0070,0,191,0.1526,0.016,3,False
14,3748,0,vm_03748,pm_0164,0,11,0.4937,0.009,2,False
14,3749,0,vm_03749,pm_0769,0,52,0.0687,0.0633,1,False
14,3750,0,vm_03750,pm_0501,0,54,0.2121,0.0125,3,False
14,3751,0,vm_03751,pm_0003,0,20,0.1457,0.0087,3,False
14,3752,0,vm_03752,pm_0621,0,18,0.2352,0.0151,3,False
14,3753,0,vm_03753,pm_0756,0,58,0.069,0.0563,1,False
14,3754,0,vm_03754,pm_0084,0,150,0.2341,0.0108,3,False
14,3755,0,vm_03755,pm_0133,0,258,0.0612,0.0521,1,False
14,3756,0,vm_03756,pm_0194,0,57,0.0461,0.0597,1,False
14,3757,0,vm_03757,pm_0444,0,215,0.1025,0.0456,1,False
14,3758,0,vm_03758,pm_0772,0,61,0.074,0.0682,1,False
14,3759,0,vm_03759,pm_0474,0,145,0.2756,0.0162,2,False
14,3760,0,vm_03760,pm_0318,0,238,0.2173,0.0132,3,False
14,3761,0,vm_03761,pm_0539,0,292,0.0472,0.0733,1,False
14,3762,0,vm_03762,pm_0403,0,181,0.2855,0.0123,3,False
14,3763,0,vm_03763,pm_0282,0,94,0.3276,0.0201,2,False
14,3764,0,vm_03764,pm_0540,0,77,0.0806,0.0715,1,False
14,3765,0,vm_03765,pm_0014,0,141,0.5528,0.011,2,False
14,3766,0,vm_03766,pm_0550,0,104,0.0552,0.0634,1,False
14,3767,0,vm_03767,pm_0351,0,260,0.144,0.0144,3,False
14,3768,0,vm_03768,pm_0139,0,94,0.4761,0.0101,2,False
14,3769,0,vm_03769,pm_0794,0,222,0.0783,0.0714,1,False
14,3770,0,vm_03770,pm_0586,0,189,0.0661,0.0723,1,False
14,3771,0,vm_03771,pm_0399,0,128,0.3587,0.0178,2,False
14,3772,0,vm_03772,pm_0595,0,194,0.1348,0.0152,3,False
14,3773,0,vm_03773,pm_0012,0,19,0.0639,0.0625,1,False
14,3774,0,vm_03774,pm_0304,0,298,0.1427,0.0118,3,False
14,3775,0,vm_03775,pm_0744,0,239,0.0905,0.0178,3,False
14,3776,0,vm_03776,pm_0146,0,234,0.1728,0.0073,3,False
14,3777,0,vm_03777,pm_0639,0,84,0.2655,0.0131,3,False
14,3778,0,vm_03778,pm_0751,0,93,0.2342,0.017,2,False
14,3779,0,vm_03779,pm_0635,0,41,0.1487,0.0168,3,False
14,3780,0,vm_03780,pm_0673,0,73,0.1272,0.0125,3,False
14,3781,0,vm_03781,pm_0421,0,114,0.0448,0.0528,1,False
14,3782,0,vm_03782,pm_0178,0,189,0.1038,0.0492,1,False
14,3783,0,vm_03783,pm_0506,0,124,0.0725,0.0536,1,False
14,3784,0,vm_03784,pm_0247,0,5,0.0932,0.0072,3,False
14,3785,0,vm_03785,pm_0019,0,41,0.1027,0.0129,3,False
14,3786,0,vm_03786,pm_0075,0,57,0.0966,0.053,1,False
14,3787,0,vm_03787,pm_0369,0,9,0.3497,0.0189,2,False
14,3788,0,vm_03788,pm_0472,0,88,0.5014,0.0225,2,False
14,3789,0,vm_03789,pm_0226,0,110,0.0737,0.0583,1,False
14,3790,0,vm_03790,pm_0591,0,38,0.1142,0.0131,3,False
14,3791,0,vm_03791,pm_0081,0,166,0.0997,0.0626,1,False
14,3792,0,vm_03792,pm_0130,0,10,0.0644,0.0678,1,False
14,3793,0,vm_03793,pm_0238,0,109,0.1543,0.0141,3,False
14,3794,0,vm_03794,pm_0645,0,15,0.1399,0.014,3,False
14,3795,0,vm_03795,pm_0732,0,32,0.0562,0.0521,1,False
14,3796,0,vm_03796,pm_0755,0,232,0.0658,0.0131,3,False
14,3797,0,vm_03797,pm_0679,0,187,0.454,0.0145,2,False
14,3798,0,vm_03798,pm_0642,0,223,0.0639,0.064,1,False
14,3799,0,vm_03799,pm_0140,0,58,0.0813,0.0749,1,False
14,3800,0,vm_03800,pm_0532,0,50,0.4903,0.0152,2,False
14,3801,0,vm_03801,pm_0468,0,270,0.0541,0.0757,1,False
14,3802,0,vm_03802,pm_0747,0,42,0.1299,0.0127,3,False
14,3803,0,vm_03803,pm_0146,0,26,0.1199,0.0137,3,False
14,3804,0,vm_03804,pm_0601,0,55,0.115,0.0108,3,False
14,3805,0,vm_03805,pm_0030,0,120,0.056,0.0696,1,False
14,3806,0,vm_03806,pm_0492,0,112,0.0858,0.018,3,False
14,3807,0,vm_03807,pm_0039,0,114,0.3749,0.0116,2,False
14,3808,0,vm_03808,pm_0597,0,108,0.0808,0.0684,1,False
14,3809,0,vm_03809,pm_0287,0,174,0.0608,0.0417,1,False
14,3810,0,vm_03810,pm_0270,0,111,0.0499,0.0749,1,False
14,3811,0,vm_03811,pm_0346,0,99,0.1247,0.0095,3,False
14,3812,0,vm_03812,pm_0444,0,7,0.2929,0.0161,2,False
14,3813,0,vm_03813,pm_0172,0,134,0.055,0.0555,1,False
14,3814,0,vm_03814,pm_0591,0,250,0.19,0.0138,3,False
14,3815,0,vm_03815,pm_0469,0,239,0.0474,0.0491,1,False
14,3816,0,vm_03816,pm_0632,0,221,0.2906,0.0182,2,False
14,3817,0,vm_03817,pm_0078,0,144,0.1033,0.0514,1,False
14,3818,0,vm_03818,pm_0394,0,3,0.1793,0.0134,3,False
14,3819,0,vm_03819,pm_0346,0,281,0.0999,0.0114,3,False
14,3820,0,vm_03820,pm_0088,0,196,0.5306,0.017,2,False
14,3821,0,vm_03821,pm_0784,0,127,0.0922,0.0583,1,False
14,3822,0,vm_03822,pm_0099,0,260,0.0416,0.0658,1,False
14,3823,0,vm_03823,pm_0394,0,90,0.1321,0.0197,3,False
14,3824,0,vm_03824,pm_0734,0,258,0.0659,0.0652,1,False
14,3825,0,vm_03825,pm_0199,0,93,0.0443,0.0583,1,False
14,3826,0,vm_03826,pm_0166,0,256,0.0497,0.0556,1,False
14,3827,0,vm_03827,pm_0708,0,135,0.3019,0.0148,2,False
14,3828,0,vm_03828,pm_0604,0,12,0.4856,0.0184,2,False
14,3829,0,vm_03829,pm_0361,0,197,0.1035,0.0139,3,False
14,3830,0,vm_03830,pm_0513,0,177,0.0834,0.073,1,False
14,3831,0,vm_03831,pm_0485,0,111,0.0797,0.0657,1,False
14,3832,0,vm_03832,pm_0123,0,263,0.1718,0.011,3,False
14,3833,0,vm_03833,pm_0418,0,78,0.1028,0.0131,3,False
14,3834,0,vm_03834,pm_0505,0,255,0.0504,0.0657,1,False
14,3835,0,vm_03835,pm_0147,0,73,0.4741,0.023,2,False
14,3836,0,vm_03836,pm_0050,0,160,0.1015,0.066,1,False
14,3837,0,vm_03837,pm_0055,0,200,0.1799,0.0163,3,False
14,3838,0,vm_03838,pm_0261,0,32,0.0908,0.0608,1,False
14,3839,0,vm_03839,pm_0602,0,72,0.094,0.009,3,False
14,3840,0,vm_03840,pm_0527,0,292,0.1895,0.0185,3,False
14,3841,0,vm_03841,pm_0313,0,197,0.3299,0.0206,2,False
14,3842,0,vm_03842,pm_0044,0,239,0.0824,0.0616,1,False
14,3843,0,vm_03843,pm_0207,0,73,0.4631,0.0166,2,False
14,3844,0,vm_03844,pm_0746,0,30,0.4648,0.0095,2,False
14,3845,0,vm_03845,pm_0215,0,13,0.0572,0.0615,1,False
14,3846,0,vm_03846,pm_0515,0,204,0.1464,0.0121,3,False
14,3847,0,vm_03847,pm_0625,0,67,0.131,0.0153,3,False
14,3848,0,vm_03848,pm_0063,0,127,0.3775,0.0147,2,False
14,3849,0,vm_03849,pm_0623,0,25,0.2009,0.0144,3,False
14,3850,0,vm_03850,pm_0295,0,183,0.057,0.0549,1,False
14,3851,0,vm_03851,pm_0171,0,136,0.4919,0.012,2,False
14,3852,0,vm_03852,pm_0543,0,290,0.0314,0.065,1,False
14,3853,0,vm_03853,pm_0577,0,105,0.2168,0.0101,3,False
14,3854,0,vm_03854,pm_0115,0,23,0.1455,0.0137,3,False
14,3855,0,vm_03855,pm_0246,0,193,0.2358,0.0086,3,False
14,3856,0,vm_03856,pm_0046,0,168,0.0468,0.0697,1,False
14,3857,0,vm_03857,pm_0407,0,35,0.0377,0.0657,1,False
14,3858,0,vm_03858,pm_0671,0,100,0.5527,0.0186,2,False
14,3859,0,vm_03859,pm_0664,0,33,0.0411,0.0531,1,False
14,3860,0,vm_03860,pm_0589,0,38,0.1186,0.011,3,False
14,3861,0,vm_03861,pm_0258,0,210,0.1327,0.0083,3,False
14,3862,0,vm_03862,pm_0181,0,229,0.1833,0.0084,3,False
15,3863,0,vm_03863,pm_0230,0,278,0.0961,0.072,1,False
15,3864,0,vm_03864,pm_0013,0,79,0.0682,0.0561,1,False
15,3865,0,vm_03865,pm_0678,0,237,0.0556,0.0502,1,False
15,3866,0,vm_03866,pm_0105,0,171,0.043,0.0742,1,False
15,3867,0,vm_03867,pm_0640,0,58,0.3422,0.0155,2,False
15,3868,0,vm_03868,pm_0483,0,21,0.1357,0.0127,3,False
15,3869,0,vm_03869,pm_0113,0,237,0.1628,0.0175,3,False
15,3870,0,vm_03870,pm_0156,0,295,0.0743,0.0566,1,False
15,3871,0,vm_03871,pm_0011,0,93,0.0778,0.049,1,False
15,3872,0,vm_03872,pm_0694,0,243,0.0399,0.0461,1,False
15,3873,0,vm_03873,pm_0292,0,10,0.0824,0.0729,1,False
15,3874,0,vm_03874,pm_0614,0,116,0.2182,0.017,3,False
15,3875,0,vm_03875,pm_0163,0,264,0.0673,0.0645,1,False
15,3876,0,vm_03876,pm_0596,0,11,0.3839,0.0179,2,False
15,3877,0,vm_03877,pm_0162,0,153,0.0595,0.0773,1,False
15,3878,0,vm_03878,pm_0615,0,37,0.2029,0.0164,3,False
15,3879,0,vm_03879,pm_0320,0,130,0.6183,0.0184,2,False
15,3880,0,vm_03880,pm_0364,0,224,0.0469,0.0643,1,False
15,3881,0,vm_03881,pm_0264,0,142,0.3638,0.0242,2,False
15,3882,0,vm_03882,pm_0482,0,53,0.0928,0.0127,3,False
15,3883,0,vm_03883,pm_0500,0,23,0.1258,0.0123,3,False
15,3884,0,vm_03884,pm_0005,0,120,0.0642,0.0464,1,False
15,3885,0,vm_03885,pm_0277,0,118,0.0775,0.0188,3,False
15,3886,0,vm_03886,pm_0249,0,160,0.1076,0.0097,3,False
15,3887,0,vm_03887,pm_0126,0,73,0.1156,0.0117,3,False
15,3888,0,vm_03888,pm_0794,0,184,0.1519,0.0179,3,False
15,3889,0,vm_03889,pm_0259,0,191,0.1015,0.0127,3,False
15,3890,0,vm_03890,pm_0120,0,219,0.125,0.053,1,False
15,3891,0,vm_03891,pm_0427,0,120,0.1172,0.0132,3,False
15,3892,0,vm_03892,pm_0707,0,208,0.3071,0.0145,2,False
15,3893,0,vm_03893,pm_0716,0,299,0.0856,0.0103,3,False
15,3894,0,vm_03894,pm_0008,0,163,0.4589,0.0224,2,False
15,3895,0,vm_03895,pm_0558,0,267,0.0783,0.0151,3,False
15,3896,0,vm_03896,pm_0185,0,2,0.0706,0.0143,3,False
15,3897,0,vm_03897,pm_0500,0,49,0.0475,0.0753,1,False
15,3898,0,vm_03898,pm_0525,0,210,0.1913,0.0098,3,False
15,3899,0,vm_03899,pm_0164,0,15,0.2535,0.0111,2,False
15,3900,0,vm_03900,pm_0329,0,167,0.1085,0.0137,3,False
15,3901,0,vm_03901,pm_0751,0,282,0.6553,0.0143,2,False
15,3902,0,vm_03902,pm_0005,0,297,0.0418,0.0507,1,False
15,3903,0,vm_03903,pm_0661,0,184,0.1177,0.0127,3,False
15,3904,0,vm_03904,pm_0303,0,137,0.0523,0.0467,1,False
15,3905,0,vm_03905,pm_0081,0,124,0.1171,0.0176,3,False
15,3906,0,vm_03906,pm_0149,0,57,0.3326,0.0152,2,False
15,3907,0,vm_03907,pm_0368,0,65,0.5585,0.0187,2,False
15,3908,0,vm_03908,pm_0722,0,201,0.0277,0.059,1,False
15,3909,0,vm_03909,pm_0450,0,8,0.379,0.0195,2,False
15,3910,0,vm_03910,pm_0660,0,104,0.044,0.0618,1,False
15,3911,0,vm_03911,pm_0692,0,88,0.0362,0.0589,1,False
15,3912,0,vm_03912,pm_0355,0,88,0.0502,0.0649,1,False
15,3913,0,vm_03913,pm_0415,0,5,0.0773,0.069,1,False
15,3914,0,vm_03914,pm_0375,0,157,0.1716,0.0179,3,False
15,3915,0,vm_03915,pm_0127,0,102,0.1666,0.0138,3,False
15,3916,0,vm_03916,pm_0407,0,222,0.0362,0.0608,1,False
15,3917,0,vm_03917,pm_0433,0,170,0.1122,0.0126,3,False
15,3918,0,vm_03918,pm_0060,0,32,0.0577,0.0498,1,False
15,3919,0,vm_03919,pm_0174,0,180,0.145,0.0144,3,False
15,3920,0,vm_03920,pm_0633,0,183,0.1212,0.012,3,False
15,3921,0,vm_03921,pm_0302,0,86,0.0956,0.0156,3,False
15,3922,0,vm_03922,pm_0420,0,68,0.0635,0.0536,1,False
15,3923,0,vm_03923,pm_0587,0,25,0.1907,0.0126,3,False
15,3924,0,vm_03924,pm_0746,0,5,0.0538,0.0529,1,False
15,3925,0,vm_03925,pm_0122,0,255,0.2652,0.0082,3,False
15,3926,0,vm_03926,pm_0652,0,181,0.0391,0.0363,1,False
15,3927,0,vm_03927,pm_0532,0,294,0.2682,0.0157,3,False
15,3928,0,vm_03928,pm_0299,0,259,0.1866,0.0104,3,False
15,3929,0,vm_03929,pm_0451,0,233,0.1065,0.0189,3,False
15,3930,0,vm_03930,pm_0133,0,281,0.0945,0.0674,1,False
15,3931,0,vm_03931,pm_0298,0,206,0.1784,0.0142,3,False
15,3932,0,vm_03932,pm_0039,0,76,0.0959,0.0495,1,False
15,3933,0,vm_03933,pm_0134,0,167,0.0931,0.0124,3,False
15,3934,0,vm_03934,pm_0510,0,55,0.0919,0.0796,1,False
15,3935,0,vm_03935,pm_0643,0,294,0.0489,0.0538,1,False
15,3936,0,vm_03936,pm_0128,0,80,0.3176,0.009,2,False
15,3937,0,vm_03937,pm_0566,0,166,0.404,0.0151,2,False
15,3938,0,vm_03938,pm_0558,0,175,0.0489,0.0562,1,False
15,3939,0,vm_03939,pm_0319,0,280,0.0852,0.065,1,False
15,3940,0,vm_03940,pm_0083,0,148,0.3856,0.0127,2,False
15,3941,0,vm_03941,pm_0362,0,255,0.1431,0.0228,3,False
15,3942,0,vm_03942,pm_0568,0,280,0.1644,0.0157,3,False
15,3943,0,vm_03943,pm_0115,0,277,0.0521,0.0391,1,False
15,3944,0,vm_03944,pm_0561,0,278,0.077,0.0694,1,False
15,3945,0,vm_03945,pm_0133,0,205,0.0589,0.0517,1,False
15,3946,0,vm_03946,pm_0476,0,29,0.0649,0.0654,1,False
15,3947,0,vm_03947,pm_0548,0,217,0.1834,0.0076,3,False
15,3948,0,vm_03948,pm_0446,0,230,0.0979,0.0128,3,False
15,3949,0,vm_03949,pm_0548,0,161,0.045,0.0595,1,False
15,3950,0,vm_03950,pm_0162,0,216,0.0398,0.0718,1,False
15,3951,0,vm_03951,pm_0764,0,227,0.042,0.0664,1,False
15,3952,0,vm_03952,pm_0457,0,220,0.1923,0.0138,3,False
15,3953,0,vm_03953,pm_0050,0,233,0.1138,0.0166,3,False
15,3954,0,vm_03954,pm_0716,0,72,0.0769,0.0653,1,False
15,3955,0,vm_03955,pm_0048,0,94,0.0764,0.0651,1,False
15,3956,0,vm_03956,pm_0131,0,94,0.1271,0.017,3,False
15,3957,0,vm_03957,pm_0458,0,242,0.1342,0.0111,3,False
15,3958,0,vm_03958,pm_0361,0,292,0.5723,0.0204,2,False
15,3959,0,vm_03959,pm_0122,0,262,0.0624,0.0601,1,False
15,3960,0,vm_03960,pm_0422,0,123,0.0411,0.0584,1,False
15,3961,0,vm_03961,pm_0524,0,287,0.2949,0.0193,2,False
15,3962,0,vm_03962,pm_0349,0,266,0.1113,0.0677,1,False
15,3963,0,vm_03963,pm_0123,0,108,0.0681,0.0583,1,False
15,3964,0,vm_03964,pm_0096,0,47,0.1467,0.018,3,False
15,3965,0,vm_03965,pm_0082,0,300,0.0519,0.0557,1,False
15,3966,0,vm_03966,pm_0194,0,94,0.1102,0.0163,3,False
15,3967,0,vm_03967,pm_0502,0,32,0.056,0.0537,1,False
15,3968,0,vm_03968,pm_0129,0,117,0.0494,0.0543,1,False
15,3969,0,vm_03969,pm_0349,0,131,0.1274,0.0107,3,False
15,3970,0,vm_03970,pm_0068,0,250,0.0452,0.0631,1,False
15,3971,0,vm_03971,pm_0146,0,121,0.0691,0.0111,3,False
15,3972,0,vm_03972,pm_0020,0,217,0.383,0.0155,2,False
15,3973,0,vm_03973,pm_0709,0,52,0.0737,0.0675,1,False
15,3974,0,vm_03974,pm_0165,0,125,0.094,0.0142,3,False
15,3975,0,vm_03975,pm_0352,0,158,0.0488,0.0589,1,False
15,3976,0,vm_03976,pm_0226,0,158,0.0812,0.0126,3,False
15,3977,0,vm_03977,pm_0629,0,282,0.0988,0.064,1,False
15,3978,0,vm_03978,pm_0513,0,88,0.6634,0.014,2,False
15,3979,0,vm_03979,pm_0115,0,175,0.0665,0.0669,1,False
15,3980,0,vm_03980,pm_0256,0,291,0.2745,0.0137,2,False
15,3981,0,vm_03981,pm_0649,0,158,0.158,0.0181,3,False
15,3982,0,vm_03982,pm_0422,0,248,0.0936,0.0118,3,False
15,3983,0,vm_03983,pm_0491,0,121,0.0799,0.0493,1,False
15,3984,0,vm_03984,pm_0324,0,236,0.0571,0.0563,1,False
15,3985,0,vm_03985,pm_0782,0,124,0.0868,0.0148,3,False
15,3986,0,vm_03986,pm_0385,0,278,0.1551,0.0131,3,False
15,3987,0,vm_03987,pm_0257,0,91,0.0614,0.042,1,False
15,3988,0,vm_03988,pm_0234,0,104,0.4628,0.018,2,False
15,3989,0,vm_03989,pm_0638,0,41,0.0516,0.0618,1,False
15,3990,0,vm_03990,pm_0113,0,128,0.101,0.0113,3,False
15,3991,0,vm_03991,pm_0350,0,52,0.0557,0.0586,1,False
15,3992,0,vm_03992,pm_0545,0,167,0.0577,0.061,1,False
15,3993,0,vm_03993,pm_0656,0,89,0.1798,0.0198,3,False
15,3994,0,vm_03994,pm_0170,0,246,0.0566,0.0638,1,False
15,3995,0,vm_03995,pm_0374,0,173,0.3154,0.0241,2,False
15,3996,0,vm_03996,pm_0560,0,86,0.6347,0.0191,2,False
15,3997,0,vm_03997,pm_0027,0,149,0.0558,0.0533,1,False
15,3998,0,vm_03998,pm_0752,0,248,0.0355,0.0615,1,False
15,3999,0,vm_03999,pm_0285,0,114,0.3415,0.0105,2,False
15,4000,0,vm_04000,pm_0336,0,179,0.1088,0.069,1,False
15,4001,0,vm_04001,pm_0748,0,119,0.5094,0.0134,2,False
15,4002,0,vm_04002,pm_0424,0,27,0.1194,0.0184,3,False
15,4003,0,vm_04003,pm_0737,0,116,0.1139,0.0144,3,False
15,4004,0,vm_04004,pm_0126,0,190,0.0703,0.0545,1,False
15,4005,0,vm_04005,pm_0318,0,144,0.0751,0.0494,1,False
15,4006,0,vm_04006,pm_0033,0,261,0.0549,0.0521,1,False
15,4007,0,vm_04007,pm_0510,0,141,0.0652,0.0653,1,False
15,4008,0,vm_04008,pm_0048,0,113,0.47,0.0195,2,False
15,4009,0,vm_04009,pm_0364,0,272,0.1347,0.011,3,False
15,4010,0,vm_04010,pm_0443,0,37,0.0758,0.0558,1,False
15,4011,0,vm_04011,pm_0234,0,196,0.1057,0.0621,1,False
15,4012,0,vm_04012,pm_0091,0,12,0.0833,0.0489,1,False
15,4013,0,vm_04013,pm_0003,0,111,0.141,0.0117,3,False
15,4014,0,vm_04014,pm_0369,0,136,0.0626,0.0592,1,False
15,4015,0,vm_04015,pm_0521,0,171,0.1411,0.0111,3,False
15,4016,0,vm_04016,pm_0171,0,126,0.0712,0.0562,1,False
15,4017,0,vm_04017,pm_0307,0,18,0.125,0.0169,3,False
15,4018,0,vm_04018,pm_0518,0,207,0.2133,0.0143,3,False
15,4019,0,vm_04019,pm_0324,0,157,0.0806,0.0611,1,False
15,4020,0,vm_04020,pm_0160,0,159,0.0675,0.077,1,False
15,4021,0,vm_04021,pm_0301,0,239,0.3643,0.0117,2,False
15,4022,0,vm_04022,pm_0468,0,78,0.0673,0.0605,1,False
15,4023,0,vm_04023,pm_0663,0,196,0.1547,0.0095,3,False
15,4024,0,vm_04024,pm_0464,0,119,0.1569,0.0127,3,False
15,4025,0,vm_04025,pm_0742,0,247,0.0805,0.014,3,False
15,4026,0,vm_04026,pm_0475,0,138,0.1365,0.0172,3,False
15,4027,0,vm_04027,pm_0461,0,225,0.0573,0.0689,1,False
15,4028,0,vm_04028,pm_0323,0,82,0.063,0.0661,1,False
15,4029,0,vm_04029,pm_0432,0,25,0.1754,0.0131,3,False
15,4030,0,vm_04030,pm_0232,0,127,0.0749,0.0556,1,False
15,4031,0,vm_04031,pm_0225,0,222,0.1657,0.013,3,False
15,4032,0,vm_04032,pm_0797,0,43,0.0237,0.0813,1,False
15,4033,0,vm_04033,pm_0018,0,83,0.0756,0.0559,1,False
15,4034,0,vm_04034,pm_0313,0,24,0.0795,0.0163,3,False
15,4035,0,vm_04035,pm_0552,0,219,0.071,0.0567,1,False
15,4036,0,vm_04036,pm_0599,0,292,0.1111,0.0136,3,False
15,4037,0,vm_04037,pm_0638,0,203,0.1931,0.0094,3,False
15,4038,0,vm_04038,pm_0060,0,192,0.1284,0.0135,3,False
15,4039,0,vm_04039,pm_0323,0,1,0.197,0.0143,3,False
15,4040,0,vm_04040,pm_0581,0,201,0.4676,0.0174,2,False
15,4041,0,vm_04041,pm_0286,0,31,0.0988,0.0087,3,False
15,4042,0,vm_04042,pm_0066,0,88,0.0355,0.0529,1,False
15,4043,0,vm_04043,pm_0721,0,201,0.448,0.0222,2,False
15,4044,0,vm_04044,pm_0065,0,177,0.1735,0.0191,3,False
15,4045,0,vm_04045,pm_0775,0,192,0.4626,0.009,2,False
15,4046,0,vm_04046,pm_0750,0,159,0.3996,0.0099,2,False
15,4047,0,vm_04047,pm_0399,0,292,0.0855,0.0527,1,False
15,4048,0,vm_04048,pm_0488,0,203,0.4725,0.021,2,False
15,4049,0,vm_04049,pm_0402,0,240,0.1148,0.0125,3,False
15,4050,0,vm_04050,pm_0330,0,114,0.0419,0.0648,1,False
15,4051,0,vm_04051,pm_0696,0,209,0.0944,0.0119,3,False
15,4052,0,vm_04052,pm_0746,0,221,0.1167,0.0105,3,False
15,4053,0,vm_04053,pm_0626,0,181,0.1564,0.0122,3,False
15,4054,0,vm_04054,pm_0514,0,258,0.3524,0.017,2,False
15,4055,0,vm_04055,pm_0621,0,39,0.0391,0.0205,3,False
15,4056,0,vm_04056,pm_0335,0,59,0.0434,0.0508,1,False
15,4057,0,vm_04057,pm_0104,0,10,0.1667,0.0129,3,False
15,4058,0,vm_04058,pm_0567,0,119,0.0844,0.0632,1,False
15,4059,0,vm_04059,pm_0223,0,41,0.2627,0.0104,3,False
15,4060,0,vm_04060,pm_0600,0,189,0.1197,0.0132,3,False
15,4061,0,vm_04061,pm_0176,0,122,0.0305,0.0715,1,False
15,4062,0,vm_04062,pm_0189,0,188,0.0493,0.0657,1,False
15,4063,0,vm_04063,pm_0219,0,251,0.1833,0.0193,3,False
16,4064,0,vm_04064,pm_0653,0,91,0.0511,0.0524,1,False
16,4065,0,vm_04065,pm_0438,0,212,0.105,0.0192,3,False
16,4066,0,vm_04066,pm_0331,0,201,0.0414,0.0594,1,False
16,4067,0,vm_04067,pm_0567,0,267,0.06,0.0819,1,False
16,4068,0,vm_04068,pm_0060,0,154,0.1416,0.0173,3,False
16,4069,0,vm_04069,pm_0623,0,194,0.2397,0.0169,3,False
16,4070,0,vm_04070,pm_0347,0,27,0.1576,0.0155,3,False
16,4071,0,vm_04071,pm_0776,0,193,0.0919,0.0696,1,False
16,4072,0,vm_04072,pm_0537,0,222,0.1094,0.019,3,False
16,4073,0,vm_04073,pm_0388,0,106,0.1587,0.0142,3,False
16,4074,0,vm_04074,pm_0325,0,148,0.0822,0.0122,3,False
16,4075,0,vm_04075,pm_0599,0,134,0.0714,0.0125,3,False
16,4076,0,vm_04076,pm_0377,0,94,0.4009,0.0207,2,False
16,4077,0,vm_04077,pm_0383,0,269,0.4229,0.0126,2,False
16,4078,0,vm_04078,pm_0780,0,125,0.068,0.0663,1,False
16,4079,0,vm_04079,pm_0243,0,11,0.1501,0.0194,3,False
16,4080,0,vm_04080,pm_0552,0,293,0.0962,0.0592,1,False
16,4081,0,vm_04081,pm_0576,0,294,0.1072,0.014,3,False
16,4082,0,vm_04082,pm_0513,0,3,0.0643,0.071,1,False
16,4083,0,vm_04083,pm_0588,0,167,0.1927,0.0216,3,False
16,4084,0,vm_04084,pm_0319,0,7,0.0762,0.0158,3,False
16,4085,0,vm_04085,pm_0238,0,123,0.0546,0.063,1,False
16,4086,0,vm_04086,pm_0123,0,184,0.0749,0.0744,1,False
16,4087,0,vm_04087,pm_0234,0,34,0.0497,0.0659,1,False
16,4088,0,vm_04088,pm_0102,0,72,0.1262,0.0098,3,False
16,4089,0,vm_04089,pm_0512,0,12,0.1126,0.0113,3,False
16,4090,0,vm_04090,pm_0615,0,38,0.0424,0.0695,1,False
16,4091,0,vm_04091,pm_0369,0,83,0.1428,0.0135,3,False
16,4092,0,vm_04092,pm_0161,0,20,0.0431,0.0585,1,False
16,4093,0,vm_04093,pm_0225,0,252,0.3666,0.0152,2,False
16,4094,0,vm_04094,pm_0587,0,257,0.1449,0.0135,3,False
16,4095,0,vm_04095,pm_0697,0,299,0.0512,0.0524,1,False
16,4096,0,vm_04096,pm_0436,0,29,0.402,0.0216,2,False
16,4097,0,vm_04097,pm_0517,0,127,0.082,0.0556,1,False
16,4098,0,vm_04098,pm_0621,0,39,0.0855,0.0346,1,False
16,4099,0,vm_04099,pm_0078,0,96,0.0848,0.0751,1,False
16,4100,0,vm_04100,pm_0305,0,223,0.0845,0.0666,1,False
16,4101,0,vm_04101,pm_0216,0,91,0.1069,0.0171,3,False
16,4102,0,vm_04102,pm_0486,0,279,0.4499,0.013,2,False
16,4103,0,vm_04103,pm_0643,0,169,0.5731,0.0211,2,False
16,4104,0,vm_04104,pm_0002,0,283,0.0858,0.0665,1,False
16,4105,0,vm_04105,pm_0364,0,221,0.0428,0.0481,1,False
16,4106,0,vm_04106,pm_0680,0,116,0.1449,0.0151,3,False
16,4107,0,vm_04107,pm_0423,0,247,0.1788,0.0166,3,False
16,4108,0,vm_04108,pm_0717,0,88,0.0405,0.0549,1,False
16,4109,0,vm_04109,pm_0460,0,77,0.0887,0.0142,3,False
16,4110,0,vm_04110,pm_0459,0,73,0.4327,0.0135,2,False
16,4111,0,vm_04111,pm_0218,0,13,0.6277,0.0148,2,False
16,4112,0,vm_04112,pm_0334,0,44,0.4066,0.0211,2,False
16,4113,0,vm_04113,pm_0039,0,37,0.0601,0.0544,1,False
16,4114,0,vm_04114,pm_0164,0,244,0.093,0.0701,1,False
16,4115,0,vm_04115,pm_0035,0,61,0.1487,0.0137,3,False
16,4116,0,vm_04116,pm_0451,0,95,0.0616,0.0689,1,False
16,4117,0,vm_04117,pm_0294,0,251,0.0701,0.0118,3,False
16,4118,0,vm_04118,pm_0673,0,60,0.3396,0.0129,2,False
16,4119,0,vm_04119,pm_0422,0,268,0.0683,0.0477,1,False
16,4120,0,vm_04120,pm_0031,0,118,0.176,0.0194,3,False
16,4121,0,vm_04121,pm_0642,0,86,0.0351,0.0602,1,False
16,4122,0,vm_04122,pm_0562,0,82,0.3692,0.0126,2,False
16,4123,0,vm_04123,pm_0656,0,79,0.1583,0.0152,3,False
16,4124,0,vm_04124,pm_0041,0,227,0.1144,0.0132,3,False
16,4125,0,vm_04125,pm_0348,0,110,0.1448,0.0096,3,False
16,4126,0,vm_04126,pm_0412,0,70,0.1716,0.0143,3,False
16,4127,0,vm_04127,pm_0232,0,24,0.2055,0.0105,3,False
16,4128,0,vm_04128,pm_0751,0,278,0.1521,0.0117,3,False
16,4129,0,vm_04129,pm_0418,0,201,0.0634,0.0535,1,False
16,4130,0,vm_04130,pm_0633,0,224,0.0284,0.0689,1,False
16,4131,0,vm_04131,pm_0480,0,266,0.0605,0.0752,1,False
16,4132,0,vm_04132,pm_0105,0,282,0.0544,0.0717,1,False
16,4133,0,vm_04133,pm_0107,0,116,0.1725,0.014,3,False
16,4134,0,vm_04134,pm_0376,0,66,0.0908,0.0118,3,False
16,4135,0,vm_04135,pm_0311,0,46,0.1107,0.0105,3,False
16,4136,0,vm_04136,pm_0740,0,240,0.0613,0.0624,1,False
16,4137,0,vm_04137,pm_0509,0,177,0.1462,0.0145,3,False
16,4138,0,vm_04138,pm_0710,0,7,0.061,0.0507,1,False
16,4139,0,vm_04139,pm_0550,0,182,0.1273,0.0127,3,False
16,4140,0,vm_04140,pm_0048,0,76,0.3289,0.009,2,False
16,4141,0,vm_04141,pm_0386,0,66,0.0799,0.0614,1,False
16,4142,0,vm_04142,pm_0254,0,147,0.0444,0.0629,1,False
16,4143,0,vm_04143,pm_0262,0,172,0.0701,0.0618,1,False
16,4144,0,vm_04144,pm_0635,0,34,0.1017,0.0109,3,False
16,4145,0,vm_04145,pm_0224,0,76,0.1392,0.014,3,False
16,4146,0,vm_04146,pm_0638,0,279,0.1642,0.0114,3,False
16,4147,0,vm_04147,pm_0698,0,184,0.0467,0.0784,1,False
16,4148,0,vm_04148,pm_0189,0,54,0.0716,0.067,1,False
16,4149,0,vm_04149,pm_0255,0,93,0.1181,0.0142,3,False
16,4150,0,vm_04150,pm_0516,0,143,0.2117,0.0148,3,False
16,4151,0,vm_04151,pm_0633,0,246,0.0635,0.0619,1,False
16,4152,0,vm_04152,pm_0633,0,199,0.0905,0.0649,1,False
16,4153,0,vm_04153,pm_0337,0,235,0.0709,0.017,3,False
16,4154,0,vm_04154,pm_0570,0,219,0.0586,0.0577,1,False
16,4155,0,vm_04155,pm_0320,0,215,0.0533,0.0666,1,False
16,4156,0,vm_04156,pm_0767,0,48,0.0699,0.0571,1,False
16,4157,0,vm_04157,pm_0117,0,284,0.3341,0.0099,2,False
16,4158,0,vm_04158,pm_0450,0,117,0.1846,0.0131,3,False
16,4159,0,vm_04159,pm_0190,0,81,0.0886,0.0154,3,False
16,4160,0,vm_04160,pm_0603,0,262,0.2711,0.0277,2,False
16,4161,0,vm_04161,pm_0185,0,76,0.471,0.0145,2,False
16,4162,0,vm_04162,pm_0004,0,210,0.071,0.0703,1,False
16,4163,0,vm_04163,pm_0700,0,121,0.4659,0.0172,2,False
16,4164,0,vm_04164,pm_0495,0,89,0.0657,0.0673,1,False
16,4165,0,vm_04165,pm_0621,0,257,0.1466,0.017,3,False
16,4166,0,vm_04166,pm_0482,0,160,0.0846,0.0616,1,False
16,4167,0,vm_04167,pm_0145,0,175,0.0635,0.0737,1,False
16,4168,0,vm_04168,pm_0190,0,292,0.0674,0.0707,1,False
16,4169,0,vm_04169,pm_0668,0,88,0.0798,0.073,1,False
16,4170,0,vm_04170,pm_0794,0,126,0.0841,0.0498,1,False
16,4171,0,vm_04171,pm_0086,0,285,0.0428,0.0659,1,False
16,4172,0,vm_04172,pm_0698,0,296,0.0837,0.0115,3,False
16,4173,0,vm_04173,pm_0376,0,259,0.3775,0.0231,2,False
16,4174,0,vm_04174,pm_0620,0,243,0.2695,0.0174,2,False
16,4175,0,vm_04175,pm_0662,0,110,0.133,0.0126,3,False
16,4176,0,vm_04176,pm_0178,0,23,0.2193,0.0157,3,False
16,4177,0,vm_04177,pm_0064,0,49,0.1738,0.0162,3,False
16,4178,0,vm_04178,pm_0107,0,36,0.1923,0.0144,3,False
16,4179,0,vm_04179,pm_0161,0,180,0.0379,0.0513,1,False
16,4180,0,vm_04180,pm_0215,0,252,0.0567,0.0657,1,False
16,4181,0,vm_04181,pm_0559,0,24,0.0488,0.0537,1,False
16,4182,0,vm_04182,pm_0239,0,124,0.257,0.0173,3,False
16,4183,0,vm_04183,pm_0652,0,30,0.1691,0.0142,3,False
16,4184,0,vm_04184,pm_0516,0,236,0.0708,0.0723,1,False
16,4185,0,vm_04185,pm_0425,0,226,0.0543,0.0522,1,False
16,4186,0,vm_04186,pm_0707,0,37,0.1527,0.016,3,False
16,4187,0,vm_04187,pm_0179,0,57,0.0688,0.0595,1,False
16,4188,0,vm_04188,pm_0668,0,235,0.4047,0.0254,2,False
16,4189,0,vm_04189,pm_0409,0,180,0.1086,0.0114,3,False
16,4190,0,vm_04190,pm_0254,0,113,0.0895,0.0126,3,False
16,4191,0,vm_04191,pm_0641,0,131,0.083,0.0131,3,False
16,4192,0,vm_04192,pm_0714,0,179,0.1603,0.012,3,False
16,4193,0,vm_04193,pm_0572,0,77,0.4847,0.009,2,False
16,4194,0,vm_04194,pm_0267,0,219,0.1918,0.0208,3,False
16,4195,0,vm_04195,pm_0146,0,141,0.1425,0.0117,3,False
16,4196,0,vm_04196,pm_0577,0,42,0.0988,0.0742,1,False
16,4197,0,vm_04197,pm_0585,0,117,0.0777,0.0478,1,False
16,4198,0,vm_04198,pm_0736,0,58,0.0632,0.0548,1,False
16,4199,0,vm_04199,pm_0508,0,60,0.3058,0.0212,2,False
16,4200,0,vm_04200,pm_0727,0,40,0.1743,0.0158,3,False
16,4201,0,vm_04201,pm_0461,0,273,0.1219,0.006,3,False
16,4202,0,vm_04202,pm_0329,0,187,0.0567,0.0622,1,False
16,4203,0,vm_04203,pm_0297,0,186,0.0584,0.0627,1,False
16,4204,0,vm_04204,pm_0434,0,227,0.1531,0.0109,3,False
16,4205,0,vm_04205,pm_0656,0,163,0.0933,0.066,1,False
16,4206,0,vm_04206,pm_0480,0,285,0.4143,0.0179,2,False
16,4207,0,vm_04207,pm_0439,0,101,0.1961,0.014,3,False
16,4208,0,vm_04208,pm_0138,0,266,0.5266,0.0161,2,False
16,4209,0,vm_04209,pm_0055,0,123,0.0876,0.051,1,False
16,4210,0,vm_04210,pm_0650,0,152,0.0847,0.0519,1,False
16,4211,0,vm_04211,pm_0612,0,178,0.0912,0.061,1,False
16,4212,0,vm_04212,pm_0563,0,65,0.0725,0.0124,3,False
16,4213,0,vm_04213,pm_0101,0,98,0.3792,0.014,2,False
16,4214,0,vm_04214,pm_0651,0,23,0.0738,0.0853,1,False
16,4215,0,vm_04215,pm_0517,0,248,0.1529,0.0124,3,False
16,4216,0,vm_04216,pm_0560,0,164,0.0814,0.0093,3,False
16,4217,0,vm_04217,pm_0488,0,93,0.0785,0.0733,1,False
16,4218,0,vm_04218,pm_0395,0,123,0.3509,0.0149,2,False
16,4219,0,vm_04219,pm_0241,0,155,0.1693,0.0131,3,False
16,4220,0,vm_04220,pm_0152,0,248,0.0425,0.0667,1,False
16,4221,0,vm_04221,pm_0684,0,270,0.0673,0.0452,1,False
16,4222,0,vm_04222,pm_0131,0,57,0.1642,0.0103,3,False
16,4223,0,vm_04223,pm_0500,0,194,0.2073,0.015,3,False
16,4224,0,vm_04224,pm_0199,0,200,0.1312,0.0143,3,False
16,4225,0,vm_04225,pm_0566,0,71,0.1734,0.0129,3,False
16,4226,0,vm_04226,pm_0506,0,246,0.1569,0.0173,3,False
16,4227,0,vm_04227,pm_0442,0,97,0.0858,0.0549,1,False
16,4228,0,vm_04228,pm_0554,0,80,0.0987,0.011,3,False
16,4229,0,vm_04229,pm_0742,0,64,0.3857,0.0118,2,False
16,4230,0,vm_04230,pm_0245,0,4,0.0412,0.0629,1,False
16,4231,0,vm_04231,pm_0515,0,283,0.068,0.017,3,False
16,4232,0,vm_04232,pm_0154,0,293,0.3163,0.0228,2,False
16,4233,0,vm_04233,pm_0756,0,80,0.0387,0.0485,1,False
16,4234,0,vm_04234,pm_0481,0,86,0.1775,0.0099,3,False
16,4235,0,vm_04235,pm_0575,0,292,0.0867,0.0672,1,False
16,4236,0,vm_04236,pm_0431,0,280,0.0821,0.0648,1,False
16,4237,0,vm_04237,pm_0582,0,196,0.0639,0.0581,1,False
16,4238,0,vm_04238,pm_0524,0,251,0.096,0.014,3,False
16,4239,0,vm_04239,pm_0728,0,82,0.0861,0.0123,3,False
16,4240,0,vm_04240,pm_0217,0,26,0.0361,0.0453,1,False
16,4241,0,vm_04241,pm_0558,0,181,0.1128,0.0101,3,False
16,4242,0,vm_04242,pm_0123,0,134,0.0873,0.059,1,False
16,4243,0,vm_04243,pm_0776,0,89,0.164,0.0168,3,False
16,4244,0,vm_04244,pm_0639,0,205,0.3821,0.0099,2,False
16,4245,0,vm_04245,pm_0205,0,26,0.3281,0.0144,2,False
16,4246,0,vm_04246,pm_0542,0,58,0.1657,0.0162,3,False
16,4247,0,vm_04247,pm_0701,0,71,0.0826,0.0525,1,False
16,4248,0,vm_04248,pm_0782,0,226,0.0558,0.0601,1,False
16,4249,0,vm_04249,pm_0629,0,90,0.0642,0.0137,3,False
16,4250,0,vm_04250,pm_0162,0,67,0.1445,0.0123,3,False
16,4251,0,vm_04251,pm_0322,0,259,0.0608,0.0565,1,False
16,4252,0,vm_04252,pm_0176,0,145,0.0453,0.0506,1,False
16,4253,0,vm_04253,pm_0116,0,62,0.0995,0.0582,1,False
17,4254,0,vm_04254,pm_0796,0,179,0.5499,0.0124,2,False
17,4255,0,vm_04255,pm_0444,0,110,0.052,0.0559,1,False
17,4256,0,vm_04256,pm_0307,0,190,0.1952,0.014,3,False
17,4257,0,vm_04257,pm_0329,0,245,0.0957,0.0121,3,False
17,4258,0,vm_04258,pm_0136,0,277,0.2564,0.0124,2,False
17,4259,0,vm_04259,pm_0438,0,296,0.0688,0.0593,1,False
17,4260,0,vm_04260,pm_0694,0,122,0.0436,0.0644,1,False
17,4261,0,vm_04261,pm_0347,0,56,0.0345,0.0606,1,False
17,4262,0,vm_04262,pm_0421,0,159,0.1018,0.0116,3,False
17,4263,0,vm_04263,pm_0167,0,126,0.489,0.0175,2,False
17,4264,0,vm_04264,pm_0238,0,224,0.0907,0.0703,1,False
17,4265,0,vm_04265,pm_0785,0,94,0.0994,0.011,3,False
17,4266,0,vm_04266,pm_0198,0,5,0.548,0.0167,2,False
17,4267,0,vm_04267,pm_0010,0,264,0.1695,0.0126,3,False
17,4268,0,vm_04268,pm_0272,0,233,0.0739,0.053,1,False
17,4269,0,vm_04269,pm_0679,0,287,0.1459,0.022,3,False
17,4270,0,vm_04270,pm_0755,0,15,0.0879,0.01,3,False
17,4271,0,vm_04271,pm_0086,0,139,0.1212,0.0134,3,False
17,4272,0,vm_04272,pm_0538,0,296,0.0582,0.0155,3,False
17,4273,0,vm_04273,pm_0662,0,194,0.0645,0.0676,1,False
17,4274,0,vm_04274,pm_0047,0,185,0.3895,0.0146,2,False
17,4275,0,vm_04275,pm_0024,0,124,0.1636,0.0103,3,False
17,4276,0,vm_04276,pm_0699,0,16,0.0941,0.0179,3,False
17,4277,0,vm_04277,pm_0257,0,25,0.0714,0.055,1,False
17,4278,0,vm_04278,pm_0244,0,212,0.0414,0.0597,1,False
17,4279,0,vm_04279,pm_0450,0,0,0.068,0.0818,1,False
17,4280,0,vm_04280,pm_0337,0,290,0.0143,0.062,1,False
17,4281,0,vm_04281,pm_0086,0,264,0.1096,0.0715,1,False
17,4282,0,vm_04282,pm_0366,0,37,0.1987,0.0111,3,False
17,4283,0,vm_04283,pm_0591,0,232,0.0792,0.0479,1,False
17,4284,0,vm_04284,pm_0516,0,259,0.091,0.0514,1,False
17,4285,0,vm_04285,pm_0017,0,260,0.3451,0.0188,2,False
17,4286,0,vm_04286,pm_0039,0,237,0.1958,0.015,3,False
17,4287,0,vm_04287,pm_0071,0,105,0.0747,0.0151,3,False
17,4288,0,vm_04288,pm_0540,0,246,0.4246,0.0176,2,False
17,4289,0,vm_04289,pm_0029,0,37,0.0986,0.0504,1,False
17,4290,0,vm_04290,pm_0234,0,45,0.1766,0.0136,3,False
17,4291,0,vm_04291,pm_0716,0,209,0.4886,0.0172,2,False
17,4292,0,vm_04292,pm_0274,0,92,0.0549,0.0433,1,False
17,4293,0,vm_04293,pm_0445,0,219,0.575,0.0185,2,False
17,4294,0,vm_04294,pm_0056,0,255,0.1099,0.0191,3,False
17,4295,0,vm_04295,pm_0015,0,136,0.0761,0.073,1,False
17,4296,0,vm_04296,pm_0691,0,230,0.0632,0.0641,1,False
17,4297,0,vm_04297,pm_0190,0,201,0.0957,0.0653,1,False
17,4298,0,vm_04298,pm_0071,0,65,0.0873,0.0662,1,False
17,4299,0,vm_04299,pm_0763,0,37,0.4325,0.0102,2,False
17,4300,0,vm_04300,pm_0275,0,154,0.1161,0.012,3,False
17,4301,0,vm_04301,pm_0315,0,104,0.0708,0.0588,1,False
17,4302,0,vm_04302,pm_0449,0,254,0.1764,0.011,3,False
17,4303,0,vm_04303,pm_0774,0,15,0.1391,0.0106,3,False
17,4304,0,vm_04304,pm_0140,0,78,0.1242,0.0141,3,False
17,4305,0,vm_04305,pm_0150,0,12,0.1628,0.0101,3,False
17,4306,0,vm_04306,pm_0317,0,101,0.0541,0.0665,1,False
17,4307,0,vm_04307,pm_0172,0,151,0.5248,0.012,2,False
17,4308,0,vm_04308,pm_0404,0,177,0.1168,0.0091,3,False
17,4309,0,vm_04309,pm_0684,0,86,0.1025,0.0178,3,False
17,4310,0,vm_04310,pm_0739,0,87,0.2265,0.0104,3,False
17,4311,0,vm_04311,pm_0231,0,28,0.0744,0.0633,1,False
17,4312,0,vm_04312,pm_0673,0,99,0.1597,0.0099,3,False
17,4313,0,vm_04313,pm_0312,0,114,0.0477,0.0361,1,False
17,4314,0,vm_04314,pm_0669,0,209,0.1473,0.0147,3,False
17,4315,0,vm_04315,pm_0517,0,73,0.1799,0.0114,3,False
17,4316,0,vm_04316,pm_0407,0,134,0.0942,0.0563,1,False
17,4317,0,vm_04317,pm_0150,0,268,0.1158,0.0135,3,False
17,4318,0,vm_04318,pm_0050,0,77,0.0556,0.082,1,False
17,4319,0,vm_04319,pm_0614,0,124,0.6289,0.0132,2,False
17,4320,0,vm_04320,pm_0020,0,37,0.4201,0.0223,2,False
17,4321,0,vm_04321,pm_0777,0,268,0.3454,0.0128,2,False
17,4322,0,vm_04322,pm_0305,0,105,0.1522,0.0118,3,False
17,4323,0,vm_04323,pm_0271,0,43,0.1209,0.0121,3,False
17,4324,0,vm_04324,pm_0196,0,224,0.6044,0.0181,2,False
17,4325,0,vm_04325,pm_0115,0,241,0.2119,0.0165,3,False
17,4326,0,vm_04326,pm_0058,0,152,0.0697,0.0141,3,False
17,4327,0,vm_04327,pm_0180,0,23,0.0449,0.059,1,False
17,4328,0,vm_04328,pm_0364,0,123,0.1291,0.0147,3,False
17,4329,0,vm_04329,pm_0731,0,284,0.0843,0.0493,1,False
17,4330,0,vm_04330,pm_0547,0,260,0.0979,0.0137,3,False
17,4331,0,vm_04331,pm_0463,0,145,0.0372,0.0509,1,False
17,4332,0,vm_04332,pm_0304,0,190,0.0528,0.0591,1,False
17,4333,0,vm_04333,pm_0418,0,164,0.3694,0.0131,2,False
17,4334,0,vm_04334,pm_0243,0,70,0.0974,0.0137,3,False
17,4335,0,vm_04335,pm_0524,0,200,0.0418,0.0693,1,False
17,4336,0,vm_04336,pm_0097,0,11,0.0543,0.0596,1,False
17,4337,0,vm_04337,pm_0591,0,51,0.1409,0.0114,3,False
17,4338,0,vm_04338,pm_0366,0,255,0.062,0.0144,3,False
17,4339,0,vm_04339,pm_0753,0,299,0.1467,0.0663,1,False
17,4340,0,vm_04340,pm_0297,0,8,0.0655,0.0661,1,False
17,4341,0,vm_04341,pm_0670,0,139,0.5775,0.0162,2,False
17,4342,0,vm_04342,pm_0323,0,99,0.0448,0.0732,1,False
17,4343,0,vm_04343,pm_0409,0,136,0.0974,0.0121,3,False
17,4344,0,vm_04344,pm_0362,0,21,0.2022,0.013,3,False
17,4345,0,vm_04345,pm_0414,0,144,0.1177,0.0184,3,False
17,4346,0,vm_04346,pm_0365,0,160,0.0467,0.0623,1,False
17,4347,0,vm_04347,pm_0374,0,248,0.1396,0.0114,3,False
17,4348,0,vm_04348,pm_0436,0,174,0.4117,0.0105,2,False
17,4349,0,vm_04349,pm_0334,0,87,0.0741,0.0135,3,False
17,4350,0,vm_04350,pm_0634,0,32,0.1602,0.0174,3,False
17,4351,0,vm_04351,pm_0107,0,270,0.0679,0.0169,3,False
17,4352,0,vm_04352,pm_0099,0,282,0.1267,0.0149,3,False
17,4353,0,vm_04353,pm_0124,0,225,0.3821,0.0159,2,False
17,4354,0,vm_04354,pm_0719,0,111,0.1109,0.0157,3,False
17,4355,0,vm_04355,pm_0374,0,81,0.3945,0.0157,2,False
17,4356,0,vm_04356,pm_0319,0,212,0.0967,0.0156,3,False
17,4357,0,vm_04357,pm_0110,0,7,0.0434,0.0618,1,False
17,4358,0,vm_04358,pm_0747,0,133,0.2008,0.011,3,False
17,4359,0,vm_04359,pm_0263,0,117,0.5752,0.0114,2,False
17,4360,0,vm_04360,pm_0452,0,83,0.0351,0.0425,1,False
17,4361,0,vm_04361,pm_0633,0,257,0.0407,0.0603,1,False
17,4362,0,vm_04362,pm_0628,0,242,0.1915,0.0161,3,False
17,4363,0,vm_04363,pm_0530,0,236,0.0865,0.0147,3,False
17,4364,0,vm_04364,pm_0687,0,149,0.4095,0.0194,2,False
17,4365,0,vm_04365,pm_0756,0,20,0.0575,0.0557,1,False
17,4366,0,vm_04366,pm_0260,0,133,0.1958,0.0149,3,False
17,4367,0,vm_04367,pm_0662,0,95,0.0365,0.0641,1,False
17,4368,0,vm_04368,pm_0059,0,12,0.4554,0.0121,2,False
17,4369,0,vm_04369,pm_0007,0,0,0.0486,0.0585,1,False
17,4370,0,vm_04370,pm_0217,0,149,0.0417,0.0602,1,False
17,4371,0,vm_04371,pm_0360,0,116,0.0805,0.0441,1,False
17,4372,0,vm_04372,pm_0134,0,151,0.0557,0.0558,1,False
17,4373,0,vm_04373,pm_0734,0,63,0.0348,0.07,1,False
17,4374,0,vm_04374,pm_0613,0,149,0.1239,0.0513,1,False
17,4375,0,vm_04375,pm_0505,0,11,0.5041,0.0236,2,False
17,4376,0,vm_04376,pm_0024,0,89,0.5332,0.0135,2,False
17,4377,0,vm_04377,pm_0760,0,82,0.0617,0.0721,1,False
17,4378,0,vm_04378,pm_0328,0,249,0.1312,0.0132,3,False
17,4379,0,vm_04379,pm_0616,0,32,0.0728,0.0698,1,False
17,4380,0,vm_04380,pm_0549,0,148,0.3948,0.0182,2,False
17,4381,0,vm_04381,pm_0482,0,127,0.1009,0.0673,1,False
17,4382,0,vm_04382,pm_0314,0,99,0.0731,0.0545,1,False
17,4383,0,vm_04383,pm_0237,0,211,0.426,0.0164,2,False
17,4384,0,vm_04384,pm_0080,0,73,0.5014,0.0149,2,False
17,4385,0,vm_04385,pm_0371,0,95,0.146,0.012,3,False
17,4386,0,vm_04386,pm_0216,0,91,0.3677,0.0185,2,False
17,4387,0,vm_04387,pm_0094,0,174,0.1465,0.0131,3,False
17,4388,0,vm_04388,pm_0116,0,224,0.064,0.0644,1,False
17,4389,0,vm_04389,pm_0757,0,174,0.0656,0.0507,1,False
17,4390,0,vm_04390,pm_0543,0,55,0.0571,0.0649,1,False
17,4391,0,vm_04391,pm_0750,0,268,0.0676,0.0453,1,False
17,4392,0,vm_04392,pm_0494,0,34,0.5236,0.009,2,False
17,4393,0,vm_04393,pm_0475,0,118,0.1188,0.0128,3,False
17,4394,0,vm_04394,pm_0165,0,55,0.0771,0.0599,1,False
17,4395,0,vm_04395,pm_0266,0,104,0.098,0.0159,3,False
17,4396,0,vm_04396,pm_0329,0,175,0.2287,0.0083,3,False
17,4397,0,vm_04397,pm_0494,0,105,0.0764,0.0712,1,False
17,4398,0,vm_04398,pm_0060,0,79,0.0325,0.0673,1,False
17,4399,0,vm_04399,pm_0443,0,162,0.046,0.0737,1,False
17,4400,0,vm_04400,pm_0309,0,266,0.0617,0.0525,1,False
17,4401,0,vm_04401,pm_0418,0,50,0.0836,0.0621,1,False
17,4402,0,vm_04402,pm_0236,0,278,0.2933,0.0201,2,False
17,4403,0,vm_04403,pm_0666,0,74,0.0666,0.061,1,False
17,4404,0,vm_04404,pm_0679,0,126,0.0457,0.0457,1,False
17,4405,0,vm_04405,pm_0183,0,245,0.156,0.0108,3,False
17,4406,0,vm_04406,pm_0614,0,233,0.1641,0.0155,3,False
17,4407,0,vm_04407,pm_0531,0,154,0.1944,0.0139,3,False
17,4408,0,vm_04408,pm_0242,0,72,0.0604,0.0598,1,False
17,4409,0,vm_04409,pm_0227,0,136,0.0524,0.0657,1,False
17,4410,0,vm_04410,pm_0730,0,273,0.2705,0.0163,2,False
17,4411,0,vm_04411,pm_0314,0,43,0.04,0.0481,1,False
17,4412,0,vm_04412,pm_0327,0,246,0.1085,0.0672,1,False
17,4413,0,vm_04413,pm_0637,0,148,0.1035,0.0111,3,False
17,4414,0,vm_04414,pm_0651,0,55,0.2194,0.0128,3,False
17,4415,0,vm_04415,pm_0484,0,175,0.406,0.0139,2,False
17,4416,0,vm_04416,pm_0290,0,256,0.3919,0.0152,2,False
17,4417,0,vm_04417,pm_0408,0,300,0.2879,0.0197,2,False
17,4418,0,vm_04418,pm_0715,0,62,0.071,0.0649,1,False
17,4419,0,vm_04419,pm_0309,0,62,0.0469,0.0634,1,False
17,4420,0,vm_04420,pm_0615,0,293,0.0536,0.0738,1,False
17,4421,0,vm_04421,pm_0493,0,28,0.0413,0.0589,1,False
18,4422,0,vm_04422,pm_0078,0,39,0.2239,0.0106,3,False
18,4423,0,vm_04423,pm_0362,0,146,0.1865,0.0123,3,False
18,4424,0,vm_04424,pm_0420,0,87,0.1573,0.0145,3,False
18,4425,0,vm_04425,pm_0368,0,55,0.0603,0.0424,1,False
18,4426,0,vm_04426,pm_0676,0,299,0.0365,0.0596,1,False
18,4427,0,vm_04427,pm_0145,0,192,0.0608,0.0693,1,False
18,4428,0,vm_04428,pm_0688,0,99,0.0507,0.0619,1,False
18,4429,0,vm_04429,pm_0582,0,214,0.0852,0.0539,1,False
18,4430,0,vm_04430,pm_0385,0,140,0.2192,0.0144,3,False
18,4431,0,vm_04431,pm_0013,0,48,0.1002,0.0116,3,False
18,4432,0,vm_04432,pm_0517,0,114,0.2949,0.0169,2,False
18,4433,0,vm_04433,pm_0645,0,228,0.4838,0.0132,2,False
18,4434,0,vm_04434,pm_0494,0,251,0.0973,0.0105,3,False
18,4435,0,vm_04435,pm_0354,0,74,0.0511,0.0694,1,False
18,4436,0,vm_04436,pm_0043,0,190,0.051,0.0572,1,False
18,4437,0,vm_04437,pm_0036,0,198,0.1083,0.0641,1,False
18,4438,0,vm_04438,pm_0239,0,162,0.207,0.0122,3,False
18,4439,0,vm_04439,pm_0569,0,138,0.0835,0.0165,3,False
18,4440,0,vm_04440,pm_0365,0,48,0.0344,0.0682,1,False
18,4441,0,vm_04441,pm_0345,0,114,0.1188,0.0161,3,False
18,4442,0,vm_04442,pm_0572,0,167,0.1198,0.0162,3,False
18,4443,0,vm_04443,pm_0648,0,276,0.0435,0.0408,1,False
18,4444,0,vm_04444,pm_0189,0,46,0.0791,0.0604,1,False
18,4445,0,vm_04445,pm_0650,0,258,0.4038,0.0228,2,False
18,4446,0,vm_04446,pm_0571,0,215,0.2185,0.0154,3,False
18,4447,0,vm_04447,pm_0657,0,229,0.0862,0.058,1,False
18,4448,0,vm_04448,pm_0087,0,126,0.0894,0.0085,3,False
18,4449,0,vm_04449,pm_0080,0,224,0.0845,0.0465,1,False
18,4450,0,vm_04450,pm_0357,0,149,0.1112,0.0112,3,False
18,4451,0,vm_04451,pm_0668,0,286,0.5446,0.0235,2,False
18,4452,0,vm_04452,pm_0510,0,45,0.795,0.0127,2,False
18,4453,0,vm_04453,pm_0020,0,300,0.1055,0.0153,3,False
18,4454,0,vm_04454,pm_0703,0,13,0.1972,0.0083,3,False
18,4455,0,vm_04455,pm_0404,0,120,0.0932,0.0151,3,False
18,4456,0,vm_04456,pm_0166,0,190,0.0925,0.0622,1,False
18,4457,0,vm_04457,pm_0561,0,165,0.1389,0.0109,3,False
18,4458,0,vm_04458,pm_0343,0,116,0.051,0.0614,1,False
18,4459,0,vm_04459,pm_0211,0,123,0.4352,0.0104,2,False
18,4460,0,vm_04460,pm_0278,0,53,0.3323,0.009,2,False
18,4461,0,vm_04461,pm_0606,0,270,0.0735,0.0535,1,False
18,4462,0,vm_04462,pm_0693,0,198,0.6695,0.0108,2,False
18,4463,0,vm_04463,pm_0476,0,215,0.1275,0.0114,3,False
18,4464,0,vm_04464,pm_0510,0,112,0.0834,0.0536,1,False
18,4465,0,vm_04465,pm_0706,0,15,0.0765,0.0155,3,False
18,4466,0,vm_04466,pm_0254,0,215,0.0473,0.0406,1,False
18,4467,0,vm_04467,pm_0411,0,134,0.0447,0.0563,1,False
18,4468,0,vm_04468,pm_0454,0,42,0.0244,0.0441,1,False
18,4469,0,vm_04469,pm_0172,0,251,0.1485,0.011,3,False
18,4470,0,vm_04470,pm_0679,0,283,0.1644,0.0126,3,False
18,4471,0,vm_04471,pm_0664,0,97,0.1525,0.0152,3,False
18,4472,0,vm_04472,pm_0295,0,59,0.1442,0.0136,3,False
18,4473,0,vm_04473,pm_0106,0,229,0.0517,0.0719,1,False
18,4474,0,vm_04474,pm_0713,0,130,0.1103,0.0594,1,False
18,4475,0,vm_04475,pm_0492,0,158,0.1488,0.0125,3,False
18,4476,0,vm_04476,pm_0418,0,83,0.3927,0.0123,2,False
18,4477,0,vm_04477,pm_0438,0,207,0.6128,0.0186,2,False
18,4478,0,vm_04478,pm_0629,0,173,0.0528,0.0501,1,False
18,4479,0,vm_04479,pm_0503,0,287,0.1431,0.0152,3,False
18,4480,0,vm_04480,pm_0518,0,80,0.4922,0.0184,2,False
18,4481,0,vm_04481,pm_0704,0,17,0.0667,0.0504,1,False
18,4482,0,vm_04482,pm_0779,0,195,0.4341,0.0163,2,False
18,4483,0,vm_04483,pm_0106,0,290,0.602,0.0147,2,False
18,4484,0,vm_04484,pm_0322,0,278,0.5246,0.0152,2,False
18,4485,0,vm_04485,pm_0703,0,253,0.0569,0.0414,1,False
18,4486,0,vm_04486,pm_0352,0,141,0.1789,0.014,3,False
18,4487,0,vm_04487,pm_0028,0,164,0.061,0.0341,1,False
18,4488,0,vm_04488,pm_0278,0,4,0.0512,0.0699,1,False
18,4489,0,vm_04489,pm_0741,0,250,0.1431,0.0125,3,False
18,4490,0,vm_04490,pm_0571,0,149,0.2876,0.0155,2,False
18,4491,0,vm_04491,pm_0199,0,27,0.0621,0.0498,1,False
18,4492,0,vm_04492,pm_0050,0,236,0.1979,0.0141,3,False
18,4493,0,vm_04493,pm_0281,0,131,0.3604,0.029,2,False
18,4494,0,vm_04494,pm_0658,0,284,0.1188,0.0143,3,False
18,4495,0,vm_04495,pm_0129,0,292,0.1021,0.0115,3,False
18,4496,0,vm_04496,pm_0201,0,162,0.1305,0.014,3,False
18,4497,0,vm_04497,pm_0128,0,226,0.3395,0.009,2,False
18,4498,0,vm_04498,pm_0710,0,129,0.0746,0.0808,1,False
18,4499,0,vm_04499,pm_0783,0,57,0.0482,0.0389,1,False
18,4500,0,vm_04500,pm_0748,0,145,0.2841,0.0172,2,False
18,4501,0,vm_04501,pm_0584,0,121,0.1598,0.0158,3,False
18,4502,0,vm_04502,pm_0776,0,191,0.3165,0.0208,2,False
18,4503,0,vm_04503,pm_0164,0,244,0.0457,0.0687,1,False
18,4504,0,vm_04504,pm_0297,0,102,0.0851,0.0443,1,False
18,4505,0,vm_04505,pm_0040,0,249,0.3259,0.0262,2,False
18,4506,0,vm_04506,pm_0247,0,21,0.0917,0.0481,1,False
18,4507,0,vm_04507,pm_0563,0,59,0.2499,0.0157,3,False
18,4508,0,vm_04508,pm_0787,0,237,0.0916,0.0564,1,False
18,4509,0,vm_04509,pm_0322,0,133,0.1581,0.0139,3,False
18,4510,0,vm_04510,pm_0360,0,261,0.0976,0.0158,3,False
18,4511,0,vm_04511,pm_0207,0,41,0.0605,0.0728,1,False
18,4512,0,vm_04512,pm_0331,0,73,0.5735,0.0106,2,False
18,4513,0,vm_04513,pm_0571,0,296,0.0845,0.0486,1,False
18,4514,0,vm_04514,pm_0299,0,21,0.1375,0.0134,3,False
18,4515,0,vm_04515,pm_0267,0,219,0.5778,0.0161,2,False
18,4516,0,vm_04516,pm_0644,0,78,0.3446,0.0181,2,False
18,4517,0,vm_04517,pm_0607,0,234,0.4861,0.0133,2,False
18,4518,0,vm_04518,pm_0362,0,156,0.0964,0.0177,3,False
18,4519,0,vm_04519,pm_0766,0,113,0.0657,0.0446,1,False
18,4520,0,vm_04520,pm_0622,0,289,0.0574,0.0656,1,False
18,4521,0,vm_04521,pm_0046,0,95,0.0661,0.0132,3,False
18,4522,0,vm_04522,pm_0146,0,129,0.3312,0.0172,2,False
18,4523,0,vm_04523,pm_0300,0,108,0.0984,0.0123,3,False
18,4524,0,vm_04524,pm_0725,0,74,0.1428,0.0089,3,False
18,4525,0,vm_04525,pm_0276,0,274,0.0591,0.0138,3,False
18,4526,0,vm_04526,pm_0531,0,19,0.3367,0.0181,2,False
18,4527,0,vm_04527,pm_0774,0,160,0.2454,0.011,3,False
18,4528,0,vm_04528,pm_0133,0,208,0.2072,0.0145,3,False
18,4529,0,vm_04529,pm_0475,0,93,0.3173,0.0094,2,False
18,4530,0,vm_04530,pm_0448,0,81,0.0436,0.0494,1,False
18,4531,0,vm_04531,pm_0108,0,103,0.0653,0.0587,1,False
18,4532,0,vm_04532,pm_0210,0,236,0.0512,0.0786,1,False
18,4533,0,vm_04533,pm_0685,0,259,0.0757,0.0526,1,False
18,4534,0,vm_04534,pm_0663,0,159,0.0409,0.045,1,False
18,4535,0,vm_04535,pm_0769,0,60,0.5367,0.0134,2,False
18,4536,0,vm_04536,pm_0557,0,37,0.205,0.0104,3,False
18,4537,0,vm_04537,pm_0433,0,117,0.4285,0.0202,2,False
18,4538,0,vm_04538,pm_0122,0,167,0.0649,0.0108,3,False
18,4539,0,vm_04539,pm_0704,0,68,0.0529,0.0481,1,False
18,4540,0,vm_04540,pm_0131,0,82,0.0606,0.068,1,False
18,4541,0,vm_04541,pm_0580,0,234,0.0316,0.0693,1,False
18,4542,0,vm_04542,pm_0751,0,41,0.3572,0.0183,2,False
18,4543,0,vm_04543,pm_0360,0,98,0.0778,0.0469,1,False
18,4544,0,vm_04544,pm_0568,0,129,0.0554,0.0653,1,False
18,4545,0,vm_04545,pm_0404,0,27,0.0537,0.0686,1,False
18,4546,0,vm_04546,pm_0496,0,232,0.1436,0.0188,3,False
18,4547,0,vm_04547,pm_0025,0,228,0.0831,0.0599,1,False
18,4548,0,vm_04548,pm_0394,0,116,0.1121,0.0172,3,False
18,4549,0,vm_04549,pm_0559,0,106,0.1343,0.0169,3,False
18,4550,0,vm_04550,pm_0239,0,294,0.1717,0.0144,3,False
18,4551,0,vm_04551,pm_0179,0,159,0.1363,0.0163,3,False
18,4552,0,vm_04552,pm_0681,0,3,0.1055,0.0638,1,False
18,4553,0,vm_04553,pm_0164,0,148,0.0537,0.0664,1,False
18,4554,0,vm_04554,pm_0145,0,233,0.0847,0.0124,3,False
18,4555,0,vm_04555,pm_0218,0,253,0.5957,0.0206,2,False
18,4556,0,vm_04556,pm_0516,0,247,0.4542,0.0208,2,False
18,4557,0,vm_04557,pm_0126,0,69,0.1536,0.0164,3,False
18,4558,0,vm_04558,pm_0316,0,202,0.145,0.0153,3,False
18,4559,0,vm_04559,pm_0531,0,147,0.2138,0.0112,3,False
18,4560,0,vm_04560,pm_0255,0,220,0.1129,0.0103,3,False
18,4561,0,vm_04561,pm_0024,0,185,0.1889,0.0081,3,False
18,4562,0,vm_04562,pm_0037,0,47,0.0678,0.0406,1,False
18,4563,0,vm_04563,pm_0086,0,262,0.1193,0.0115,3,False
18,4564,0,vm_04564,pm_0377,0,295,0.0602,0.0803,1,False
18,4565,0,vm_04565,pm_0265,0,291,0.0654,0.0562,1,False
18,4566,0,vm_04566,pm_0743,0,171,0.1207,0.0144,3,False
18,4567,0,vm_04567,pm_0454,0,30,0.0486,0.0561,1,False
18,4568,0,vm_04568,pm_0170,0,169,0.0467,0.0316,1,False
18,4569,0,vm_04569,pm_0655,0,43,0.076,0.0623,1,False
18,4570,0,vm_04570,pm_0519,0,42,0.185,0.0086,3,False
18,4571,0,vm_04571,pm_0667,0,133,0.3207,0.0177,2,False
18,4572,0,vm_04572,pm_0123,0,218,0.0944,0.0181,3,False
18,4573,0,vm_04573,pm_0720,0,85,0.107,0.0692,1,False
18,4574,0,vm_04574,pm_0311,0,250,0.1618,0.0165,3,False
18,4575,0,vm_04575,pm_0150,0,264,0.1944,0.0135,3,False
18,4576,0,vm_04576,pm_0602,0,10,0.0825,0.0519,1,False
18,4577,0,vm_04577,pm_0001,0,79,0.6333,0.0172,2,False
18,4578,0,vm_04578,pm_0403,0,108,0.0589,0.0463,1,False
18,4579,0,vm_04579,pm_0502,0,117,0.1312,0.0119,3,False
18,4580,0,vm_04580,pm_0075,0,251,0.2064,0.0154,3,False
18,4581,0,vm_04581,pm_0681,0,17,0.0848,0.0169,3,False
18,4582,0,vm_04582,pm_0357,0,255,0.0869,0.0614,1,False
18,4583,0,vm_04583,pm_0270,0,244,0.1014,0.0218,3,False
18,4584,0,vm_04584,pm_0311,0,152,0.1468,0.0153,3,False
18,4585,0,vm_04585,pm_0548,0,96,0.1312,0.0125,3,False
18,4586,0,vm_04586,pm_0589,0,185,0.1422,0.0145,3,False
18,4587,0,vm_04587,pm_0481,0,29,0.0593,0.0499,1,False
18,4588,0,vm_04588,pm_0161,0,114,0.0859,0.0613,1,False
18,4589,0,vm_04589,pm_0475,0,240,0.1715,0.0176,3,False
18,4590,0,vm_04590,pm_0053,0,256,0.0915,0.0198,3,False
18,4591,0,vm_04591,pm_0181,0,112,0.3451,0.0205,2,False
18,4592,0,vm_04592,pm_0792,0,28,0.0427,0.0598,1,False
18,4593,0,vm_04593,pm_0584,0,225,0.3792,0.0189,2,False
18,4594,0,vm_04594,pm_0289,0,243,0.0486,0.0725,1,False
18,4595,0,vm_04595,pm_0725,0,18,0.5454,0.0157,2,False
18,4596,0,vm_04596,pm_0568,0,111,0.1505,0.0174,3,False
18,4597,0,vm_04597,pm_0541,0,211,0.0924,0.0115,3,False
18,4598,0,vm_04598,pm_0551,0,232,0.0804,0.0528,1,False
18,4599,0,vm_04599,pm_0718,0,158,0.5596,0.0143,2,False
18,4600,0,vm_04600,pm_0471,0,59,0.0638,0.0504,1,False
18,4601,0,vm_04601,pm_0123,0,92,0.0888,0.061,1,False
18,4602,0,vm_04602,pm_0704,0,247,0.2294,0.0186,3,False
18,4603,0,vm_04603,pm_0772,0,157,0.1586,0.0126,3,False
18,4604,0,vm_04604,pm_0366,0,140,0.0726,0.0461,1,False
18,4605,0,vm_04605,pm_0050,0,219,0.1649,0.0109,3,False
18,4606,0,vm_04606,pm_0024,0,88,0.0784,0.0099,3,False
18,4607,0,vm_04607,pm_0690,0,154,0.1524,0.0141,3,False
18,4608,0,vm_04608,pm_0502,0,232,0.0422,0.0552,1,False
18,4609,0,vm_04609,pm_0315,0,192,0.0665,0.0163,3,False
18,4610,0,vm_04610,pm_0305,0,98,0.0936,0.0718,1,False
18,4611,0,vm_04611,pm_0203,0,112,0.0653,0.0696,1,False
18,4612,0,vm_04612,pm_0638,0,106,0.0278,0.059,1,False
18,4613,0,vm_04613,pm_0396,0,23,0.5662,0.0168,2,False
18,4614,0,vm_04614,pm_0612,0,280,0.0249,0.0556,1,False
18,4615,0,vm_04615,pm_0529,0,203,0.0256,0.0522,1,False
19,4616,0,vm_04616,pm_0756,0,10,0.1037,0.0528,1,False
19,4617,0,vm_04617,pm_0265,0,204,0.1871,0.0165,3,False
19,4618,0,vm_04618,pm_0544,0,24,0.1315,0.0148,3,False
19,4619,0,vm_04619,pm_0043,0,139,0.0792,0.0561,1,False
19,4620,0,vm_04620,pm_0655,0,122,0.1297,0.014,3,False
19,4621,0,vm_04621,pm_0193,0,10,0.133,0.0076,3,False
19,4622,0,vm_04622,pm_0414,0,265,0.1535,0.0149,3,False
19,4623,0,vm_04623,pm_0034,0,80,0.0794,0.0431,1,False
19,4624,0,vm_04624,pm_0403,0,108,0.1916,0.0105,3,False
19,4625,0,vm_04625,pm_0067,0,207,0.1443,0.0135,3,False
19,4626,0,vm_04626,pm_0018,0,243,0.1288,0.012,3,False
19,4627,0,vm_04627,pm_0459,0,275,0.0442,0.0594,1,False
19,4628,0,vm_04628,pm_0425,0,260,0.3435,0.0091,2,False
19,4629,0,vm_04629,pm_0401,0,296,0.1251,0.0122,3,False
19,4630,0,vm_04630,pm_0523,0,62,0.3695,0.0183,2,False
19,4631,0,vm_04631,pm_0123,0,183,0.1037,0.0598,1,False
19,4632,0,vm_04632,pm_0415,0,31,0.0328,0.0582,1,False
19,4633,0,vm_04633,pm_0273,0,282,0.1057,0.0142,3,False
19,4634,0,vm_04634,pm_0123,0,6,0.1545,0.0144,3,False
19,4635,0,vm_04635,pm_0464,0,173,0.0682,0.0784,1,False
19,4636,0,vm_04636,pm_0190,0,145,0.1638,0.0142,3,False
19,4637,0,vm_04637,pm_0655,0,251,0.1181,0.0684,1,False
19,4638,0,vm_04638,pm_0364,0,165,0.1472,0.0145,3,False
19,4639,0,vm_04639,pm_0031,0,102,0.1545,0.0073,3,False
19,4640,0,vm_04640,pm_0200,0,192,0.1989,0.0137,3,False
19,4641,0,vm_04641,pm_0352,0,16,0.1112,0.0171,3,False
19,4642,0,vm_04642,pm_0606,0,89,0.0718,0.0381,1,False
19,4643,0,vm_04643,pm_0122,0,85,0.1149,0.0171,3,False
19,4644,0,vm_04644,pm_0555,0,102,0.0815,0.0492,1,False
19,4645,0,vm_04645,pm_0746,0,81,0.0831,0.0114,3,False
19,4646,0,vm_04646,pm_0079,0,125,0.16,0.0147,3,False
19,4647,0,vm_04647,pm_0179,0,37,0.1297,0.0158,3,False
19,4648,0,vm_04648,pm_0035,0,212,0.0801,0.0527,1,False
19,4649,0,vm_04649,pm_0425,0,224,0.1208,0.0114,3,False
19,4650,0,vm_04650,pm_0119,0,221,0.0329,0.0476,1,False
19,4651,0,vm_04651,pm_0167,0,246,0.0255,0.063,1,False
19,4652,0,vm_04652,pm_0376,0,135,0.1506,0.017,3,False
19,4653,0,vm_04653,pm_0618,0,285,0.3585,0.009,2,False
19,4654,0,vm_04654,pm_0198,0,230,0.1632,0.0165,3,False
19,4655,0,vm_04655,pm_0599,0,8,0.0885,0.0649,1,False
19,4656,0,vm_04656,pm_0242,0,224,0.071,0.0636,1,False
19,4657,0,vm_04657,pm_0480,0,106,0.2251,0.006,3,False
19,4658,0,vm_04658,pm_0137,0,186,0.4226,0.0122,2,False
19,4659,0,vm_04659,pm_0364,0,220,0.0479,0.0682,1,False
19,4660,0,vm_04660,pm_0072,0,94,0.0908,0.0184,3,False
19,4661,0,vm_04661,pm_0691,0,194,0.4852,0.0102,2,False
19,4662,0,vm_04662,pm_0728,0,241,0.1797,0.0122,3,False
19,4663,0,vm_04663,pm_0186,0,229,0.3168,0.0196,2,False
19,4664,0,vm_04664,pm_0271,0,4,0.1182,0.0188,3,False
19,4665,0,vm_04665,pm_0086,0,3,0.1586,0.006,3,False
19,4666,0,vm_04666,pm_0003,0,263,0.1832,0.0084,3,False
19,4667,0,vm_04667,pm_0548,0,252,0.0912,0.0619,1,False
19,4668,0,vm_04668,pm_0051,0,162,0.1556,0.0101,3,False
19,4669,0,vm_04669,pm_0448,0,140,0.1196,0.0104,3,False
19,4670,0,vm_04670,pm_0425,0,295,0.1478,0.0109,3,False
19,4671,0,vm_04671,pm_0675,0,18,0.0698,0.0631,1,False
19,4672,0,vm_04672,pm_0780,0,81,0.0634,0.0144,3,False
19,4673,0,vm_04673,pm_0626,0,3,0.1634,0.0138,3,False
19,4674,0,vm_04674,pm_0006,0,127,0.0557,0.0685,1,False
19,4675,0,vm_04675,pm_0028,0,186,0.5041,0.0129,2,False
19,4676,0,vm_04676,pm_0426,0,145,0.0958,0.0119,3,False
19,4677,0,vm_04677,pm_0061,0,151,0.0585,0.0716,1,False
19,4678,0,vm_04678,pm_0341,0,92,0.0915,0.0087,3,False
19,4679,0,vm_04679,pm_0248,0,30,0.1717,0.0089,3,False
19,4680,0,vm_04680,pm_0560,0,27,0.2332,0.0137,3,False
19,4681,0,vm_04681,pm_0742,0,136,0.0763,0.0528,1,False
19,4682,0,vm_04682,pm_0468,0,89,0.0912,0.0793,1,False
19,4683,0,vm_04683,pm_0051,0,48,0.1645,0.0143,3,False
19,4684,0,vm_04684,pm_0155,0,257,0.0928,0.085,1,False
19,4685,0,vm_04685,pm_0081,0,5,0.2019,0.0145,3,False
19,4686,0,vm_04686,pm_0271,0,28,0.0462,0.041,1,False
19,4687,0,vm_04687,pm_0388,0,155,0.0987,0.0606,1,False
19,4688,0,vm_04688,pm_0080,0,262,0.0792,0.0586,1,False
19,4689,0,vm_04689,pm_0679,0,33,0.3704,0.0201,2,False
19,4690,0,vm_04690,pm_0327,0,236,0.0812,0.0162,3,False
19,4691,0,vm_04691,pm_0724,0,137,0.0556,0.0644,1,False
19,4692,0,vm_04692,pm_0654,0,56,0.0528,0.0461,1,False
19,4693,0,vm_04693,pm_0739,0,174,0.0674,0.0642,1,False
19,4694,0,vm_04694,pm_0747,0,213,0.3478,0.018,2,False
19,4695,0,vm_04695,pm_0522,0,26,0.3905,0.0103,2,False
19,4696,0,vm_04696,pm_0770,0,294,0.1522,0.0135,3,False
19,4697,0,vm_04697,pm_0074,0,118,0.243,0.0141,2,False
19,4698,0,vm_04698,pm_0211,0,146,0.3049,0.0213,2,False
19,4699,0,vm_04699,pm_0394,0,264,0.0544,0.0675,1,False
19,4700,0,vm_04700,pm_0492,0,257,0.1344,0.0162,3,False
19,4701,0,vm_04701,pm_0396,0,188,0.0897,0.0543,1,False
19,4702,0,vm_04702,pm_0670,0,230,0.0474,0.0561,1,False
19,4703,0,vm_04703,pm_0008,0,197,0.0505,0.0172,3,False
19,4704,0,vm_04704,pm_0442,0,238,0.095,0.0126,3,False
19,4705,0,vm_04705,pm_0002,0,69,0.3607,0.0165,2,False
19,4706,0,vm_04706,pm_0648,0,251,0.5071,0.0122,2,False
19,4707,0,vm_04707,pm_0174,0,192,0.204,0.0126,3,False
19,4708,0,vm_04708,pm_0412,0,24,0.0784,0.053,1,False
19,4709,0,vm_04709,pm_0579,0,69,0.1987,0.0133,3,False
19,4710,0,vm_04710,pm_0241,0,155,0.0639,0.0111,3,False
19,4711,0,vm_04711,pm_0491,0,145,0.4168,0.0192,2,False
19,4712,0,vm_04712,pm_0562,0,218,0.474,0.0169,2,False
19,4713,0,vm_04713,pm_0542,0,48,0.0564,0.0622,1,False
19,4714,0,vm_04714,pm_0620,0,193,0.1227,0.0182,3,False
19,4715,0,vm_04715,pm_0734,0,39,0.5989,0.0235,2,False
19,4716,0,vm_04716,pm_0485,0,84,0.0387,0.066,1,False
19,4717,0,vm_04717,pm_0191,0,3,0.2409,0.0153,3,False
19,4718,0,vm_04718,pm_0614,0,289,0.1916,0.006,3,False
19,4719,0,vm_04719,pm_0328,0,246,0.5072,0.0203,2,False
19,4720,0,vm_04720,pm_0672,0,4,0.1305,0.0114,3,False
19,4721,0,vm_04721,pm_0348,0,225,0.069,0.0363,1,False
19,4722,0,vm_04722,pm_0186,0,149,0.0805,0.0707,1,False
19,4723,0,vm_04723,pm_0766,0,237,0.066,0.0468,1,False
19,4724,0,vm_04724,pm_0728,0,147,0.3171,0.0172,2,False
19,4725,0,vm_04725,pm_0497,0,102,0.0737,0.0438,1,False
19,4726,0,vm_04726,pm_0590,0,174,0.0557,0.081,1,False
19,4727,0,vm_04727,pm_0047,0,235,0.1419,0.0117,3,False
19,4728,0,vm_04728,pm_0358,0,33,0.2151,0.0185,3,False
19,4729,0,vm_04729,pm_0761,0,171,0.1458,0.0135,3,False
19,4730,0,vm_04730,pm_0345,0,5,0.0343,0.0736,1,False
19,4731,0,vm_04731,pm_0475,0,284,0.0802,0.0694,1,False
19,4732,0,vm_04732,pm_0575,0,224,0.0655,0.0632,1,False
19,4733,0,vm_04733,pm_0552,0,52,0.1378,0.0147,3,False
19,4734,0,vm_04734,pm_0145,0,256,0.0894,0.0077,3,False
19,4735,0,vm_04735,pm_0354,0,58,0.3471,0.0129,2,False
19,4736,0,vm_04736,pm_0755,0,245,0.0555,0.0658,1,False
19,4737,0,vm_04737,pm_0765,0,6,0.5367,0.0179,2,False
19,4738,0,vm_04738,pm_0754,0,213,0.0428,0.065,1,False
19,4739,0,vm_04739,pm_0153,0,77,0.0735,0.0653,1,False
19,4740,0,vm_04740,pm_0523,0,188,0.0918,0.0167,3,False
19,4741,0,vm_04741,pm_0204,0,215,0.1738,0.0091,3,False
19,4742,0,vm_04742,pm_0451,0,282,0.0766,0.0575,1,False
19,4743,0,vm_04743,pm_0770,0,60,0.0582,0.0372,1,False
19,4744,0,vm_04744,pm_0643,0,60,0.1796,0.0117,3,False
19,4745,0,vm_04745,pm_0034,0,214,0.0387,0.0581,1,False
19,4746,0,vm_04746,pm_0489,0,44,0.1083,0.0633,1,False
19,4747,0,vm_04747,pm_0008,0,171,0.0947,0.0481,1,False
19,4748,0,vm_04748,pm_0079,0,220,0.0521,0.0686,1,False
19,4749,0,vm_04749,pm_0771,0,94,0.0916,0.048,1,False
19,4750,0,vm_04750,pm_0318,0,43,0.1466,0.0139,3,False
19,4751,0,vm_04751,pm_0326,0,227,0.1026,0.0444,1,False
19,4752,0,vm_04752,pm_0580,0,61,0.317,0.0118,2,False
19,4753,0,vm_04753,pm_0111,0,218,0.1017,0.0105,3,False
19,4754,0,vm_04754,pm_0718,0,88,0.4698,0.0121,2,False
19,4755,0,vm_04755,pm_0659,0,111,0.1226,0.0132,3,False
19,4756,0,vm_04756,pm_0688,0,206,0.1271,0.0135,3,False
19,4757,0,vm_04757,pm_0547,0,202,0.049,0.0768,1,False
19,4758,0,vm_04758,pm_0331,0,296,0.1166,0.0187,3,False
19,4759,0,vm_04759,pm_0112,0,32,0.5914,0.0102,2,False
19,4760,0,vm_04760,pm_0283,0,214,0.2182,0.0113,3,False
19,4761,0,vm_04761,pm_0285,0,11,0.4977,0.0169,2,False
19,4762,0,vm_04762,pm_0319,0,1,0.0892,0.0152,3,False
19,4763,0,vm_04763,pm_0417,0,148,0.1363,0.0126,3,False
19,4764,0,vm_04764,pm_0229,0,141,0.045,0.0764,1,False
19,4765,0,vm_04765,pm_0296,0,289,0.5205,0.0175,2,False
19,4766,0,vm_04766,pm_0127,0,206,0.2109,0.0111,3,False
19,4767,0,vm_04767,pm_0612,0,191,0.1549,0.013,3,False
19,4768,0,vm_04768,pm_0342,0,251,0.0842,0.0738,1,False
19,4769,0,vm_04769,pm_0262,0,203,0.0952,0.0198,3,False
20,4770,0,vm_04770,pm_0245,0,45,0.0805,0.0514,1,False
20,4771,0,vm_04771,pm_0183,0,260,0.0488,0.0634,1,False
20,4772,0,vm_04772,pm_0696,0,65,0.0416,0.057,1,False
20,4773,0,vm_04773,pm_0417,0,149,0.0638,0.0585,1,False
20,4774,0,vm_04774,pm_0209,0,69,0.1282,0.0158,3,False
20,4775,0,vm_04775,pm_0620,0,1,0.0584,0.0558,1,False
20,4776,0,vm_04776,pm_0500,0,28,0.1534,0.0089,3,False
20,4777,0,vm_04777,pm_0619,0,255,0.0826,0.0483,1,False
20,4778,0,vm_04778,pm_0165,0,60,0.0463,0.0673,1,False
20,4779,0,vm_04779,pm_0328,0,99,0.0645,0.0615,1,False
20,4780,0,vm_04780,pm_0402,0,143,0.0897,0.0687,1,False
20,4781,0,vm_04781,pm_0255,0,191,0.0727,0.0757,1,False
20,4782,0,vm_04782,pm_0653,0,269,0.051,0.0666,1,False
20,4783,0,vm_04783,pm_0125,0,298,0.4642,0.0192,2,False
20,4784,0,vm_04784,pm_0605,0,203,0.0587,0.0594,1,False
20,4785,0,vm_04785,pm_0611,0,244,0.3015,0.0178,2,False
20,4786,0,vm_04786,pm_0524,0,30,0.0626,0.0394,1,False
20,4787,0,vm_04787,pm_0176,0,51,0.2057,0.0147,3,False
20,4788,0,vm_04788,pm_0597,0,242,0.1201,0.0144,3,False
20,4789,0,vm_04789,pm_0356,0,262,0.3499,0.0178,2,False
20,4790,0,vm_04790,pm_0532,0,173,0.0551,0.0754,1,False
20,4791,0,vm_04791,pm_0469,0,99,0.0379,0.0565,1,False
20,4792,0,vm_04792,pm_0392,0,60,0.0918,0.0199,3,False
20,4793,0,vm_04793,pm_0711,0,187,0.0699,0.069,1,False
20,4794,0,vm_04794,pm_0550,0,6,0.0616,0.0702,1,False
20,4795,0,vm_04795,pm_0777,0,188,0.0583,0.06,1,False
20,4796,0,vm_04796,pm_0333,0,82,0.0455,0.0517,1,False
20,4797,0,vm_04797,pm_0770,0,282,0.0313,0.0518,1,False
20,4798,0,vm_04798,pm_0177,0,123,0.0944,0.0127,3,False
20,4799,0,vm_04799,pm_0753,0,156,0.0809,0.0563,1,False
20,4800,0,vm_04800,pm_0515,0,86,0.1498,0.0223,3,False
20,4801,0,vm_04801,pm_0450,0,147,0.0451,0.0775,1,False
20,4802,0,vm_04802,pm_0495,0,69,0.0636,0.0731,1,False
20,4803,0,vm_04803,pm_0116,0,75,0.1225,0.0094,3,False
20,4804,0,vm_04804,pm_0008,0,113,0.1042,0.0603,1,False
20,4805,0,vm_04805,pm_0303,0,2,0.1527,0.0106,3,False
20,4806,0,vm_04806,pm_0685,0,233,0.3634,0.0159,2,False
20,4807,0,vm_04807,pm_0145,0,166,0.0838,0.0343,1,False
20,4808,0,vm_04808,pm_0248,0,98,0.0745,0.0151,3,False
20,4809,0,vm_04809,pm_0208,0,123,0.0577,0.0397,1,False
20,4810,0,vm_04810,pm_0480,0,44,0.0851,0.0072,3,False
20,4811,0,vm_04811,pm_0249,0,286,0.0457,0.0762,1,False
20,4812,0,vm_04812,pm_0577,0,105,0.0847,0.0137,3,False
20,4813,0,vm_04813,pm_0386,0,293,0.0899,0.0433,1,False
20,4814,0,vm_04814,pm_0386,0,133,0.3355,0.0186,2,False
20,4815,0,vm_04815,pm_0363,0,7,0.1745,0.0115,3,False
20,4816,0,vm_04816,pm_0311,0,27,0.1383,0.0114,3,False
20,4817,0,vm_04817,pm_0110,0,270,0.1852,0.0191,3,False
20,4818,0,vm_04818,pm_0378,0,222,0.141,0.0121,3,False
20,4819,0,vm_04819,pm_0421,0,7,0.1528,0.0125,3,False
20,4820,0,vm_04820,pm_0504,0,133,0.0587,0.0711,1,False
20,4821,0,vm_04821,pm_0317,0,28,0.0794,0.0507,1,False
20,4822,0,vm_04822,pm_0748,0,114,0.0549,0.0463,1,False
20,4823,0,vm_04823,pm_0774,0,33,0.0398,0.0577,1,False
20,4824,0,vm_04824,pm_0702,0,6,0.0599,0.0657,1,False
20,4825,0,vm_04825,pm_0457,0,39,0.3994,0.0117,2,False
20,4826,0,vm_04826,pm_0591,0,61,0.0748,0.0624,1,False
20,4827,0,vm_04827,pm_0720,0,85,0.1766,0.0156,3,False
20,4828,0,vm_04828,pm_0050,0,212,0.0991,0.0721,1,False
20,4829,0,vm_04829,pm_0307,0,115,0.1045,0.0747,1,False
20,4830,0,vm_04830,pm_0063,0,64,0.6334,0.017,2,False
20,4831,0,vm_04831,pm_0722,0,296,0.1392,0.0134,3,False
20,4832,0,vm_04832,pm_0120,0,169,0.2011,0.0151,3,False
20,4833,0,vm_04833,pm_0046,0,115,0.1464,0.0202,3,False
20,4834,0,vm_04834,pm_0389,0,115,0.0656,0.0626,1,False
20,4835,0,vm_04835,pm_0796,0,220,0.2875,0.0129,2,False
20,4836,0,vm_04836,pm_0139,0,49,0.0525,0.0519,1,False
20,4837,0,vm_04837,pm_0155,0,78,0.0582,0.0697,1,False
20,4838,0,vm_04838,pm_0014,0,19,0.2828,0.021,2,False
20,4839,0,vm_04839,pm_0279,0,36,0.0681,0.055,1,False
20,4840,0,vm_04840,pm_0510,0,258,0.0478,0.0591,1,False
20,4841,0,vm_04841,pm_0458,0,92,0.1854,0.0152,3,False
20,4842,0,vm_04842,pm_0704,0,186,0.2505,0.0122,3,False
20,4843,0,vm_04843,pm_0172,0,200,0.0572,0.0679,1,False
20,4844,0,vm_04844,pm_0138,0,287,0.0481,0.0604,1,False
20,4845,0,vm_04845,pm_0777,0,47,0.0315,0.0679,1,False
20,4846,0,vm_04846,pm_0239,0,252,0.1124,0.079,1,False
20,4847,0,vm_04847,pm_0511,0,45,0.1153,0.0175,3,False
20,4848,0,vm_04848,pm_0441,0,230,0.0645,0.0665,1,False
20,4849,0,vm_04849,pm_0038,0,94,0.1018,0.0141,3,False
20,4850,0,vm_04850,pm_0310,0,217,0.0682,0.0751,1,False
20,4851,0,vm_04851,pm_0406,0,39,0.2133,0.0161,3,False
20,4852,0,vm_04852,pm_0701,0,202,0.0878,0.062,1,False
20,4853,0,vm_04853,pm_0484,0,115,0.1414,0.0114,3,False
20,4854,0,vm_04854,pm_0375,0,90,0.0811,0.0666,1,False
20,4855,0,vm_04855,pm_0357,0,57,0.1606,0.0099,3,False
20,4856,0,vm_04856,pm_0457,0,9,0.0775,0.0693,1,False
20,4857,0,vm_04857,pm_0385,0,255,0.0612,0.062,1,False
20,4858,0,vm_04858,pm_0511,0,248,0.1184,0.0181,3,False
20,4859,0,vm_04859,pm_0564,0,5,0.1121,0.0159,3,False
20,4860,0,vm_04860,pm_0671,0,187,0.1252,0.0135,3,False
20,4861,0,vm_04861,pm_0436,0,234,0.2179,0.0125,3,False
20,4862,0,vm_04862,pm_0007,0,182,0.1188,0.0141,3,False
20,4863,0,vm_04863,pm_0629,0,286,0.0973,0.0687,1,False
20,4864,0,vm_04864,pm_0523,0,122,0.0647,0.0734,1,False
20,4865,0,vm_04865,pm_0259,0,157,0.0421,0.0592,1,False
20,4866,0,vm_04866,pm_0595,0,12,0.184,0.0129,3,False
20,4867,0,vm_04867,pm_0268,0,53,0.0624,0.0769,1,False
20,4868,0,vm_04868,pm_0397,0,276,0.0492,0.067,1,False
20,4869,0,vm_04869,pm_0269,0,42,0.1056,0.0191,3,False
20,4870,0,vm_04870,pm_0047,0,266,0.1245,0.0178,3,False
20,4871,0,vm_04871,pm_0704,0,108,0.0839,0.0471,1,False
20,4872,0,vm_04872,pm_0357,0,165,0.0886,0.0641,1,False
20,4873,0,vm_04873,pm_0004,0,105,0.0401,0.0587,1,False
20,4874,0,vm_04874,pm_0417,0,50,0.0847,0.0637,1,False
20,4875,0,vm_04875,pm_0763,0,203,0.0457,0.0655,1,False
20,4876,0,vm_04876,pm_0337,0,42,0.1605,0.0146,3,False
20,4877,0,vm_04877,pm_0426,0,282,0.1946,0.0146,3,False
20,4878,0,vm_04878,pm_0434,0,84,0.0904,0.0118,3,False
20,4879,0,vm_04879,pm_0467,0,216,0.0494,0.0652,1,False
20,4880,0,vm_04880,pm_0601,0,157,0.2348,0.0097,3,False
20,4881,0,vm_04881,pm_0138,0,126,0.0775,0.0687,1,False
20,4882,0,vm_04882,pm_0317,0,190,0.4619,0.0119,2,False
20,4883,0,vm_04883,pm_0031,0,265,0.1343,0.0114,3,False
20,4884,0,vm_04884,pm_0100,0,59,0.0467,0.0671,1,False
20,4885,0,vm_04885,pm_0427,0,282,0.0664,0.0682,1,False
20,4886,0,vm_04886,pm_0427,0,61,0.1464,0.0122,3,False
20,4887,0,vm_04887,pm_0561,0,125,0.0425,0.0529,1,False
20,4888,0,vm_04888,pm_0769,0,171,0.1049,0.0127,3,False
20,4889,0,vm_04889,pm_0011,0,62,0.0462,0.0648,1,False
20,4890,0,vm_04890,pm_0350,0,259,0.1236,0.0165,3,False
20,4891,0,vm_04891,pm_0517,0,15,0.0686,0.0576,1,False
20,4892,0,vm_04892,pm_0096,0,178,0.0653,0.0552,1,False
20,4893,0,vm_04893,pm_0140,0,100,0.1351,0.0179,3,False
20,4894,0,vm_04894,pm_0792,0,175,0.0642,0.0674,1,False
20,4895,0,vm_04895,pm_0163,0,192,0.0457,0.0644,1,False
20,4896,0,vm_04896,pm_0647,0,300,0.0711,0.0619,1,False
20,4897,0,vm_04897,pm_0538,0,272,0.0459,0.05,1,False
20,4898,0,vm_04898,pm_0037,0,260,0.0837,0.0403,1,False
20,4899,0,vm_04899,pm_0159,0,174,0.0884,0.0606,1,False
20,4900,0,vm_04900,pm_0778,0,233,0.1052,0.0202,3,False
20,4901,0,vm_04901,pm_0642,0,299,0.1119,0.0331,1,False
20,4902,0,vm_04902,pm_0495,0,215,0.4016,0.0224,2,False
20,4903,0,vm_04903,pm_0619,0,246,0.0861,0.0868,1,False
20,4904,0,vm_04904,pm_0098,0,20,0.0755,0.0529,1,False
20,4905,0,vm_04905,pm_0729,0,242,0.052,0.0143,3,False
20,4906,0,vm_04906,pm_0414,0,287,0.0779,0.0512,1,False
20,4907,0,vm_04907,pm_0427,0,279,0.1684,0.0113,3,False
20,4908,0,vm_04908,pm_0272,0,243,0.0428,0.0619,1,False
20,4909,0,vm_04909,pm_0691,0,162,0.0909,0.0188,3,False
20,4910,0,vm_04910,pm_0162,0,145,0.6632,0.0145,2,False
20,4911,0,vm_04911,pm_0138,0,66,0.1822,0.0121,3,False
20,4912,0,vm_04912,pm_0028,0,102,0.4637,0.0128,2,False
20,4913,0,vm_04913,pm_0770,0,124,0.6813,0.0235,2,False
20,4914,0,vm_04914,pm_0288,0,116,0.0643,0.0399,1,False
20,4915,0,vm_04915,pm_0150,0,250,0.0446,0.0826,1,False
20,4916,0,vm_04916,pm_0698,0,225,0.137,0.0126,3,False
20,4917,0,vm_04917,pm_0256,0,187,0.0822,0.06,1,False
20,4918,0,vm_04918,pm_0434,0,186,0.0924,0.058,1,False
20,4919,0,vm_04919,pm_0722,0,75,0.1534,0.0148,3,False
20,4920,0,vm_04920,pm_0444,0,272,0.0496,0.0558,1,False
20,4921,0,vm_04921,pm_0134,0,148,0.1343,0.0133,3,False
20,4922,0,vm_04922,pm_0007,0,194,0.1598,0.0175,3,False
20,4923,0,vm_04923,pm_0279,0,283,0.0949,0.0139,3,False
20,4924,0,vm_04924,pm_0246,0,43,0.1985,0.0179,3,False
20,4925,0,vm_04925,pm_0140,0,169,0.0489,0.0561,1,False
20,4926,0,vm_04926,pm_0252,0,93,0.0818,0.0485,1,False
20,4927,0,vm_04927,pm_0578,0,223,0.5389,0.0116,2,False
20,4928,0,vm_04928,pm_0509,0,277,0.0876,0.0553,1,False
20,4929,0,vm_04929,pm_0031,0,37,0.1739,0.0146,3,False
20,4930,0,vm_04930,pm_0562,0,269,0.0897,0.0152,3,False
20,4931,0,vm_04931,pm_0657,0,234,0.4938,0.0208,2,False
20,4932,0,vm_04932,pm_0428,0,110,0.0593,0.059,1,False
20,4933,0,vm_04933,pm_0006,0,167,0.1126,0.0146,3,False
20,4934,0,vm_04934,pm_0774,0,53,0.2886,0.0199,2,False
20,4935,0,vm_04935,pm_0488,0,126,0.7082,0.0172,2,False
20,4936,0,vm_04936,pm_0294,0,274,0.0663,0.0727,1,False
20,4937,0,vm_04937,pm_0383,0,41,0.1597,0.0119,3,False
20,4938,0,vm_04938,pm_0717,0,40,0.4014,0.0181,2,False
20,4939,0,vm_04939,pm_0051,0,49,0.1822,0.01,3,False
20,4940,0,vm_04940,pm_0640,0,158,0.0885,0.0156,3,False
20,4941,0,vm_04941,pm_0579,0,181,0.0726,0.0611,1,False
20,4942,0,vm_04942,pm_0365,0,180,0.5535,0.0114,2,False
21,4943,0,vm_04943,pm_0717,0,165,0.1277,0.0192,3,False
21,4944,0,vm_04944,pm_0114,0,231,0.065,0.0556,1,False
21,4945,0,vm_04945,pm_0622,0,205,0.1791,0.0158,3,False
21,4946,0,vm_04946,pm_0491,0,49,0.1987,0.0174,3,False
21,4947,0,vm_04947,pm_0539,0,145,0.1423,0.0155,3,False
21,4948,0,vm_04948,pm_0161,0,297,0.163,0.0155,3,False
21,4949,0,vm_04949,pm_0527,0,144,0.1114,0.0177,3,False
21,4950,0,vm_04950,pm_0693,0,15,0.1544,0.0149,3,False
21,4951,0,vm_04951,pm_0582,0,84,0.0362,0.0552,1,False
21,4952,0,vm_04952,pm_0339,0,215,0.0764,0.0619,1,False
21,4953,0,vm_04953,pm_0272,0,51,0.0644,0.0544,1,False
21,4954,0,vm_04954,pm_0497,0,35,0.099,0.0128,3,False
21,4955,0,vm_04955,pm_0428,0,106,0.4171,0.0155,2,False
21,4956,0,vm_04956,pm_0741,0,218,0.1742,0.0093,3,False
21,4957,0,vm_04957,pm_0387,0,297,0.0816,0.0577,1,False
21,4958,0,vm_04958,pm_0678,0,253,0.1181,0.0145,3,False
21,4959,0,vm_04959,pm_0194,0,67,0.0628,0.0675,1,False
21,4960,0,vm_04960,pm_0215,0,186,0.161,0.0126,3,False
21,4961,0,vm_04961,pm_0623,0,123,0.3906,0.0112,2,False
21,4962,0,vm_04962,pm_0323,0,29,0.0476,0.056,1,False
21,4963,0,vm_04963,pm_0216,0,184,0.0757,0.0784,1,False
21,4964,0,vm_04964,pm_0174,0,288,0.0941,0.0163,3,False
21,4965,0,vm_04965,pm_0464,0,52,0.4903,0.0139,2,False
21,4966,0,vm_04966,pm_0105,0,176,0.1022,0.0492,1,False
21,4967,0,vm_04967,pm_0061,0,132,0.098,0.0089,3,False
21,4968,0,vm_04968,pm_0278,0,76,0.1302,0.0111,3,False
21,4969,0,vm_04969,pm_0433,0,59,0.1549,0.0111,3,False
21,4970,0,vm_04970,pm_0222,0,90,0.3746,0.0167,2,False
21,4971,0,vm_04971,pm_0408,0,297,0.4294,0.0165,2,False
21,4972,0,vm_04972,pm_0200,0,279,0.17,0.0162,3,False
21,4973,0,vm_04973,pm_0585,0,198,0.5744,0.0156,2,False
21,4974,0,vm_04974,pm_0014,0,117,0.1216,0.01,3,False
21,4975,0,vm_04975,pm_0792,0,182,0.0643,0.0511,1,False
21,4976,0,vm_04976,pm_0772,0,54,0.3082,0.0265,2,False
21,4977,0,vm_04977,pm_0638,0,270,0.094,0.0651,1,False
21,4978,0,vm_04978,pm_0684,0,4,0.0235,0.0462,1,False
21,4979,0,vm_04979,pm_0544,0,100,0.0759,0.0462,1,False
21,4980,0,vm_04980,pm_0740,0,285,0.077,0.0647,1,False
21,4981,0,vm_04981,pm_0016,0,52,0.0912,0.0114,3,False
21,4982,0,vm_04982,pm_0191,0,217,0.0723,0.0626,1,False
21,4983,0,vm_04983,pm_0267,0,285,0.1573,0.0103,3,False
21,4984,0,vm_04984,pm_0213,0,239,0.1727,0.0154,3,False
21,4985,0,vm_04985,pm_0788,0,213,0.3976,0.0198,2,False
21,4986,0,vm_04986,pm_0718,0,103,0.1038,0.0525,1,False
21,4987,0,vm_04987,pm_0494,0,221,0.0794,0.0162,3,False
21,4988,0,vm_04988,pm_0763,0,188,0.2258,0.0129,3,False
21,4989,0,vm_04989,pm_0317,0,98,0.1838,0.0093,3,False
21,4990,0,vm_04990,pm_0714,0,96,0.1008,0.0121,3,False
21,4991,0,vm_04991,pm_0249,0,72,0.0752,0.0161,3,False
21,4992,0,vm_04992,pm_0531,0,255,0.4738,0.0191,2,False
21,4993,0,vm_04993,pm_0463,0,230,0.0732,0.0671,1,False
21,4994,0,vm_04994,pm_0706,0,169,0.1476,0.0154,3,False
21,4995,0,vm_04995,pm_0738,0,156,0.0961,0.0675,1,False
21,4996,0,vm_04996,pm_0323,0,221,0.0706,0.017,3,False
21,4997,0,vm_04997,pm_0418,0,98,0.0917,0.0475,1,False
21,4998,0,vm_04998,pm_0343,0,219,0.0634,0.0645,1,False
21,4999,0,vm_04999,pm_0775,0,243,0.22,0.0084,3,False
21,5000,0,vm_05000,pm_0770,0,258,0.1255,0.0108,3,False
21,5001,0,vm_05001,pm_0426,0,193,0.0405,0.071,1,False
21,5002,0,vm_05002,pm_0579,0,149,0.5272,0.0194,2,False
21,5003,0,vm_05003,pm_0589,0,154,0.195,0.0092,3,False
21,5004,0,vm_05004,pm_0570,0,21,0.0518,0.0601,1,False
21,5005,0,vm_05005,pm_0343,0,115,0.1366,0.013,3,False
21,5006,0,vm_05006,pm_0170,0,112,0.0482,0.065,1,False
21,5007,0,vm_05007,pm_0187,0,210,0.0939,0.0181,3,False
21,5008,0,vm_05008,pm_0298,0,23,0.092,0.0154,3,False
21,5009,0,vm_05009,pm_0736,0,282,0.0636,0.0658,1,False
21,5010,0,vm_05010,pm_0324,0,291,0.6343,0.0159,2,False
21,5011,0,vm_05011,pm_0778,0,55,0.066,0.0467,1,False
21,5012,0,vm_05012,pm_0551,0,265,0.1145,0.0138,3,False
21,5013,0,vm_05013,pm_0445,0,53,0.4071,0.0169,2,False
21,5014,0,vm_05014,pm_0570,0,107,0.1018,0.0128,3,False
21,5015,0,vm_05015,pm_0792,0,201,0.0712,0.0556,1,False
21,5016,0,vm_05016,pm_0451,0,201,0.0816,0.0596,1,False
21,5017,0,vm_05017,pm_0582,0,217,0.031,0.0688,1,False
21,5018,0,vm_05018,pm_0205,0,242,0.0679,0.0414,1,False
21,5019,0,vm_05019,pm_0176,0,177,0.4333,0.0176,2,False
21,5020,0,vm_05020,pm_0535,0,60,0.1078,0.0208,3,False
21,5021,0,vm_05021,pm_0550,0,35,0.1069,0.0146,3,False
21,5022,0,vm_05022,pm_0628,0,45,0.4518,0.0131,2,False
21,5023,0,vm_05023,pm_0426,0,94,0.1353,0.0117,3,False
21,5024,0,vm_05024,pm_0346,0,43,0.1852,0.0213,3,False
21,5025,0,vm_05025,pm_0194,0,225,0.1925,0.0133,3,False
21,5026,0,vm_05026,pm_0267,0,145,0.4492,0.0187,2,False
21,5027,0,vm_05027,pm_0140,0,268,0.0595,0.0483,1,False
21,5028,0,vm_05028,pm_0582,0,12,0.05,0.0596,1,False
21,5029,0,vm_05029,pm_0537,0,24,0.1322,0.0087,3,False
21,5030,0,vm_05030,pm_0415,0,260,0.0789,0.0511,1,False
21,5031,0,vm_05031,pm_0445,0,127,0.0421,0.0688,1,False
21,5032,0,vm_05032,pm_0553,0,38,0.3553,0.009,2,False
21,5033,0,vm_05033,pm_0031,0,156,0.2576,0.0137,2,False
21,5034,0,vm_05034,pm_0126,0,184,0.0914,0.0142,3,False
21,5035,0,vm_05035,pm_0736,0,173,0.0375,0.0503,1,False
21,5036,0,vm_05036,pm_0079,0,185,0.0976,0.074,1,False
21,5037,0,vm_05037,pm_0526,0,280,0.1923,0.0091,3,False
21,5038,0,vm_05038,pm_0375,0,73,0.1561,0.0144,3,False
21,5039,0,vm_05039,pm_0109,0,294,0.1242,0.0123,3,False
21,5040,0,vm_05040,pm_0664,0,15,0.1948,0.0181,3,False
21,5041,0,vm_05041,pm_0352,0,187,0.1004,0.0126,3,False
21,5042,0,vm_05042,pm_0778,0,171,0.1386,0.0179,3,False
21,5043,0,vm_05043,pm_0557,0,185,0.0758,0.0373,1,False
21,5044,0,vm_05044,pm_0266,0,31,0.1275,0.018,3,False
21,5045,0,vm_05045,pm_0029,0,62,0.1572,0.0127,3,False
21,5046,0,vm_05046,pm_0154,0,300,0.1686,0.0149,3,False
21,5047,0,vm_05047,pm_0136,0,188,0.3499,0.0113,2,False
21,5048,0,vm_05048,pm_0730,0,25,0.3373,0.0186,2,False
21,5049,0,vm_05049,pm_0797,0,38,0.0748,0.0593,1,False
21,5050,0,vm_05050,pm_0270,0,192,0.4694,0.0132,2,False
21,5051,0,vm_05051,pm_0532,0,162,0.0675,0.0714,1,False
21,5052,0,vm_05052,pm_0154,0,52,0.0989,0.0107,3,False
21,5053,0,vm_05053,pm_0217,0,173,0.0446,0.0748,1,False
21,5054,0,vm_05054,pm_0201,0,195,0.0436,0.0491,1,False
21,5055,0,vm_05055,pm_0397,0,210,0.4173,0.0141,2,False
21,5056,0,vm_05056,pm_0031,0,277,0.1267,0.0152,3,False
21,5057,0,vm_05057,pm_0452,0,187,0.4753,0.0127,2,False
21,5058,0,vm_05058,pm_0291,0,213,0.0498,0.061,1,False
21,5059,0,vm_05059,pm_0186,0,28,0.6086,0.0176,2,False
21,5060,0,vm_05060,pm_0305,0,170,0.0914,0.0613,1,False
21,5061,0,vm_05061,pm_0365,0,121,0.1199,0.0118,3,False
21,5062,0,vm_05062,pm_0722,0,158,0.0618,0.0134,3,False
21,5063,0,vm_05063,pm_0723,0,85,0.3521,0.0118,2,False
21,5064,0,vm_05064,pm_0281,0,3,0.0754,0.0558,1,False
21,5065,0,vm_05065,pm_0152,0,1,0.1313,0.006,3,False
21,5066,0,vm_05066,pm_0792,0,132,0.069,0.0558,1,False
21,5067,0,vm_05067,pm_0782,0,78,0.3005,0.0102,2,False
21,5068,0,vm_05068,pm_0490,0,146,0.0646,0.0465,1,False
21,5069,0,vm_05069,pm_0255,0,165,0.1676,0.0156,3,False
21,5070,0,vm_05070,pm_0258,0,237,0.0534,0.0732,1,False
21,5071,0,vm_05071,pm_0241,0,275,0.3243,0.0222,2,False
21,5072,0,vm_05072,pm_0187,0,203,0.0939,0.0119,3,False
21,5073,0,vm_05073,pm_0376,0,52,0.447,0.0194,2,False
21,5074,0,vm_05074,pm_0106,0,106,0.0897,0.0526,1,False
21,5075,0,vm_05075,pm_0648,0,54,0.0831,0.0124,3,False
21,5076,0,vm_05076,pm_0653,0,245,0.7722,0.0125,2,False
21,5077,0,vm_05077,pm_0708,0,163,0.1351,0.0149,3,False
21,5078,0,vm_05078,pm_0594,0,14,0.0748,0.0614,1,False
21,5079,0,vm_05079,pm_0233,0,0,0.5128,0.0102,2,False
21,5080,0,vm_05080,pm_0779,0,136,0.346,0.0202,2,False
21,5081,0,vm_05081,pm_0403,0,150,0.0609,0.0817,1,False
21,5082,0,vm_05082,pm_0291,0,179,0.0734,0.0605,1,False
21,5083,0,vm_05083,pm_0353,0,231,0.1487,0.0156,3,False
21,5084,0,vm_05084,pm_0420,0,187,0.0681,0.0708,1,False
21,5085,0,vm_05085,pm_0680,0,17,0.0615,0.0472,1,False
21,5086,0,vm_05086,pm_0038,0,224,0.3735,0.0186,2,False
21,5087,0,vm_05087,pm_0028,0,104,0.0895,0.0118,3,False
21,5088,0,vm_05088,pm_0497,0,205,0.0823,0.0619,1,False
21,5089,0,vm_05089,pm_0615,0,185,0.4157,0.0185,2,False
21,5090,0,vm_05090,pm_0154,0,64,0.0683,0.0697,1,False
21,5091,0,vm_05091,pm_0340,0,206,0.0722,0.0657,1,False
21,5092,0,vm_05092,pm_0199,0,228,0.0562,0.0634,1,False
21,5093,0,vm_05093,pm_0324,0,68,0.0858,0.0128,3,False
21,5094,0,vm_05094,pm_0691,0,141,0.0718,0.0593,1,False
21,5095,0,vm_05095,pm_0682,0,205,0.089,0.0559,1,False
21,5096,0,vm_05096,pm_0505,0,173,0.4346,0.0181,2,False
21,5097,0,vm_05097,pm_0692,0,196,0.1887,0.0201,3,False
21,5098,0,vm_05098,pm_0537,0,196,0.0857,0.0469,1,False
21,5099,0,vm_05099,pm_0191,0,227,0.3308,0.0201,2,False
21,5100,0,vm_05100,pm_0202,0,270,0.0387,0.0317,1,False
21,5101,0,vm_05101,pm_0567,0,198,0.455,0.009,2,False
21,5102,0,vm_05102,pm_0338,0,14,0.3015,0.0148,2,False
21,5103,0,vm_05103,pm_0013,0,285,0.355,0.0158,2,False
21,5104,0,vm_05104,pm_0476,0,215,0.0802,0.0472,1,False
21,5105,0,vm_05105,pm_0557,0,34,0.0812,0.0568,1,False
21,5106,0,vm_05106,pm_0118,0,68,0.0692,0.0743,1,False
21,5107,0,vm_05107,pm_0701,0,211,0.1013,0.0591,1,False
22,5108,0,vm_05108,pm_0086,0,45,0.0825,0.0575,1,False
22,5109,0,vm_05109,pm_0403,0,247,0.1794,0.0125,3,False
22,5110,0,vm_05110,pm_0345,0,84,0.1619,0.018,3,False
22,5111,0,vm_05111,pm_0420,0,47,0.1501,0.0134,3,False
22,5112,0,vm_05112,pm_0693,0,230,0.2242,0.018,3,False
22,5113,0,vm_05113,pm_0685,0,66,0.1575,0.0172,3,False
22,5114,0,vm_05114,pm_0111,0,88,0.215,0.0157,3,False
22,5115,0,vm_05115,pm_0474,0,218,0.0519,0.0609,1,False
22,5116,0,vm_05116,pm_0767,0,51,0.1425,0.0063,3,False
22,5117,0,vm_05117,pm_0327,0,21,0.4226,0.0157,2,False
22,5118,0,vm_05118,pm_0603,0,98,0.5119,0.0139,2,False
22,5119,0,vm_05119,pm_0317,0,130,0.1461,0.0107,3,False
22,5120,0,vm_05120,pm_0242,0,87,0.0667,0.0693,1,False
22,5121,0,vm_05121,pm_0773,0,135,0.0369,0.062,1,False
22,5122,0,vm_05122,pm_0448,0,38,0.1927,0.0214,3,False
22,5123,0,vm_05123,pm_0332,0,17,0.0489,0.0652,1,False
22,5124,0,vm_05124,pm_0570,0,104,0.5209,0.0165,2,False
22,5125,0,vm_05125,pm_0620,0,145,0.1196,0.0098,3,False
22,5126,0,vm_05126,pm_0214,0,223,0.1029,0.0179,3,False
22,5127,0,vm_05127,pm_0226,0,116,0.5094,0.009,2,False
22,5128,0,vm_05128,pm_0296,0,0,0.0715,0.0594,1,False
22,5129,0,vm_05129,pm_0314,0,116,0.0725,0.0916,1,False
22,5130,0,vm_05130,pm_0124,0,25,0.0743,0.0126,3,False
22,5131,0,vm_05131,pm_0489,0,11,0.2845,0.0148,2,False
22,5132,0,vm_05132,pm_0456,0,293,0.4571,0.014,2,False
22,5133,0,vm_05133,pm_0716,0,168,0.0415,0.0556,1,False
22,5134,0,vm_05134,pm_0030,0,52,0.0912,0.0618,1,False
22,5135,0,vm_05135,pm_0319,0,268,0.1134,0.0067,3,False
22,5136,0,vm_05136,pm_0237,0,247,0.0601,0.0589,1,False
22,5137,0,vm_05137,pm_0417,0,127,0.0944,0.0152,3,False
22,5138,0,vm_05138,pm_0118,0,75,0.0667,0.0578,1,False
22,5139,0,vm_05139,pm_0078,0,268,0.1368,0.0134,3,False
22,5140,0,vm_05140,pm_0163,0,145,0.1187,0.0174,3,False
22,5141,0,vm_05141,pm_0335,0,47,0.443,0.0177,2,False
22,5142,0,vm_05142,pm_0365,0,198,0.0802,0.0569,1,False
22,5143,0,vm_05143,pm_0295,0,70,0.0952,0.0126,3,False
22,5144,0,vm_05144,pm_0262,0,91,0.1116,0.0106,3,False
22,5145,0,vm_05145,pm_0115,0,208,0.6244,0.009,2,False
22,5146,0,vm_05146,pm_0415,0,47,0.19,0.0112,3,False
22,5147,0,vm_05147,pm_0526,0,28,0.1353,0.0173,3,False
22,5148,0,vm_05148,pm_0618,0,175,0.0781,0.0101,3,False
22,5149,0,vm_05149,pm_0235,0,18,0.1037,0.01,3,False
22,5150,0,vm_05150,pm_0005,0,46,0.0457,0.0606,1,False
22,5151,0,vm_05151,pm_0385,0,59,0.0709,0.0645,1,False
22,5152,0,vm_05152,pm_0457,0,175,0.1019,0.0434,1,False
22,5153,0,vm_05153,pm_0353,0,254,0.1585,0.0086,3,False
22,5154,0,vm_05154,pm_0198,0,228,0.0821,0.019,3,False
22,5155,0,vm_05155,pm_0563,0,146,0.0969,0.009,3,False
22,5156,0,vm_05156,pm_0480,0,297,0.0895,0.0561,1,False
22,5157,0,vm_05157,pm_0490,0,238,0.0735,0.0654,1,False
22,5158,0,vm_05158,pm_0153,0,187,0.1343,0.0172,3,False
22,5159,0,vm_05159,pm_0795,0,208,0.4157,0.0092,2,False
22,5160,0,vm_05160,pm_0743,0,74,0.0692,0.0684,1,False
22,5161,0,vm_05161,pm_0696,0,182,0.1603,0.0104,3,False
22,5162,0,vm_05162,pm_0001,0,86,0.078,0.056,1,False
22,5163,0,vm_05163,pm_0542,0,270,0.0495,0.0485,1,False
22,5164,0,vm_05164,pm_0003,0,179,0.393,0.0179,2,False
22,5165,0,vm_05165,pm_0206,0,244,0.074,0.0684,1,False
22,5166,0,vm_05166,pm_0201,0,6,0.1111,0.0106,3,False
22,5167,0,vm_05167,pm_0729,0,268,0.0693,0.0462,1,False
22,5168,0,vm_05168,pm_0725,0,12,0.0687,0.0746,1,False
22,5169,0,vm_05169,pm_0582,0,225,0.0348,0.0535,1,False
22,5170,0,vm_05170,pm_0226,0,265,0.1899,0.0116,3,False
22,5171,0,vm_05171,pm_0171,0,241,0.284,0.0198,2,False
22,5172,0,vm_05172,pm_0140,0,179,0.4549,0.0128,2,False
22,5173,0,vm_05173,pm_0589,0,179,0.0988,0.0743,1,False
22,5174,0,vm_05174,pm_0337,0,125,0.0694,0.0638,1,False
22,5175,0,vm_05175,pm_0779,0,282,0.6067,0.0134,2,False
22,5176,0,vm_05176,pm_0426,0,189,0.089,0.0131,3,False
22,5177,0,vm_05177,pm_0709,0,15,0.15,0.0109,3,False
22,5178,0,vm_05178,pm_0608,0,20,0.0622,0.0585,1,False
22,5179,0,vm_05179,pm_0734,0,15,0.4783,0.0161,2,False
22,5180,0,vm_05180,pm_0578,0,268,0.1533,0.0155,3,False
22,5181,0,vm_05181,pm_0710,0,32,0.0677,0.0526,1,False
22,5182,0,vm_05182,pm_0058,0,181,0.0961,0.017,3,False
22,5183,0,vm_05183,pm_0076,0,68,0.0601,0.0663,1,False
22,5184,0,vm_05184,pm_0006,0,51,0.1203,0.0127,3,False
22,5185,0,vm_05185,pm_0347,0,64,0.1387,0.0128,3,False
22,5186,0,vm_05186,pm_0411,0,299,0.1061,0.0155,3,False
22,5187,0,vm_05187,pm_0188,0,227,0.1702,0.0135,3,False
22,5188,0,vm_05188,pm_0744,0,221,0.0769,0.0635,1,False
22,5189,0,vm_05189,pm_0155,0,271,0.1219,0.0155,3,False
22,5190,0,vm_05190,pm_0267,0,17,0.0559,0.0694,1,False
22,5191,0,vm_05191,pm_0496,0,217,0.0766,0.0734,1,False
22,5192,0,vm_05192,pm_0169,0,272,0.0794,0.0158,3,False
22,5193,0,vm_05193,pm_0634,0,172,0.1379,0.0121,3,False
22,5194,0,vm_05194,pm_0505,0,55,0.1667,0.0129,3,False
22,5195,0,vm_05195,pm_0795,0,8,0.0519,0.0606,1,False
22,5196,0,vm_05196,pm_0351,0,282,0.1894,0.0166,3,False
22,5197,0,vm_05197,pm_0545,0,292,0.1856,0.0122,3,False
22,5198,0,vm_05198,pm_0220,0,21,0.0941,0.054,1,False
22,5199,0,vm_05199,pm_0147,0,71,0.058,0.0452,1,False
22,5200,0,vm_05200,pm_0789,0,171,0.0465,0.0581,1,False
22,5201,0,vm_05201,pm_0734,0,122,0.0611,0.0566,1,False
22,5202,0,vm_05202,pm_0355,0,90,0.1169,0.0165,3,False
22,5203,0,vm_05203,pm_0200,0,223,0.1546,0.0155,3,False
22,5204,0,vm_05204,pm_0778,0,291,0.1576,0.0172,3,False
22,5205,0,vm_05205,pm_0376,0,251,0.1882,0.0166,3,False
22,5206,0,vm_05206,pm_0454,0,297,0.0433,0.0525,1,False
22,5207,0,vm_05207,pm_0517,0,255,0.1227,0.0138,3,False
22,5208,0,vm_05208,pm_0608,0,12,0.3287,0.0238,2,False
22,5209,0,vm_05209,pm_0656,0,117,0.1056,0.0116,3,False
22,5210,0,vm_05210,pm_0482,0,177,0.0813,0.0771,1,False
22,5211,0,vm_05211,pm_0192,0,160,0.0898,0.0142,3,False
22,5212,0,vm_05212,pm_0398,0,94,0.0521,0.0466,1,False
22,5213,0,vm_05213,pm_0011,0,167,0.0481,0.0539,1,False
22,5214,0,vm_05214,pm_0201,0,86,0.1552,0.0112,3,False
22,5215,0,vm_05215,pm_0245,0,2,0.0579,0.0571,1,False
22,5216,0,vm_05216,pm_0029,0,15,0.161,0.0127,3,False
22,5217,0,vm_05217,pm_0668,0,129,0.3337,0.0166,2,False
22,5218,0,vm_05218,pm_0300,0,22,0.2488,0.0078,3,False
22,5219,0,vm_05219,pm_0159,0,97,0.0842,0.0482,1,False
22,5220,0,vm_05220,pm_0169,0,157,0.0738,0.078,1,False
22,5221,0,vm_05221,pm_0045,0,238,0.0632,0.0712,1,False
22,5222,0,vm_05222,pm_0120,0,9,0.4002,0.017,2,False
22,5223,0,vm_05223,pm_0413,0,21,0.0591,0.065,1,False
22,5224,0,vm_05224,pm_0416,0,183,0.0677,0.0619,1,False
22,5225,0,vm_05225,pm_0678,0,216,0.0885,0.0507,1,False
22,5226,0,vm_05226,pm_0586,0,213,0.0684,0.0443,1,False
22,5227,0,vm_05227,pm_0145,0,157,0.1377,0.0154,3,False
22,5228,0,vm_05228,pm_0566,0,209,0.1796,0.0155,3,False
22,5229,0,vm_05229,pm_0628,0,132,0.0322,0.0399,1,False
22,5230,0,vm_05230,pm_0560,0,52,0.1409,0.0159,3,False
22,5231,0,vm_05231,pm_0375,0,228,0.1526,0.014,3,False
22,5232,0,vm_05232,pm_0253,0,182,0.3113,0.021,2,False
22,5233,0,vm_05233,pm_0150,0,22,0.1282,0.0128,3,False
22,5234,0,vm_05234,pm_0040,0,105,0.317,0.0159,2,False
22,5235,0,vm_05235,pm_0423,0,90,0.3662,0.0191,2,False
22,5236,0,vm_05236,pm_0288,0,118,0.0414,0.0518,1,False
22,5237,0,vm_05237,pm_0559,0,137,0.1093,0.0103,3,False
22,5238,0,vm_05238,pm_0247,0,119,0.1477,0.0127,3,False
22,5239,0,vm_05239,pm_0641,0,160,0.0659,0.0636,1,False
22,5240,0,vm_05240,pm_0173,0,207,0.0865,0.065,1,False
22,5241,0,vm_05241,pm_0065,0,154,0.1134,0.0084,3,False
22,5242,0,vm_05242,pm_0052,0,262,0.5049,0.0211,2,False
22,5243,0,vm_05243,pm_0360,0,154,0.5088,0.0145,2,False
22,5244,0,vm_05244,pm_0727,0,285,0.2339,0.0153,3,False
22,5245,0,vm_05245,pm_0677,0,258,0.0833,0.0126,3,False
22,5246,0,vm_05246,pm_0257,0,156,0.1375,0.0104,3,False
22,5247,0,vm_05247,pm_0324,0,13,0.1806,0.0194,3,False
22,5248,0,vm_05248,pm_0385,0,76,0.1721,0.0169,3,False
22,5249,0,vm_05249,pm_0080,0,219,0.4021,0.0167,2,False
22,5250,0,vm_05250,pm_0234,0,231,0.3415,0.0231,2,False
22,5251,0,vm_05251,pm_0212,0,293,0.0684,0.0732,1,False
22,5252,0,vm_05252,pm_0614,0,141,0.1224,0.0117,3,False
22,5253,0,vm_05253,pm_0290,0,250,0.0795,0.0186,3,False
22,5254,0,vm_05254,pm_0313,0,295,0.0652,0.0639,1,False
22,5255,0,vm_05255,pm_0049,0,139,0.0596,0.0179,3,False
22,5256,0,vm_05256,pm_0611,0,141,0.5145,0.0162,2,False
22,5257,0,vm_05257,pm_0178,0,128,0.039,0.0501,1,False
22,5258,0,vm_05258,pm_0271,0,17,0.3344,0.012,2,False
22,5259,0,vm_05259,pm_0042,0,242,0.4688,0.0127,2,False
22,5260,0,vm_05260,pm_0323,0,163,0.2443,0.0117,3,False
22,5261,0,vm_05261,pm_0346,0,95,0.0715,0.0643,1,False
23,5262,0,vm_05262,pm_0031,0,27,0.1299,0.0146,3,False
23,5263,0,vm_05263,pm_0727,0,229,0.5157,0.0142,2,False
23,5264,0,vm_05264,pm_0509,0,24,0.0373,0.0664,1,False
23,5265,0,vm_05265,pm_0333,0,174,0.1502,0.0099,3,False
23,5266,0,vm_05266,pm_0338,0,160,0.3748,0.0172,2,False
23,5267,0,vm_05267,pm_0062,0,29,0.0628,0.0593,1,False
23,5268,0,vm_05268,pm_0035,0,164,0.4963,0.0099,2,False
23,5269,0,vm_05269,pm_0722,0,207,0.1945,0.0201,3,False
23,5270,0,vm_05270,pm_0681,0,101,0.0734,0.0458,1,False
23,5271,0,vm_05271,pm_0035,0,105,0.05,0.0677,1,False
23,5272,0,vm_05272,pm_0294,0,68,0.1137,0.066,1,False
23,5273,0,vm_05273,pm_0224,0,7,0.0521,0.0554,1,False
23,5274,0,vm_05274,pm_0708,0,122,0.0757,0.0139,3,False
23,5275,0,vm_05275,pm_0102,0,100,0.4649,0.0112,2,False
23,5276,0,vm_05276,pm_0188,0,0,0.1212,0.0566,1,False
23,5277,0,vm_05277,pm_0275,0,6,0.0403,0.0657,1,False
23,5278,0,vm_05278,pm_0580,0,110,0.0387,0.0717,1,False
23,5279,0,vm_05279,pm_0368,0,185,0.1366,0.0124,3,False
23,5280,0,vm_05280,pm_0791,0,215,0.0532,0.057,1,False
23,5281,0,vm_05281,pm_0336,0,122,0.0996,0.0177,3,False
23,5282,0,vm_05282,pm_0384,0,200,0.3822,0.0111,2,False
23,5283,0,vm_05283,pm_0426,0,7,0.07,0.0695,1,False
23,5284,0,vm_05284,pm_0537,0,63,0.1297,0.0149,3,False
23,5285,0,vm_05285,pm_0554,0,135,0.4067,0.0114,2,False
23,5286,0,vm_05286,pm_0369,0,185,0.135,0.0101,3,False
23,5287,0,vm_05287,pm_0778,0,126,0.1269,0.0211,3,False
23,5288,0,vm_05288,pm_0254,0,48,0.0913,0.0529,1,False
23,5289,0,vm_05289,pm_0128,0,165,0.054,0.0542,1,False
23,5290,0,vm_05290,pm_0677,0,126,0.094,0.0096,3,False
23,5291,0,vm_05291,pm_0560,0,176,0.0384,0.0694,1,False
23,5292,0,vm_05292,pm_0171,0,202,0.0619,0.041,1,False
23,5293,0,vm_05293,pm_0630,0,156,0.0968,0.0608,1,False
23,5294,0,vm_05294,pm_0204,0,218,0.0824,0.047,1,False
23,5295,0,vm_05295,pm_0730,0,284,0.1772,0.0157,3,False
23,5296,0,vm_05296,pm_0460,0,288,0.0699,0.0716,1,False
23,5297,0,vm_05297,pm_0540,0,27,0.3839,0.0143,2,False
23,5298,0,vm_05298,pm_0560,0,82,0.139,0.0101,3,False
23,5299,0,vm_05299,pm_0769,0,111,0.4499,0.0188,2,False
23,5300,0,vm_05300,pm_0489,0,153,0.05,0.0639,1,False
23,5301,0,vm_05301,pm_0746,0,28,0.2199,0.016,3,False
23,5302,0,vm_05302,pm_0612,0,212,0.1016,0.059,1,False
23,5303,0,vm_05303,pm_0605,0,101,0.0943,0.0111,3,False
23,5304,0,vm_05304,pm_0566,0,213,0.1015,0.0114,3,False
23,5305,0,vm_05305,pm_0751,0,154,0.4321,0.0146,2,False
23,5306,0,vm_05306,pm_0233,0,199,0.5998,0.0186,2,False
23,5307,0,vm_05307,pm_0464,0,167,0.4287,0.0166,2,False
23,5308,0,vm_05308,pm_0241,0,237,0.0449,0.06,1,False
23,5309,0,vm_05309,pm_0252,0,158,0.1277,0.0123,3,False
23,5310,0,vm_05310,pm_0342,0,192,0.1644,0.01,3,False
23,5311,0,vm_05311,pm_0423,0,166,0.0581,0.0572,1,False
23,5312,0,vm_05312,pm_0037,0,225,0.1552,0.0137,3,False
23,5313,0,vm_05313,pm_0371,0,250,0.1262,0.0159,3,False
23,5314,0,vm_05314,pm_0192,0,279,0.1519,0.0202,3,False
23,5315,0,vm_05315,pm_0569,0,220,0.4607,0.0119,2,False
23,5316,0,vm_05316,pm_0044,0,22,0.3564,0.0199,2,False
23,5317,0,vm_05317,pm_0747,0,188,0.0697,0.0548,1,False
23,5318,0,vm_05318,pm_0759,0,271,0.0553,0.0181,3,False
23,5319,0,vm_05319,pm_0406,0,26,0.0426,0.0394,1,False
23,5320,0,vm_05320,pm_0608,0,209,0.3179,0.0207,2,False
23,5321,0,vm_05321,pm_0791,0,34,0.0483,0.0635,1,False
23,5322,0,vm_05322,pm_0023,0,197,0.0512,0.0573,1,False
23,5323,0,vm_05323,pm_0588,0,173,0.5381,0.0156,2,False
23,5324,0,vm_05324,pm_0169,0,217,0.1038,0.0121,3,False
23,5325,0,vm_05325,pm_0272,0,55,0.1087,0.0566,1,False
23,5326,0,vm_05326,pm_0644,0,151,0.3622,0.0227,2,False
23,5327,0,vm_05327,pm_0500,0,37,0.0705,0.0577,1,False
23,5328,0,vm_05328,pm_0290,0,197,0.0561,0.0388,1,False
23,5329,0,vm_05329,pm_0139,0,8,0.3482,0.0188,2,False
23,5330,0,vm_05330,pm_0362,0,177,0.3152,0.0146,2,False
23,5331,0,vm_05331,pm_0402,0,175,0.1248,0.0333,1,False
23,5332,0,vm_05332,pm_0583,0,260,0.0356,0.0538,1,False
23,5333,0,vm_05333,pm_0646,0,83,0.0886,0.0541,1,False
23,5334,0,vm_05334,pm_0555,0,138,0.0352,0.0556,1,False
23,5335,0,vm_05335,pm_0503,0,241,0.1953,0.0164,3,False
23,5336,0,vm_05336,pm_0409,0,154,0.1997,0.0133,3,False
23,5337,0,vm_05337,pm_0151,0,220,0.0721,0.0566,1,False
23,5338,0,vm_05338,pm_0532,0,134,0.4597,0.0125,2,False
23,5339,0,vm_05339,pm_0744,0,187,0.2177,0.0152,3,False
23,5340,0,vm_05340,pm_0738,0,177,0.0612,0.06,1,False
23,5341,0,vm_05341,pm_0263,0,66,0.0784,0.0149,3,False
23,5342,0,vm_05342,pm_0430,0,68,0.1388,0.0108,3,False
23,5343,0,vm_05343,pm_0425,0,76,0.0349,0.0586,1,False
23,5344,0,vm_05344,pm_0085,0,11,0.079,0.0597,1,False
23,5345,0,vm_05345,pm_0266,0,282,0.0977,0.0124,3,False
23,5346,0,vm_05346,pm_0403,0,245,0.611,0.0177,2,False
23,5347,0,vm_05347,pm_0254,0,236,0.0369,0.0548,1,False
23,5348,0,vm_05348,pm_0402,0,251,0.0409,0.073,1,False
23,5349,0,vm_05349,pm_0632,0,206,0.4052,0.0221,2,False
23,5350,0,vm_05350,pm_0296,0,107,0.2171,0.015,3,False
23,5351,0,vm_05351,pm_0128,0,208,0.1024,0.0172,3,False
23,5352,0,vm_05352,pm_0791,0,292,0.2084,0.0145,3,False
23,5353,0,vm_05353,pm_0506,0,112,0.1083,0.0794,1,False
23,5354,0,vm_05354,pm_0741,0,14,0.4575,0.0153,2,False
23,5355,0,vm_05355,pm_0745,0,82,0.6607,0.0147,2,False
23,5356,0,vm_05356,pm_0409,0,64,0.7265,0.0234,2,False
23,5357,0,vm_05357,pm_0420,0,2,0.0767,0.0553,1,False
23,5358,0,vm_05358,pm_0728,0,235,0.1007,0.0169,3,False
23,5359,0,vm_05359,pm_0328,0,128,0.14,0.0196,3,False
23,5360,0,vm_05360,pm_0434,0,246,0.5264,0.0188,2,False
23,5361,0,vm_05361,pm_0057,0,234,0.1615,0.0095,3,False
23,5362,0,vm_05362,pm_0178,0,29,0.0392,0.0555,1,False
23,5363,0,vm_05363,pm_0340,0,70,0.5676,0.0221,2,False
23,5364,0,vm_05364,pm_0076,0,147,0.1703,0.0161,3,False
23,5365,0,vm_05365,pm_0259,0,92,0.3079,0.0162,2,False
23,5366,0,vm_05366,pm_0076,0,282,0.1211,0.0166,3,False
23,5367,0,vm_05367,pm_0095,0,216,0.0822,0.0161,3,False
23,5368,0,vm_05368,pm_0265,0,237,0.0539,0.0603,1,False
23,5369,0,vm_05369,pm_0204,0,226,0.1573,0.0171,3,False
23,5370,0,vm_05370,pm_0102,0,218,0.0719,0.0531,1,False
23,5371,0,vm_05371,pm_0029,0,30,0.0417,0.0766,1,False
23,5372,0,vm_05372,pm_0624,0,113,0.1131,0.0641,1,False
23,5373,0,vm_05373,pm_0293,0,101,0.3333,0.0188,2,False
23,5374,0,vm_05374,pm_0026,0,92,0.175,0.0187,3,False
23,5375,0,vm_05375,pm_0670,0,206,0.5285,0.0171,2,False
23,5376,0,vm_05376,pm_0375,0,228,0.1226,0.0144,3,False
23,5377,0,vm_05377,pm_0528,0,70,0.4846,0.0135,2,False
23,5378,0,vm_05378,pm_0070,0,135,0.0551,0.0503,1,False
23,5379,0,vm_05379,pm_0292,0,283,0.1454,0.0127,3,False
23,5380,0,vm_05380,pm_0238,0,16,0.0528,0.0565,1,False
23,5381,0,vm_05381,pm_0431,0,214,0.0583,0.0504,1,False
23,5382,0,vm_05382,pm_0532,0,243,0.5927,0.0184,2,False
23,5383,0,vm_05383,pm_0265,0,94,0.0686,0.0774,1,False
23,5384,0,vm_05384,pm_0203,0,120,0.0385,0.0542,1,False
23,5385,0,vm_05385,pm_0348,0,5,0.1511,0.0146,3,False
23,5386,0,vm_05386,pm_0037,0,267,0.3252,0.018,2,False
23,5387,0,vm_05387,pm_0520,0,86,0.5079,0.0148,2,False
23,5388,0,vm_05388,pm_0268,0,188,0.088,0.011,3,False
23,5389,0,vm_05389,pm_0200,0,102,0.3409,0.0119,2,False
23,5390,0,vm_05390,pm_0616,0,103,0.1698,0.0172,3,False
23,5391,0,vm_05391,pm_0145,0,290,0.0429,0.0685,1,False
23,5392,0,vm_05392,pm_0678,0,66,0.3308,0.0166,2,False
23,5393,0,vm_05393,pm_0771,0,105,0.1685,0.0114,3,False
23,5394,0,vm_05394,pm_0113,0,247,0.1387,0.0174,3,False
23,5395,0,vm_05395,pm_0644,0,206,0.1024,0.0077,3,False
23,5396,0,vm_05396,pm_0446,0,204,0.0662,0.052,1,False
23,5397,0,vm_05397,pm_0503,0,82,0.0485,0.0567,1,False
23,5398,0,vm_05398,pm_0698,0,81,0.4246,0.0133,2,False
23,5399,0,vm_05399,pm_0119,0,286,0.0355,0.0679,1,False
23,5400,0,vm_05400,pm_0666,0,36,0.1264,0.0144,3,False
23,5401,0,vm_05401,pm_0453,0,212,0.0397,0.0515,1,False
23,5402,0,vm_05402,pm_0574,0,132,0.1646,0.0142,3,False
23,5403,0,vm_05403,pm_0265,0,114,0.122,0.0102,3,False
23,5404,0,vm_05404,pm_0313,0,210,0.0449,0.0667,1,False
23,5405,0,vm_05405,pm_0272,0,131,0.0954,0.0819,1,False
23,5406,0,vm_05406,pm_0074,0,153,0.1198,0.0185,3,False
23,5407,0,vm_05407,pm_0787,0,293,0.0914,0.0127,3,False
23,5408,0,vm_05408,pm_0672,0,181,0.4291,0.0119,2,False
23,5409,0,vm_05409,pm_0295,0,146,0.0982,0.0602,1,False
23,5410,0,vm_05410,pm_0491,0,221,0.3157,0.0156,2,False
23,5411,0,vm_05411,pm_0790,0,281,0.1927,0.0164,3,False
23,5412,0,vm_05412,pm_0187,0,126,0.046,0.0713,1,False
23,5413,0,vm_05413,pm_0238,0,202,0.1606,0.0094,3,False
23,5414,0,vm_05414,pm_0490,0,117,0.0627,0.0641,1,False
23,5415,0,vm_05415,pm_0246,0,60,0.079,0.0741,1,False
23,5416,0,vm_05416,pm_0330,0,230,0.056,0.0495,1,False
23,5417,0,vm_05417,pm_0103,0,149,0.0397,0.052,1,False
23,5418,0,vm_05418,pm_0575,0,144,0.1102,0.0714,1,False
23,5419,0,vm_05419,pm_0393,0,110,0.4825,0.0197,2,False
23,5420,0,vm_05420,pm_0746,0,166,0.1038,0.0603,1,False
23,5421,0,vm_05421,pm_0592,0,188,0.0461,0.0799,1,False
23,5422,0,vm_05422,pm_0421,0,48,0.0713,0.061,1,False
23,5423,0,vm_05423,pm_0778,0,106,0.127,0.0159,3,False
23,5424,0,vm_05424,pm_0166,0,92,0.4195,0.0113,2,False
23,5425,0,vm_05425,pm_0374,0,123,0.6301,0.0122,2,False
23,5426,0,vm_05426,pm_0697,0,139,0.3724,0.0139,2,False
23,5427,0,vm_05427,pm_0145,0,10,0.1069,0.0127,3,False
23,5428,0,vm_05428,pm_0165,0,170,0.0793,0.0702,1,False
23,5429,0,vm_05429,pm_0663,0,35,0.1632,0.0183,3,False
23,5430,0,vm_05430,pm_0350,0,129,0.1184,0.0138,3,False
23,5431,0,vm_05431,pm_0434,0,60,0.0834,0.0141,3,False
23,5432,0,vm_05432,pm_0590,0,48,0.0774,0.0652,1,False
24,5433,0,vm_05433,pm_0777,0,185,0.1831,0.0152,3,False
24,5434,0,vm_05434,pm_0777,0,220,0.0914,0.0532,1,False
24,5435,0,vm_05435,pm_0788,0,5,0.164,0.0134,3,False
24,5436,0,vm_05436,pm_0328,0,299,0.1868,0.0157,3,False
24,5437,0,vm_05437,pm_0418,0,174,0.0676,0.0404,1,False
24,5438,0,vm_05438,pm_0315,0,278,0.1672,0.0208,3,False
24,5439,0,vm_05439,pm_0139,0,203,0.0669,0.0536,1,False
24,5440,0,vm_05440,pm_0034,0,95,0.1251,0.0117,3,False
24,5441,0,vm_05441,pm_0279,0,281,0.4422,0.0176,2,False
24,5442,0,vm_05442,pm_0073,0,134,0.0653,0.0767,1,False
24,5443,0,vm_05443,pm_0690,0,32,0.0329,0.067,1,False
24,5444,0,vm_05444,pm_0673,0,81,0.0992,0.0162,3,False
24,5445,0,vm_05445,pm_0259,0,147,0.0572,0.0547,1,False
24,5446,0,vm_05446,pm_0101,0,94,0.0708,0.073,1,False
24,5447,0,vm_05447,pm_0465,0,169,0.0496,0.0516,1,False
24,5448,0,vm_05448,pm_0026,0,210,0.1098,0.015,3,False
24,5449,0,vm_05449,pm_0154,0,190,0.5808,0.0166,2,False
24,5450,0,vm_05450,pm_0286,0,6,0.0916,0.0594,1,False
24,5451,0,vm_05451,pm_0349,0,33,0.0738,0.0656,1,False
24,5452,0,vm_05452,pm_0058,0,50,0.0685,0.0594,1,False
24,5453,0,vm_05453,pm_0536,0,119,0.0522,0.0611,1,False
24,5454,0,vm_05454,pm_0202,0,137,0.4724,0.0174,2,False
24,5455,0,vm_05455,pm_0491,0,105,0.1811,0.0139,3,False
24,5456,0,vm_05456,pm_0790,0,281,0.0567,0.0354,1,False
24,5457,0,vm_05457,pm_0046,0,31,0.0929,0.071,1,False
24,5458,0,vm_05458,pm_0143,0,123,0.1066,0.051,1,False
24,5459,0,vm_05459,pm_0588,0,169,0.143,0.0075,3,False
24,5460,0,vm_05460,pm_0129,0,11,0.1174,0.0157,3,False
24,5461,0,vm_05461,pm_0701,0,167,0.0744,0.0155,3,False
24,5462,0,vm_05462,pm_0454,0,77,0.0741,0.0737,1,False
24,5463,0,vm_05463,pm_0695,0,33,0.1147,0.0801,1,False
24,5464,0,vm_05464,pm_0632,0,208,0.0933,0.0533,1,False
24,5465,0,vm_05465,pm_0642,0,7,0.0386,0.0649,1,False
24,5466,0,vm_05466,pm_0653,0,224,0.4941,0.0168,2,False
24,5467,0,vm_05467,pm_0572,0,226,0.1706,0.0182,3,False
24,5468,0,vm_05468,pm_0300,0,174,0.1687,0.0074,3,False
24,5469,0,vm_05469,pm_0719,0,80,0.0947,0.0116,3,False
24,5470,0,vm_05470,pm_0408,0,281,0.0598,0.0633,1,False
24,5471,0,vm_05471,pm_0677,0,56,0.0869,0.0105,3,False
24,5472,0,vm_05472,pm_0462,0,134,0.0909,0.063,1,False
24,5473,0,vm_05473,pm_0257,0,237,0.0872,0.0732,1,False
24,5474,0,vm_05474,pm_0676,0,216,0.1581,0.0162,3,False
24,5475,0,vm_05475,pm_0778,0,226,0.05,0.0591,1,False
24,5476,0,vm_05476,pm_0795,0,25,0.5949,0.009,2,False
24,5477,0,vm_05477,pm_0027,0,186,0.0866,0.0714,1,False
24,5478,0,vm_05478,pm_0636,0,117,0.1489,0.0102,3,False
24,5479,0,vm_05479,pm_0159,0,196,0.184,0.0158,3,False
24,5480,0,vm_05480,pm_0269,0,115,0.0919,0.0566,1,False
24,5481,0,vm_05481,pm_0738,0,101,0.1176,0.0126,3,False
24,5482,0,vm_05482,pm_0006,0,162,0.0591,0.063,1,False
24,5483,0,vm_05483,pm_0387,0,177,0.5037,0.0167,2,False
24,5484,0,vm_05484,pm_0665,0,279,0.1183,0.0135,3,False
24,5485,0,vm_05485,pm_0319,0,285,0.106,0.0119,3,False
24,5486,0,vm_05486,pm_0287,0,211,0.1276,0.0121,3,False
24,5487,0,vm_05487,pm_0087,0,53,0.0652,0.0671,1,False
24,5488,0,vm_05488,pm_0651,0,66,0.1709,0.0124,3,False
24,5489,0,vm_05489,pm_0463,0,31,0.0943,0.0178,3,False
24,5490,0,vm_05490,pm_0313,0,250,0.1184,0.0181,3,False
24,5491,0,vm_05491,pm_0668,0,7,0.0447,0.061,1,False
24,5492,0,vm_05492,pm_0689,0,214,0.1423,0.0152,3,False
24,5493,0,vm_05493,pm_0179,0,45,0.5322,0.0107,2,False
24,5494,0,vm_05494,pm_0080,0,79,0.0649,0.0541,1,False
24,5495,0,vm_05495,pm_0012,0,34,0.4682,0.015,2,False
24,5496,0,vm_05496,pm_0488,0,188,0.0897,0.0796,1,False
24,5497,0,vm_05497,pm_0259,0,88,0.3157,0.0161,2,False
24,5498,0,vm_05498,pm_0417,0,135,0.1787,0.0152,3,False
24,5499,0,vm_05499,pm_0114,0,33,0.5402,0.0232,2,False
24,5500,0,vm_05500,pm_0492,0,280,0.1244,0.015,3,False
24,5501,0,vm_05501,pm_0600,0,112,0.5041,0.0167,2,False
24,5502,0,vm_05502,pm_0234,0,171,0.0565,0.0628,1,False
24,5503,0,vm_05503,pm_0088,0,42,0.0925,0.0633,1,False
24,5504,0,vm_05504,pm_0608,0,12,0.5018,0.0184,2,False
24,5505,0,vm_05505,pm_0131,0,173,0.0805,0.0542,1,False
24,5506,0,vm_05506,pm_0490,0,124,0.0848,0.0604,1,False
24,5507,0,vm_05507,pm_0142,0,206,0.4038,0.0198,2,False
24,5508,0,vm_05508,pm_0336,0,103,0.0604,0.0804,1,False
24,5509,0,vm_05509,pm_0797,0,129,0.0916,0.0642,1,False
24,5510,0,vm_05510,pm_0648,0,39,0.3499,0.0099,2,False
24,5511,0,vm_05511,pm_0082,0,22,0.1084,0.0631,1,False
24,5512,0,vm_05512,pm_0351,0,251,0.1379,0.0147,3,False
24,5513,0,vm_05513,pm_0478,0,289,0.0798,0.0165,3,False
24,5514,0,vm_05514,pm_0177,0,201,0.1315,0.0102,3,False
24,5515,0,vm_05515,pm_0012,0,154,0.1114,0.062,1,False
24,5516,0,vm_05516,pm_0357,0,54,0.2304,0.0166,3,False
24,5517,0,vm_05517,pm_0629,0,105,0.0595,0.0105,3,False
24,5518,0,vm_05518,pm_0658,0,259,0.1155,0.0192,3,False
24,5519,0,vm_05519,pm_0493,0,199,0.0389,0.0606,1,False
24,5520,0,vm_05520,pm_0331,0,216,0.1787,0.0091,3,False
24,5521,0,vm_05521,pm_0138,0,46,0.1063,0.0101,3,False
24,5522,0,vm_05522,pm_0424,0,116,0.3746,0.0117,2,False
24,5523,0,vm_05523,pm_0015,0,211,0.1081,0.0161,3,False
24,5524,0,vm_05524,pm_0461,0,154,0.4307,0.0177,2,False
24,5525,0,vm_05525,pm_0009,0,262,0.4742,0.0134,2,False
24,5526,0,vm_05526,pm_0472,0,150,0.103,0.0536,1,False
24,5527,0,vm_05527,pm_0330,0,211,0.1428,0.0186,3,False
24,5528,0,vm_05528,pm_0450,0,191,0.0777,0.0367,1,False
24,5529,0,vm_05529,pm_0278,0,242,0.2595,0.0171,2,False
24,5530,0,vm_05530,pm_0061,0,97,0.0877,0.0655,1,False
24,5531,0,vm_05531,pm_0389,0,28,0.4053,0.0104,2,False
24,5532,0,vm_05532,pm_0321,0,188,0.0575,0.0558,1,False
24,5533,0,vm_05533,pm_0375,0,171,0.0923,0.0103,3,False
24,5534,0,vm_05534,pm_0352,0,196,0.143,0.0099,3,False
24,5535,0,vm_05535,pm_0429,0,154,0.0421,0.0792,1,False
24,5536,0,vm_05536,pm_0393,0,139,0.0724,0.0618,1,False
24,5537,0,vm_05537,pm_0674,0,292,0.0423,0.061,1,False
24,5538,0,vm_05538,pm_0092,0,289,0.1618,0.0145,3,False
24,5539,0,vm_05539,pm_0481,0,255,0.3546,0.0198,2,False
24,5540,0,vm_05540,pm_0155,0,163,0.3498,0.0111,2,False
24,5541,0,vm_05541,pm_0242,0,133,0.0573,0.0713,1,False
24,5542,0,vm_05542,pm_0295,0,265,0.1954,0.0178,3,False
24,5543,0,vm_05543,pm_0335,0,28,0.1363,0.0156,3,False
24,5544,0,vm_05544,pm_0183,0,138,0.1305,0.0139,3,False
24,5545,0,vm_05545,pm_0129,0,84,0.1062,0.0131,3,False
24,5546,0,vm_05546,pm_0500,0,248,0.0721,0.0501,1,False
24,5547,0,vm_05547,pm_0219,0,232,0.0658,0.07,1,False
24,5548,0,vm_05548,pm_0047,0,60,0.0485,0.0523,1,False
24,5549,0,vm_05549,pm_0435,0,272,0.0384,0.0601,1,False
24,5550,0,vm_05550,pm_0386,0,218,0.0428,0.0634,1,False
24,5551,0,vm_05551,pm_0735,0,285,0.1431,0.0592,1,False
24,5552,0,vm_05552,pm_0658,0,248,0.0338,0.0614,1,False
24,5553,0,vm_05553,pm_0180,0,71,0.0727,0.0121,3,False
24,5554,0,vm_05554,pm_0079,0,292,0.1434,0.0136,3,False
24,5555,0,vm_05555,pm_0009,0,197,0.1187,0.011,3,False
24,5556,0,vm_05556,pm_0616,0,79,0.167,0.0147,3,False
24,5557,0,vm_05557,pm_0461,0,136,0.0982,0.0678,1,False
24,5558,0,vm_05558,pm_0423,0,212,0.1355,0.0146,3,False
24,5559,0,vm_05559,pm_0448,0,106,0.0349,0.0755,1,False
24,5560,0,vm_05560,pm_0026,0,206,0.1442,0.0183,3,False
24,5561,0,vm_05561,pm_0553,0,151,0.0818,0.0721,1,False
24,5562,0,vm_05562,pm_0062,0,132,0.1502,0.0147,3,False
24,5563,0,vm_05563,pm_0016,0,165,0.0848,0.0722,1,False
24,5564,0,vm_05564,pm_0637,0,179,0.0562,0.0619,1,False
24,5565,0,vm_05565,pm_0703,0,120,0.1565,0.0113,3,False
24,5566,0,vm_05566,pm_0556,0,173,0.0932,0.0501,1,False
24,5567,0,vm_05567,pm_0535,0,67,0.1426,0.0108,3,False
24,5568,0,vm_05568,pm_0055,0,186,0.1666,0.0114,3,False
24,5569,0,vm_05569,pm_0198,0,137,0.0898,0.0168,3,False
24,5570,0,vm_05570,pm_0598,0,237,0.1372,0.0159,3,False
24,5571,0,vm_05571,pm_0657,0,17,0.1584,0.0176,3,False
24,5572,0,vm_05572,pm_0630,0,75,0.0592,0.0544,1,False
24,5573,0,vm_05573,pm_0094,0,150,0.1668,0.0175,3,False
24,5574,0,vm_05574,pm_0174,0,107,0.1303,0.0179,3,False
24,5575,0,vm_05575,pm_0719,0,152,0.1859,0.0132,3,False
25,5576,0,vm_05576,pm_0702,0,36,0.0843,0.0607,1,False
25,5577,0,vm_05577,pm_0645,0,145,0.136,0.009,3,False
25,5578,0,vm_05578,pm_0721,0,125,0.1007,0.012,3,False
25,5579,0,vm_05579,pm_0722,0,284,0.1642,0.0139,3,False
25,5580,0,vm_05580,pm_0257,0,107,0.5678,0.0096,2,False
25,5581,0,vm_05581,pm_0300,0,285,0.0773,0.0539,1,False
25,5582,0,vm_05582,pm_0021,0,239,0.0743,0.0538,1,False
25,5583,0,vm_05583,pm_0137,0,101,0.139,0.0153,3,False
25,5584,0,vm_05584,pm_0238,0,219,0.0825,0.0135,3,False
25,5585,0,vm_05585,pm_0678,0,6,0.4669,0.0187,2,False
25,5586,0,vm_05586,pm_0443,0,215,0.0399,0.069,1,False
25,5587,0,vm_05587,pm_0372,0,168,0.4092,0.0142,2,False
25,5588,0,vm_05588,pm_0264,0,73,0.6326,0.0124,2,False
25,5589,0,vm_05589,pm_0319,0,292,0.1601,0.012,3,False
25,5590,0,vm_05590,pm_0604,0,26,0.172,0.0113,3,False
25,5591,0,vm_05591,pm_0606,0,276,0.0794,0.0555,1,False
25,5592,0,vm_05592,pm_0321,0,42,0.3734,0.0133,2,False
25,5593,0,vm_05593,pm_0300,0,92,0.0428,0.0511,1,False
25,5594,0,vm_05594,pm_0718,0,70,0.1113,0.015,3,False
25,5595,0,vm_05595,pm_0441,0,268,0.0624,0.0562,1,False
25,5596,0,vm_05596,pm_0039,0,108,0.4444,0.0105,2,False
25,5597,0,vm_05597,pm_0747,0,180,0.09,0.041,1,False
25,5598,0,vm_05598,pm_0078,0,214,0.1938,0.013,3,False
25,5599,0,vm_05599,pm_0375,0,113,0.1311,0.0141,3,False
25,5600,0,vm_05600,pm_0458,0,184,0.1214,0.0147,3,False
25,5601,0,vm_05601,pm_0530,0,124,0.0351,0.0601,1,False
25,5602,0,vm_05602,pm_0435,0,104,0.0397,0.0873,1,False
25,5603,0,vm_05603,pm_0537,0,236,0.0405,0.0541,1,False
25,5604,0,vm_05604,pm_0208,0,140,0.2143,0.0161,3,False
25,5605,0,vm_05605,pm_0336,0,292,0.0559,0.0651,1,False
25,5606,0,vm_05606,pm_0680,0,157,0.1455,0.014,3,False
25,5607,0,vm_05607,pm_0066,0,273,0.0945,0.0115,3,False
25,5608,0,vm_05608,pm_0410,0,116,0.1145,0.0107,3,False
25,5609,0,vm_05609,pm_0272,0,61,0.3093,0.0145,2,False
25,5610,0,vm_05610,pm_0556,0,23,0.4858,0.0193,2,False
25,5611,0,vm_05611,pm_0053,0,59,0.0419,0.0461,1,False
25,5612,0,vm_05612,pm_0335,0,264,0.061,0.0183,3,False
25,5613,0,vm_05613,pm_0733,0,179,0.1688,0.015,3,False
25,5614,0,vm_05614,pm_0115,0,231,0.0393,0.0649,1,False
25,5615,0,vm_05615,pm_0259,0,142,0.6206,0.0131,2,False
25,5616,0,vm_05616,pm_0022,0,244,0.1846,0.0146,3,False
25,5617,0,vm_05617,pm_0778,0,80,0.0687,0.0154,3,False
25,5618,0,vm_05618,pm_0632,0,125,0.0965,0.0521,1,False
25,5619,0,vm_05619,pm_0163,0,136,0.4239,0.0179,2,False
25,5620,0,vm_05620,pm_0638,0,55,0.0685,0.0546,1,False
25,5621,0,vm_05621,pm_0396,0,212,0.0591,0.0637,1,False
25,5622,0,vm_05622,pm_0680,0,93,0.167,0.0148,3,False
25,5623,0,vm_05623,pm_0609,0,291,0.1716,0.0131,3,False
25,5624,0,vm_05624,pm_0695,0,127,0.0708,0.0169,3,False
25,5625,0,vm_05625,pm_0438,0,216,0.0657,0.0561,1,False
25,5626,0,vm_05626,pm_0777,0,198,0.097,0.018,3,False
25,5627,0,vm_05627,pm_0722,0,19,0.4411,0.0154,2,False
25,5628,0,vm_05628,pm_0689,0,54,0.0599,0.045,1,False
25,5629,0,vm_05629,pm_0032,0,245,0.2834,0.0125,2,False
25,5630,0,vm_05630,pm_0484,0,250,0.0838,0.0621,1,False
25,5631,0,vm_05631,pm_0189,0,59,0.1842,0.0098,3,False
25,5632,0,vm_05632,pm_0639,0,162,0.122,0.0164,3,False
25,5633,0,vm_05633,pm_0714,0,201,0.0983,0.0755,1,False
25,5634,0,vm_05634,pm_0581,0,226,0.0604,0.0539,1,False
25,5635,0,vm_05635,pm_0668,0,128,0.0576,0.0602,1,False
25,5636,0,vm_05636,pm_0687,0,44,0.0489,0.0654,1,False
25,5637,0,vm_05637,pm_0323,0,196,0.1257,0.0092,3,False
25,5638,0,vm_05638,pm_0085,0,165,0.1225,0.0114,3,False
25,5639,0,vm_05639,pm_0287,0,246,0.0512,0.0479,1,False
25,5640,0,vm_05640,pm_0288,0,225,0.0732,0.0555,1,False
25,5641,0,vm_05641,pm_0480,0,279,0.4124,0.0154,2,False
25,5642,0,vm_05642,pm_0748,0,259,0.2162,0.0116,3,False
25,5643,0,vm_05643,pm_0271,0,196,0.0882,0.0556,1,False
25,5644,0,vm_05644,pm_0391,0,106,0.0759,0.0569,1,False
25,5645,0,vm_05645,pm_0513,0,268,0.1744,0.0129,3,False
25,5646,0,vm_05646,pm_0204,0,231,0.0677,0.0453,1,False
25,5647,0,vm_05647,pm_0351,0,100,0.0483,0.0439,1,False
25,5648,0,vm_05648,pm_0359,0,159,0.1311,0.0164,3,False
25,5649,0,vm_05649,pm_0288,0,94,0.185,0.0123,3,False
25,5650,0,vm_05650,pm_0773,0,206,0.7004,0.0148,2,False
25,5651,0,vm_05651,pm_0221,0,234,0.1254,0.0137,3,False
25,5652,0,vm_05652,pm_0106,0,153,0.1154,0.0188,3,False
25,5653,0,vm_05653,pm_0375,0,99,0.0884,0.0608,1,False
25,5654,0,vm_05654,pm_0345,0,237,0.0836,0.0675,1,False
25,5655,0,vm_05655,pm_0470,0,106,0.1078,0.0468,1,False
25,5656,0,vm_05656,pm_0426,0,129,0.0509,0.0516,1,False
25,5657,0,vm_05657,pm_0249,0,298,0.0963,0.0138,3,False
25,5658,0,vm_05658,pm_0043,0,42,0.1303,0.0172,3,False
25,5659,0,vm_05659,pm_0529,0,62,0.1248,0.0127,3,False
25,5660,0,vm_05660,pm_0634,0,72,0.1113,0.008,3,False
25,5661,0,vm_05661,pm_0230,0,185,0.0391,0.0526,1,False
25,5662,0,vm_05662,pm_0051,0,116,0.0621,0.0624,1,False
25,5663,0,vm_05663,pm_0634,0,4,0.1603,0.0171,3,False
25,5664,0,vm_05664,pm_0677,0,75,0.2603,0.0188,2,False
25,5665,0,vm_05665,pm_0187,0,290,0.1427,0.0151,3,False
25,5666,0,vm_05666,pm_0031,0,82,0.1292,0.0207,3,False
25,5667,0,vm_05667,pm_0429,0,59,0.2288,0.0132,3,False
25,5668,0,vm_05668,pm_0083,0,106,0.1264,0.0133,3,False
25,5669,0,vm_05669,pm_0759,0,116,0.1016,0.0583,1,False
25,5670,0,vm_05670,pm_0504,0,81,0.1522,0.009,3,False
25,5671,0,vm_05671,pm_0477,0,140,0.0943,0.0106,3,False
25,5672,0,vm_05672,pm_0370,0,221,0.0872,0.066,1,False
25,5673,0,vm_05673,pm_0041,0,69,0.0875,0.0148,3,False
25,5674,0,vm_05674,pm_0373,0,11,0.0424,0.0441,1,False
25,5675,0,vm_05675,pm_0735,0,296,0.2089,0.0153,3,False
25,5676,0,vm_05676,pm_0364,0,104,0.0677,0.071,1,False
25,5677,0,vm_05677,pm_0631,0,206,0.3244,0.0155,2,False
25,5678,0,vm_05678,pm_0797,0,64,0.0721,0.0577,1,False
25,5679,0,vm_05679,pm_0347,0,62,0.1604,0.015,3,False
25,5680,0,vm_05680,pm_0305,0,177,0.1047,0.0584,1,False
25,5681,0,vm_05681,pm_0707,0,7,0.064,0.0474,1,False
25,5682,0,vm_05682,pm_0539,0,158,0.5996,0.0178,2,False
25,5683,0,vm_05683,pm_0128,0,10,0.0905,0.0103,3,False
25,5684,0,vm_05684,pm_0529,0,272,0.069,0.0468,1,False
25,5685,0,vm_05685,pm_0422,0,94,0.0468,0.0738,1,False
25,5686,0,vm_05686,pm_0728,0,154,0.13,0.012,3,False
25,5687,0,vm_05687,pm_0259,0,205,0.3965,0.0223,2,False
25,5688,0,vm_05688,pm_0662,0,114,0.1446,0.0138,3,False
25,5689,0,vm_05689,pm_0606,0,86,0.0762,0.0585,1,False
25,5690,0,vm_05690,pm_0713,0,196,0.0906,0.0166,3,False
25,5691,0,vm_05691,pm_0541,0,97,0.0506,0.0512,1,False
25,5692,0,vm_05692,pm_0603,0,18,0.0146,0.0573,1,False
25,5693,0,vm_05693,pm_0402,0,15,0.0817,0.0204,3,False
25,5694,0,vm_05694,pm_0030,0,44,0.1062,0.019,3,False
25,5695,0,vm_05695,pm_0541,0,154,0.0708,0.0143,3,False
25,5696,0,vm_05696,pm_0797,0,230,0.0558,0.0641,1,False
25,5697,0,vm_05697,pm_0704,0,156,0.667,0.0118,2,False
25,5698,0,vm_05698,pm_0266,0,112,0.5778,0.0187,2,False
25,5699,0,vm_05699,pm_0297,0,43,0.0851,0.0106,3,False
25,5700,0,vm_05700,pm_0222,0,109,0.0883,0.0481,1,False
25,5701,0,vm_05701,pm_0614,0,110,0.0717,0.0629,1,False
25,5702,0,vm_05702,pm_0014,0,222,0.0525,0.0616,1,False
25,5703,0,vm_05703,pm_0710,0,264,0.5738,0.02,2,False
25,5704,0,vm_05704,pm_0446,0,270,0.1057,0.0655,1,False
25,5705,0,vm_05705,pm_0141,0,211,0.0725,0.0127,3,False
25,5706,0,vm_05706,pm_0192,0,257,0.071,0.0823,1,False
25,5707,0,vm_05707,pm_0443,0,246,0.1137,0.0125,3,False
25,5708,0,vm_05708,pm_0502,0,54,0.0943,0.0778,1,False
25,5709,0,vm_05709,pm_0530,0,71,0.2207,0.0138,3,False
25,5710,0,vm_05710,pm_0463,0,295,0.2272,0.0139,3,False
25,5711,0,vm_05711,pm_0018,0,212,0.0507,0.0641,1,False
25,5712,0,vm_05712,pm_0287,0,294,0.0914,0.0143,3,False
26,5713,0,vm_05713,pm_0041,0,170,0.3132,0.0185,2,False
26,5714,0,vm_05714,pm_0605,0,245,0.1093,0.0186,3,False
26,5715,0,vm_05715,pm_0266,0,140,0.1253,0.0186,3,False
26,5716,0,vm_05716,pm_0646,0,103,0.0543,0.0729,1,False
26,5717,0,vm_05717,pm_0678,0,104,0.0427,0.0717,1,False
26,5718,0,vm_05718,pm_0358,0,239,0.0506,0.0495,1,False
26,5719,0,vm_05719,pm_0316,0,279,0.0647,0.0638,1,False
26,5720,0,vm_05720,pm_0183,0,21,0.0447,0.0715,1,False
26,5721,0,vm_05721,pm_0788,0,77,0.0652,0.0797,1,False
26,5722,0,vm_05722,pm_0001,0,300,0.3357,0.0213,2,False
26,5723,0,vm_05723,pm_0520,0,194,0.1417,0.0116,3,False
26,5724,0,vm_05724,pm_0249,0,20,0.0816,0.071,1,False
26,5725,0,vm_05725,pm_0479,0,159,0.0383,0.0545,1,False
26,5726,0,vm_05726,pm_0648,0,231,0.1744,0.0161,3,False
26,5727,0,vm_05727,pm_0289,0,300,0.0788,0.0714,1,False
26,5728,0,vm_05728,pm_0418,0,43,0.0285,0.0556,1,False
26,5729,0,vm_05729,pm_0264,0,296,0.071,0.0554,1,False
26,5730,0,vm_05730,pm_0648,0,179,0.1084,0.017,3,False
26,5731,0,vm_05731,pm_0450,0,100,0.1664,0.0141,3,False
26,5732,0,vm_05732,pm_0182,0,114,0.0665,0.0524,1,False
26,5733,0,vm_05733,pm_0654,0,212,0.2015,0.0167,3,False
26,5734,0,vm_05734,pm_0182,0,17,0.3582,0.0156,2,False
26,5735,0,vm_05735,pm_0520,0,26,0.2374,0.0235,3,False
26,5736,0,vm_05736,pm_0451,0,284,0.1238,0.0151,3,False
26,5737,0,vm_05737,pm_0535,0,148,0.1708,0.0145,3,False
26,5738,0,vm_05738,pm_0314,0,284,0.0484,0.071,1,False
26,5739,0,vm_05739,pm_0588,0,136,0.0364,0.0595,1,False
26,5740,0,vm_05740,pm_0254,0,188,0.5753,0.0189,2,False
26,5741,0,vm_05741,pm_0039,0,189,0.1128,0.0129,3,False
26,5742,0,vm_05742,pm_0399,0,198,0.3498,0.0152,2,False
26,5743,0,vm_05743,pm_0694,0,101,0.2072,0.0125,3,False
26,5744,0,vm_05744,pm_0436,0,90,0.1539,0.0123,3,False
26,5745,0,vm_05745,pm_0707,0,223,0.0833,0.0768,1,False
26,5746,0,vm_05746,pm_0423,0,4,0.1264,0.0158,3,False
26,5747,0,vm_05747,pm_0730,0,14,0.1248,0.008,3,False
26,5748,0,vm_05748,pm_0628,0,4,0.1072,0.0094,3,False
26,5749,0,vm_05749,pm_0141,0,229,0.2235,0.0138,3,False
26,5750,0,vm_05750,pm_0373,0,113,0.1766,0.0111,3,False
26,5751,0,vm_05751,pm_0541,0,3,0.1054,0.0475,1,False
26,5752,0,vm_05752,pm_0325,0,183,0.173,0.0191,3,False
26,5753,0,vm_05753,pm_0696,0,212,0.0687,0.0702,1,False
26,5754,0,vm_05754,pm_0644,0,246,0.2376,0.0135,3,False
26,5755,0,vm_05755,pm_0760,0,33,0.129,0.0119,3,False
26,5756,0,vm_05756,pm_0164,0,295,0.058,0.061,1,False
26,5757,0,vm_05757,pm_0110,0,195,0.1885,0.018,3,False
26,5758,0,vm_05758,pm_0147,0,126,0.3659,0.0147,2,False
26,5759,0,vm_05759,pm_0026,0,141,0.399,0.0241,2,False
26,5760,0,vm_05760,pm_0687,0,135,0.0831,0.0633,1,False
26,5761,0,vm_05761,pm_0151,0,127,0.1574,0.0118,3,False
26,5762,0,vm_05762,pm_0389,0,173,0.1798,0.0102,3,False
26,5763,0,vm_05763,pm_0608,0,217,0.1727,0.0158,3,False
26,5764,0,vm_05764,pm_0338,0,113,0.0534,0.0624,1,False
26,5765,0,vm_05765,pm_0631,0,11,0.2163,0.0107,3,False
26,5766,0,vm_05766,pm_0423,0,243,0.247,0.0142,3,False
26,5767,0,vm_05767,pm_0330,0,51,0.1078,0.0488,1,False
26,5768,0,vm_05768,pm_0111,0,185,0.0778,0.0562,1,False
26,5769,0,vm_05769,pm_0325,0,232,0.0831,0.063,1,False
26,5770,0,vm_05770,pm_0196,0,1,0.135,0.0123,3,False
26,5771,0,vm_05771,pm_0635,0,0,0.1588,0.011,3,False
26,5772,0,vm_05772,pm_0371,0,238,0.0867,0.0154,3,False
26,5773,0,vm_05773,pm_0114,0,54,0.0387,0.0646,1,False
26,5774,0,vm_05774,pm_0673,0,219,0.0925,0.0103,3,False
26,5775,0,vm_05775,pm_0353,0,103,0.0684,0.0569,1,False
26,5776,0,vm_05776,pm_0185,0,276,0.086,0.0652,1,False
26,5777,0,vm_05777,pm_0706,0,9,0.0963,0.0118,3,False
26,5778,0,vm_05778,pm_0137,0,103,0.0441,0.0583,1,False
26,5779,0,vm_05779,pm_0178,0,197,0.0846,0.0155,3,False
26,5780,0,vm_05780,pm_0709,0,13,0.0821,0.0651,1,False
26,5781,0,vm_05781,pm_0046,0,167,0.1256,0.0184,3,False
26,5782,0,vm_05782,pm_0338,0,29,0.3946,0.0141,2,False
26,5783,0,vm_05783,pm_0135,0,13,0.1487,0.0156,3,False
26,5784,0,vm_05784,pm_0727,0,237,0.0583,0.052,1,False
26,5785,0,vm_05785,pm_0341,0,61,0.0694,0.0715,1,False
26,5786,0,vm_05786,pm_0168,0,109,0.1835,0.0186,3,False
26,5787,0,vm_05787,pm_0740,0,159,0.0532,0.0539,1,False
26,5788,0,vm_05788,pm_0352,0,54,0.1459,0.0109,3,False
26,5789,0,vm_05789,pm_0681,0,248,0.1276,0.0096,3,False
26,5790,0,vm_05790,pm_0750,0,255,0.1099,0.0498,1,False
26,5791,0,vm_05791,pm_0467,0,21,0.0488,0.0653,1,False
26,5792,0,vm_05792,pm_0439,0,102,0.2173,0.0203,3,False
26,5793,0,vm_05793,pm_0495,0,300,0.1108,0.0128,3,False
26,5794,0,vm_05794,pm_0784,0,263,0.126,0.0136,3,False
26,5795,0,vm_05795,pm_0774,0,235,0.3582,0.0148,2,False
26,5796,0,vm_05796,pm_0432,0,232,0.0931,0.0142,3,False
26,5797,0,vm_05797,pm_0429,0,167,0.0822,0.0606,1,False
26,5798,0,vm_05798,pm_0534,0,232,0.0894,0.0183,3,False
26,5799,0,vm_05799,pm_0292,0,4,0.1384,0.0175,3,False
26,5800,0,vm_05800,pm_0259,0,44,0.0812,0.0334,1,False
26,5801,0,vm_05801,pm_0471,0,45,0.0966,0.053,1,False
26,5802,0,vm_05802,pm_0603,0,163,0.0706,0.0724,1,False
26,5803,0,vm_05803,pm_0192,0,168,0.0683,0.0638,1,False
26,5804,0,vm_05804,pm_0204,0,163,0.2405,0.0098,3,False
26,5805,0,vm_05805,pm_0533,0,255,0.04,0.0534,1,False
26,5806,0,vm_05806,pm_0331,0,65,0.0937,0.078,1,False
26,5807,0,vm_05807,pm_0655,0,259,0.068,0.0691,1,False
26,5808,0,vm_05808,pm_0384,0,87,0.111,0.0126,3,False
26,5809,0,vm_05809,pm_0173,0,239,0.1658,0.0138,3,False
26,5810,0,vm_05810,pm_0709,0,58,0.3627,0.0102,2,False
26,5811,0,vm_05811,pm_0064,0,169,0.0694,0.047,1,False
26,5812,0,vm_05812,pm_0788,0,257,0.1286,0.0156,3,False
26,5813,0,vm_05813,pm_0389,0,45,0.1585,0.0161,3,False
26,5814,0,vm_05814,pm_0201,0,1,0.0854,0.072,1,False
26,5815,0,vm_05815,pm_0780,0,128,0.0643,0.0703,1,False
26,5816,0,vm_05816,pm_0021,0,268,0.0912,0.0517,1,False
26,5817,0,vm_05817,pm_0364,0,277,0.0319,0.0422,1,False
26,5818,0,vm_05818,pm_0359,0,16,0.3978,0.0123,2,False
26,5819,0,vm_05819,pm_0645,0,186,0.1847,0.0134,3,False
26,5820,0,vm_05820,pm_0592,0,115,0.3102,0.0198,2,False
26,5821,0,vm_05821,pm_0584,0,258,0.1136,0.0176,3,False
26,5822,0,vm_05822,pm_0509,0,248,0.3374,0.0191,2,False
26,5823,0,vm_05823,pm_0585,0,197,0.2045,0.0224,3,False
26,5824,0,vm_05824,pm_0416,0,226,0.2051,0.0104,3,False
26,5825,0,vm_05825,pm_0560,0,176,0.0304,0.0666,1,False
26,5826,0,vm_05826,pm_0082,0,242,0.048,0.067,1,False
26,5827,0,vm_05827,pm_0143,0,34,0.0815,0.0197,3,False
26,5828,0,vm_05828,pm_0443,0,134,0.0398,0.0792,1,False
26,5829,0,vm_05829,pm_0323,0,9,0.0632,0.0548,1,False
26,5830,0,vm_05830,pm_0012,0,182,0.3635,0.0189,2,False
26,5831,0,vm_05831,pm_0089,0,201,0.0993,0.0115,3,False
26,5832,0,vm_05832,pm_0066,0,18,0.3981,0.015,2,False
26,5833,0,vm_05833,pm_0586,0,22,0.1468,0.011,3,False
26,5834,0,vm_05834,pm_0180,0,94,0.6053,0.0172,2,False
26,5835,0,vm_05835,pm_0376,0,63,0.1893,0.0115,3,False
26,5836,0,vm_05836,pm_0483,0,219,0.1872,0.0147,3,False
26,5837,0,vm_05837,pm_0078,0,95,0.1673,0.0172,3,False
27,5838,0,vm_05838,pm_0437,0,264,0.5151,0.0152,2,False
27,5839,0,vm_05839,pm_0041,0,156,0.1757,0.0144,3,False
27,5840,0,vm_05840,pm_0712,0,206,0.114,0.0101,3,False
27,5841,0,vm_05841,pm_0720,0,273,0.479,0.0173,2,False
27,5842,0,vm_05842,pm_0078,0,245,0.0633,0.0537,1,False
27,5843,0,vm_05843,pm_0263,0,198,0.0582,0.0566,1,False
27,5844,0,vm_05844,pm_0727,0,284,0.0669,0.053,1,False
27,5845,0,vm_05845,pm_0644,0,82,0.205,0.0165,3,False
27,5846,0,vm_05846,pm_0467,0,132,0.0839,0.0679,1,False
27,5847,0,vm_05847,pm_0056,0,104,0.0612,0.052,1,False
27,5848,0,vm_05848,pm_0159,0,236,0.1927,0.014,3,False
27,5849,0,vm_05849,pm_0307,0,68,0.0767,0.0395,1,False
27,5850,0,vm_05850,pm_0387,0,183,0.4658,0.0172,2,False
27,5851,0,vm_05851,pm_0758,0,117,0.0461,0.0593,1,False
27,5852,0,vm_05852,pm_0569,0,179,0.1667,0.017,3,False
27,5853,0,vm_05853,pm_0125,0,270,0.1359,0.0146,3,False
27,5854,0,vm_05854,pm_0379,0,89,0.173,0.0161,3,False
27,5855,0,vm_05855,pm_0434,0,87,0.5588,0.0149,2,False
27,5856,0,vm_05856,pm_0083,0,82,0.1125,0.0144,3,False
27,5857,0,vm_05857,pm_0019,0,19,0.0564,0.0731,1,False
27,5858,0,vm_05858,pm_0433,0,106,0.053,0.0584,1,False
27,5859,0,vm_05859,pm_0058,0,271,0.0711,0.0634,1,False
27,5860,0,vm_05860,pm_0584,0,97,0.1778,0.0131,3,False
27,5861,0,vm_05861,pm_0528,0,231,0.2949,0.0221,2,False
27,5862,0,vm_05862,pm_0420,0,56,0.382,0.0253,2,False
27,5863,0,vm_05863,pm_0562,0,148,0.0603,0.0563,1,False
27,5864,0,vm_05864,pm_0002,0,234,0.4889,0.0141,2,False
27,5865,0,vm_05865,pm_0384,0,136,0.1285,0.0146,3,False
27,5866,0,vm_05866,pm_0447,0,266,0.4681,0.0201,2,False
27,5867,0,vm_05867,pm_0455,0,228,0.1475,0.0153,3,False
27,5868,0,vm_05868,pm_0194,0,281,0.081,0.0582,1,False
27,5869,0,vm_05869,pm_0177,0,201,0.1533,0.0176,3,False
27,5870,0,vm_05870,pm_0595,0,231,0.0829,0.0129,3,False
27,5871,0,vm_05871,pm_0407,0,18,0.0573,0.0498,1,False
27,5872,0,vm_05872,pm_0508,0,15,0.0721,0.0799,1,False
27,5873,0,vm_05873,pm_0478,0,55,0.131,0.0142,3,False
27,5874,0,vm_05874,pm_0307,0,113,0.1223,0.0105,3,False
27,5875,0,vm_05875,pm_0254,0,67,0.4947,0.0151,2,False
27,5876,0,vm_05876,pm_0325,0,77,0.0528,0.0681,1,False
27,5877,0,vm_05877,pm_0337,0,29,0.1507,0.02,3,False
27,5878,0,vm_05878,pm_0426,0,6,0.1538,0.0129,3,False
27,5879,0,vm_05879,pm_0025,0,151,0.5016,0.0147,2,False
27,5880,0,vm_05880,pm_0770,0,21,0.4084,0.0102,2,False
27,5881,0,vm_05881,pm_0062,0,29,0.0653,0.0449,1,False
27,5882,0,vm_05882,pm_0704,0,166,0.1656,0.0139,3,False
27,5883,0,vm_05883,pm_0069,0,147,0.0942,0.062,1,False
27,5884,0,vm_05884,pm_0197,0,48,0.0815,0.0105,3,False
27,5885,0,vm_05885,pm_0648,0,297,0.4111,0.011,2,False
27,5886,0,vm_05886,pm_0300,0,261,0.584,0.0115,2,False
27,5887,0,vm_05887,pm_0488,0,180,0.4415,0.0129,2,False
27,5888,0,vm_05888,pm_0194,0,289,0.1799,0.0111,3,False
27,5889,0,vm_05889,pm_0369,0,121,0.1475,0.0127,3,False
27,5890,0,vm_05890,pm_0547,0,123,0.4839,0.0154,2,False
27,5891,0,vm_05891,pm_0062,0,265,0.1567,0.0168,3,False
27,5892,0,vm_05892,pm_0156,0,27,0.0924,0.019,3,False
27,5893,0,vm_05893,pm_0389,0,258,0.5317,0.0192,2,False
27,5894,0,vm_05894,pm_0402,0,76,0.0544,0.0668,1,False
27,5895,0,vm_05895,pm_0104,0,193,0.3221,0.009,2,False
27,5896,0,vm_05896,pm_0407,0,34,0.0544,0.0637,1,False
27,5897,0,vm_05897,pm_0312,0,113,0.1015,0.0121,3,False
27,5898,0,vm_05898,pm_0177,0,61,0.0918,0.0706,1,False
27,5899,0,vm_05899,pm_0499,0,51,0.0633,0.0129,3,False
27,5900,0,vm_05900,pm_0591,0,115,0.5759,0.0201,2,False
27,5901,0,vm_05901,pm_0497,0,46,0.0687,0.0172,3,False
27,5902,0,vm_05902,pm_0303,0,100,0.3518,0.0195,2,False
27,5903,0,vm_05903,pm_0509,0,278,0.0968,0.0607,1,False
27,5904,0,vm_05904,pm_0787,0,106,0.09,0.0443,1,False
27,5905,0,vm_05905,pm_0096,0,34,0.0661,0.0388,1,False
27,5906,0,vm_05906,pm_0526,0,287,0.1234,0.0161,3,False
27,5907,0,vm_05907,pm_0670,0,1,0.4881,0.0188,2,False
27,5908,0,vm_05908,pm_0337,0,238,0.2217,0.0159,3,False
27,5909,0,vm_05909,pm_0395,0,271,0.0664,0.0692,1,False
27,5910,0,vm_05910,pm_0445,0,143,0.0862,0.0644,1,False
27,5911,0,vm_05911,pm_0192,0,91,0.5402,0.0124,2,False
27,5912,0,vm_05912,pm_0117,0,220,0.2503,0.0179,3,False
27,5913,0,vm_05913,pm_0181,0,53,0.23,0.0152,3,False
27,5914,0,vm_05914,pm_0280,0,227,0.3389,0.0177,2,False
27,5915,0,vm_05915,pm_0750,0,32,0.4159,0.0158,2,False
27,5916,0,vm_05916,pm_0371,0,213,0.0676,0.0643,1,False
27,5917,0,vm_05917,pm_0362,0,135,0.1674,0.0126,3,False
27,5918,0,vm_05918,pm_0208,0,247,0.0963,0.0178,3,False
27,5919,0,vm_05919,pm_0197,0,52,0.0705,0.0843,1,False
27,5920,0,vm_05920,pm_0525,0,63,0.0922,0.0114,3,False
27,5921,0,vm_05921,pm_0329,0,36,0.0363,0.0619,1,False
27,5922,0,vm_05922,pm_0659,0,211,0.0892,0.0134,3,False
27,5923,0,vm_05923,pm_0635,0,11,0.0763,0.0788,1,False
27,5924,0,vm_05924,pm_0639,0,83,0.1759,0.0183,3,False
27,5925,0,vm_05925,pm_0660,0,93,0.0751,0.0666,1,False
27,5926,0,vm_05926,pm_0069,0,206,0.0507,0.0123,3,False
27,5927,0,vm_05927,pm_0222,0,37,0.2131,0.0165,3,False
27,5928,0,vm_05928,pm_0462,0,202,0.1906,0.0169,3,False
27,5929,0,vm_05929,pm_0203,0,269,0.1189,0.0108,3,False
27,5930,0,vm_05930,pm_0757,0,74,0.1606,0.0106,3,False
27,5931,0,vm_05931,pm_0781,0,127,0.0594,0.0488,1,False
27,5932,0,vm_05932,pm_0451,0,151,0.0747,0.0706,1,False
27,5933,0,vm_05933,pm_0403,0,9,0.0636,0.0522,1,False
27,5934,0,vm_05934,pm_0767,0,37,0.1611,0.0142,3,False
27,5935,0,vm_05935,pm_0362,0,104,0.0664,0.0511,1,False
27,5936,0,vm_05936,pm_0758,0,164,0.161,0.0135,3,False
27,5937,0,vm_05937,pm_0070,0,31,0.1625,0.0124,3,False
27,5938,0,vm_05938,pm_0475,0,211,0.0329,0.0714,1,False
27,5939,0,vm_05939,pm_0585,0,13,0.0666,0.0506,1,False
27,5940,0,vm_05940,pm_0499,0,229,0.078,0.0634,1,False
27,5941,0,vm_05941,pm_0091,0,131,0.3542,0.0118,2,False
27,5942,0,vm_05942,pm_0341,0,151,0.1136,0.0678,1,False
27,5943,0,vm_05943,pm_0541,0,95,0.0477,0.0477,1,False
27,5944,0,vm_05944,pm_0069,0,9,0.1152,0.0156,3,False
27,5945,0,vm_05945,pm_0700,0,15,0.189,0.0085,3,False
27,5946,0,vm_05946,pm_0731,0,166,0.0437,0.0546,1,False
27,5947,0,vm_05947,pm_0705,0,95,0.0455,0.0612,1,False
27,5948,0,vm_05948,pm_0659,0,17,0.0445,0.0424,1,False
27,5949,0,vm_05949,pm_0019,0,6,0.1419,0.0188,3,False
27,5950,0,vm_05950,pm_0021,0,183,0.1812,0.0139,3,False
27,5951,0,vm_05951,pm_0692,0,244,0.0771,0.0616,1,False
27,5952,0,vm_05952,pm_0169,0,81,0.0626,0.0703,1,False
27,5953,0,vm_05953,pm_0415,0,130,0.1825,0.0188,3,False
27,5954,0,vm_05954,pm_0101,0,128,0.12,0.0153,3,False
27,5955,0,vm_05955,pm_0535,0,288,0.06,0.0606,1,False
27,5956,0,vm_05956,pm_0717,0,73,0.1209,0.017,3,False
27,5957,0,vm_05957,pm_0746,0,58,0.0933,0.059,1,False
27,5958,0,vm_05958,pm_0415,0,71,0.0614,0.0651,1,False
27,5959,0,vm_05959,pm_0105,0,159,0.1524,0.0105,3,False
27,5960,0,vm_05960,pm_0040,0,86,0.1041,0.0133,3,False
27,5961,0,vm_05961,pm_0341,0,16,0.069,0.0497,1,False
27,5962,0,vm_05962,pm_0192,0,88,0.139,0.0115,3,False
27,5963,0,vm_05963,pm_0763,0,148,0.5498,0.0199,2,False
27,5964,0,vm_05964,pm_0671,0,5,0.2246,0.0207,3,False
27,5965,0,vm_05965,pm_0302,0,83,0.3986,0.0219,2,False
28,5966,0,vm_05966,pm_0741,0,83,0.2066,0.0151,3,False
28,5967,0,vm_05967,pm_0246,0,249,0.1467,0.0157,3,False
28,5968,0,vm_05968,pm_0071,0,153,0.077,0.0545,1,False
28,5969,0,vm_05969,pm_0354,0,71,0.1597,0.0148,3,False
28,5970,0,vm_05970,pm_0056,0,108,0.1468,0.0095,3,False
28,5971,0,vm_05971,pm_0365,0,111,0.135,0.0184,3,False
28,5972,0,vm_05972,pm_0009,0,171,0.0851,0.0535,1,False
28,5973,0,vm_05973,pm_0234,0,186,0.1393,0.0087,3,False
28,5974,0,vm_05974,pm_0694,0,284,0.1097,0.0189,3,False
28,5975,0,vm_05975,pm_0680,0,272,0.0374,0.0584,1,False
28,5976,0,vm_05976,pm_0070,0,17,0.1858,0.0112,3,False
28,5977,0,vm_05977,pm_0202,0,167,0.0384,0.0575,1,False
28,5978,0,vm_05978,pm_0349,0,81,0.051,0.0581,1,False
28,5979,0,vm_05979,pm_0552,0,74,0.4892,0.0115,2,False
28,5980,0,vm_05980,pm_0331,0,248,0.3555,0.009,2,False
28,5981,0,vm_05981,pm_0024,0,130,0.1822,0.0169,3,False
28,5982,0,vm_05982,pm_0773,0,200,0.0685,0.0455,1,False
28,5983,0,vm_05983,pm_0559,0,295,0.1767,0.0118,3,False
28,5984,0,vm_05984,pm_0172,0,67,0.0651,0.0422,1,False
28,5985,0,vm_05985,pm_0448,0,19,0.0477,0.0623,1,False
28,5986,0,vm_05986,pm_0044,0,270,0.0917,0.056,1,False
28,5987,0,vm_05987,pm_0685,0,92,0.4687,0.0097,2,False
28,5988,0,vm_05988,pm_0217,0,132,0.1902,0.013,3,False
28,5989,0,vm_05989,pm_0682,0,294,0.1255,0.0206,3,False
28,5990,0,vm_05990,pm_0586,0,295,0.203,0.0154,3,False
28,5991,0,vm_05991,pm_0668,0,134,0.0619,0.0738,1,False
28,5992,0,vm_05992,pm_0665,0,32,0.3792,0.0211,2,False
28,5993,0,vm_05993,pm_0781,0,292,0.3811,0.0103,2,False
28,5994,0,vm_05994,pm_0770,0,31,0.3712,0.0172,2,False
28,5995,0,vm_05995,pm_0458,0,42,0.0491,0.0408,1,False
28,5996,0,vm_05996,pm_0435,0,291,0.1908,0.0131,3,False
28,5997,0,vm_05997,pm_0279,0,280,0.4914,0.0164,2,False
28,5998,0,vm_05998,pm_0393,0,107,0.1771,0.0106,3,False
28,5999,0,vm_05999,pm_0468,0,95,0.4125,0.0163,2,False
28,6000,0,vm_06000,pm_0148,0,65,0.0939,0.0469,1,False
28,6001,0,vm_06001,pm_0377,0,8,0.0712,0.0164,3,False
28,6002,0,vm_06002,pm_0522,0,229,0.0979,0.0586,1,False
28,6003,0,vm_06003,pm_0188,0,220,0.1314,0.0162,3,False
28,6004,0,vm_06004,pm_0145,0,277,0.114,0.0158,3,False
28,6005,0,vm_06005,pm_0362,0,98,0.0915,0.0604,1,False
28,6006,0,vm_06006,pm_0639,0,270,0.1021,0.0139,3,False
28,6007,0,vm_06007,pm_0182,0,262,0.3595,0.0185,2,False
28,6008,0,vm_06008,pm_0460,0,163,0.0912,0.0598,1,False
28,6009,0,vm_06009,pm_0590,0,15,0.2271,0.0119,3,False
28,6010,0,vm_06010,pm_0663,0,168,0.0409,0.0512,1,False
28,6011,0,vm_06011,pm_0305,0,20,0.1117,0.0097,3,False
28,6012,0,vm_06012,pm_0091,0,27,0.1596,0.0127,3,False
28,6013,0,vm_06013,pm_0611,0,82,0.1029,0.0151,3,False
28,6014,0,vm_06014,pm_0458,0,272,0.4745,0.0176,2,False
28,6015,0,vm_06015,pm_0701,0,35,0.3812,0.0149,2,False
28,6016,0,vm_06016,pm_0194,0,275,0.0666,0.0123,3,False
28,6017,0,vm_06017,pm_0645,0,232,0.0529,0.0626,1,False
28,6018,0,vm_06018,pm_0716,0,103,0.3312,0.015,2,False
28,6019,0,vm_06019,pm_0577,0,5,0.4069,0.0139,2,False
28,6020,0,vm_06020,pm_0358,0,22,0.0515,0.0464,1,False
28,6021,0,vm_06021,pm_0114,0,169,0.5667,0.0153,2,False
28,6022,0,vm_06022,pm_0326,0,151,0.1425,0.015,3,False
28,6023,0,vm_06023,pm_0598,0,243,0.1448,0.0079,3,False
28,6024,0,vm_06024,pm_0201,0,240,0.0817,0.0671,1,False
28,6025,0,vm_06025,pm_0386,0,260,0.0947,0.0462,1,False
28,6026,0,vm_06026,pm_0172,0,45,0.0495,0.0583,1,False
28,6027,0,vm_06027,pm_0283,0,272,0.1401,0.0098,3,False
28,6028,0,vm_06028,pm_0575,0,74,0.0667,0.0635,1,False
28,6029,0,vm_06029,pm_0578,0,282,0.1803,0.0126,3,False
28,6030,0,vm_06030,pm_0031,0,195,0.0676,0.0544,1,False
28,6031,0,vm_06031,pm_0006,0,22,0.0822,0.0108,3,False
28,6032,0,vm_06032,pm_0666,0,86,0.0484,0.0494,1,False
28,6033,0,vm_06033,pm_0025,0,120,0.1447,0.0162,3,False
28,6034,0,vm_06034,pm_0296,0,148,0.0873,0.0542,1,False
28,6035,0,vm_06035,pm_0610,0,149,0.2019,0.014,3,False
28,6036,0,vm_06036,pm_0113,0,64,0.0656,0.0468,1,False
28,6037,0,vm_06037,pm_0311,0,159,0.0938,0.0108,3,False
28,6038,0,vm_06038,pm_0437,0,283,0.1901,0.0093,3,False
28,6039,0,vm_06039,pm_0007,0,81,0.0717,0.0516,1,False
28,6040,0,vm_06040,pm_0727,0,6,0.124,0.0164,3,False
28,6041,0,vm_06041,pm_0359,0,181,0.0767,0.006,3,False
28,6042,0,vm_06042,pm_0548,0,13,0.0578,0.0479,1,False
28,6043,0,vm_06043,pm_0360,0,182,0.3928,0.0101,2,False
28,6044,0,vm_06044,pm_0348,0,43,0.0612,0.0551,1,False
28,6045,0,vm_06045,pm_0584,0,173,0.1659,0.0143,3,False
28,6046,0,vm_06046,pm_0747,0,13,0.1563,0.016,3,False
28,6047,0,vm_06047,pm_0548,0,299,0.0899,0.0507,1,False
28,6048,0,vm_06048,pm_0771,0,72,0.3557,0.0133,2,False
28,6049,0,vm_06049,pm_0055,0,222,0.1038,0.0123,3,False
28,6050,0,vm_06050,pm_0078,0,1,0.1748,0.0139,3,False
28,6051,0,vm_06051,pm_0330,0,209,0.2983,0.0178,2,False
28,6052,0,vm_06052,pm_0525,0,260,0.1314,0.0151,3,False
28,6053,0,vm_06053,pm_0459,0,89,0.6465,0.0144,2,False
28,6054,0,vm_06054,pm_0389,0,251,0.0407,0.0603,1,False
28,6055,0,vm_06055,pm_0046,0,46,0.1161,0.0071,3,False
28,6056,0,vm_06056,pm_0789,0,162,0.4563,0.014,2,False
28,6057,0,vm_06057,pm_0591,0,115,0.2785,0.0146,2,False
28,6058,0,vm_06058,pm_0515,0,78,0.5394,0.0176,2,False
28,6059,0,vm_06059,pm_0122,0,7,0.1021,0.0142,3,False
28,6060,0,vm_06060,pm_0791,0,22,0.1258,0.0158,3,False
28,6061,0,vm_06061,pm_0512,0,268,0.066,0.0532,1,False
28,6062,0,vm_06062,pm_0144,0,278,0.0758,0.0387,1,False
28,6063,0,vm_06063,pm_0492,0,30,0.5709,0.0148,2,False
28,6064,0,vm_06064,pm_0481,0,169,0.2559,0.0109,2,False
28,6065,0,vm_06065,pm_0562,0,129,0.0547,0.0641,1,False
28,6066,0,vm_06066,pm_0024,0,156,0.106,0.0188,3,False
28,6067,0,vm_06067,pm_0664,0,21,0.3891,0.0176,2,False
28,6068,0,vm_06068,pm_0107,0,125,0.0503,0.0642,1,False
28,6069,0,vm_06069,pm_0180,0,168,0.0959,0.051,1,False
28,6070,0,vm_06070,pm_0424,0,165,0.0752,0.0719,1,False
28,6071,0,vm_06071,pm_0058,0,156,0.1363,0.0136,3,False
28,6072,0,vm_06072,pm_0567,0,21,0.0715,0.0602,1,False
28,6073,0,vm_06073,pm_0594,0,263,0.0544,0.0437,1,False
28,6074,0,vm_06074,pm_0638,0,262,0.3131,0.0142,2,False
28,6075,0,vm_06075,pm_0137,0,211,0.0429,0.0622,1,False
28,6076,0,vm_06076,pm_0623,0,163,0.0538,0.0375,1,False
28,6077,0,vm_06077,pm_0328,0,135,0.0864,0.0456,1,False
28,6078,0,vm_06078,pm_0151,0,251,0.5467,0.0232,2,False
28,6079,0,vm_06079,pm_0219,0,204,0.4522,0.0135,2,False
28,6080,0,vm_06080,pm_0701,0,241,0.0399,0.0682,1,False
28,6081,0,vm_06081,pm_0257,0,278,0.3042,0.0124,2,False
28,6082,0,vm_06082,pm_0323,0,60,0.1192,0.0107,3,False
28,6083,0,vm_06083,pm_0013,0,298,0.0922,0.0792,1,False
28,6084,0,vm_06084,pm_0431,0,94,0.0668,0.0839,1,False
28,6085,0,vm_06085,pm_0101,0,147,0.062,0.0644,1,False
28,6086,0,vm_06086,pm_0769,0,258,0.3736,0.0131,2,False
28,6087,0,vm_06087,pm_0441,0,29,0.0651,0.0151,3,False
28,6088,0,vm_06088,pm_0184,0,17,0.0833,0.0605,1,False
28,6089,0,vm_06089,pm_0779,0,186,0.1015,0.0121,3,False
28,6090,0,vm_06090,pm_0791,0,211,0.0907,0.0702,1,False
28,6091,0,vm_06091,pm_0285,0,34,0.6146,0.009,2,False
28,6092,0,vm_06092,pm_0060,0,146,0.0953,0.0147,3,False
28,6093,0,vm_06093,pm_0015,0,281,0.1013,0.0627,1,False
28,6094,0,vm_06094,pm_0787,0,34,0.4383,0.0165,2,False
28,6095,0,vm_06095,pm_0002,0,75,0.0737,0.059,1,False
28,6096,0,vm_06096,pm_0022,0,71,0.1701,0.0134,3,False
28,6097,0,vm_06097,pm_0319,0,248,0.0897,0.0668,1,False
28,6098,0,vm_06098,pm_0591,0,56,0.1891,0.0137,3,False
28,6099,0,vm_06099,pm_0344,0,9,0.0886,0.0519,1,False
28,6100,0,vm_06100,pm_0739,0,212,0.1175,0.0103,3,False
28,6101,0,vm_06101,pm_0019,0,236,0.0483,0.0648,1,False
28,6102,0,vm_06102,pm_0771,0,233,0.154,0.0161,3,False
28,6103,0,vm_06103,pm_0362,0,222,0.0574,0.0687,1,False
28,6104,0,vm_06104,pm_0278,0,103,0.1284,0.01,3,False
28,6105,0,vm_06105,pm_0060,0,97,0.0615,0.066,1,False
28,6106,0,vm_06106,pm_0482,0,225,0.0593,0.0476,1,False
28,6107,0,vm_06107,pm_0249,0,221,0.5718,0.0125,2,False
28,6108,0,vm_06108,pm_0050,0,279,0.0792,0.0623,1,False
28,6109,0,vm_06109,pm_0760,0,42,0.0398,0.0551,1,False
28,6110,0,vm_06110,pm_0208,0,152,0.1636,0.017,3,False
28,6111,0,vm_06111,pm_0170,0,289,0.1788,0.01,3,False
28,6112,0,vm_06112,pm_0416,0,223,0.0491,0.0711,1,False
28,6113,0,vm_06113,pm_0724,0,118,0.0703,0.0155,3,False
28,6114,0,vm_06114,pm_0255,0,213,0.5846,0.0174,2,False
28,6115,0,vm_06115,pm_0612,0,52,0.0493,0.0604,1,False
28,6116,0,vm_06116,pm_0189,0,219,0.1277,0.0185,3,False
28,6117,0,vm_06117,pm_0563,0,242,0.0918,0.0199,3,False
28,6118,0,vm_06118,pm_0076,0,52,0.1506,0.0122,3,False
29,6119,0,vm_06119,pm_0737,0,116,0.0898,0.067,1,False
29,6120,0,vm_06120,pm_0326,0,41,0.1424,0.0141,3,False
29,6121,0,vm_06121,pm_0037,0,246,0.0614,0.0521,1,False
29,6122,0,vm_06122,pm_0466,0,290,0.0875,0.0738,1,False
29,6123,0,vm_06123,pm_0427,0,247,0.0631,0.0726,1,False
29,6124,0,vm_06124,pm_0783,0,100,0.1648,0.0152,3,False
29,6125,0,vm_06125,pm_0011,0,86,0.1154,0.0135,3,False
29,6126,0,vm_06126,pm_0011,0,83,0.0997,0.0154,3,False
29,6127,0,vm_06127,pm_0202,0,260,0.3522,0.0165,2,False
29,6128,0,vm_06128,pm_0688,0,220,0.0448,0.0628,1,False
29,6129,0,vm_06129,pm_0137,0,153,0.0641,0.0599,1,False
29,6130,0,vm_06130,pm_0041,0,50,0.0531,0.0444,1,False
29,6131,0,vm_06131,pm_0678,0,37,0.05,0.054,1,False
29,6132,0,vm_06132,pm_0396,0,258,0.1386,0.0146,3,False
29,6133,0,vm_06133,pm_0244,0,186,0.4353,0.0112,2,False
29,6134,0,vm_06134,pm_0481,0,12,0.0706,0.063,1,False
29,6135,0,vm_06135,pm_0401,0,222,0.1,0.0813,1,False
29,6136,0,vm_06136,pm_0673,0,86,0.1203,0.0801,1,False
29,6137,0,vm_06137,pm_0278,0,258,0.4156,0.0134,2,False
29,6138,0,vm_06138,pm_0767,0,180,0.2198,0.0133,3,False
29,6139,0,vm_06139,pm_0719,0,172,0.1461,0.0135,3,False
29,6140,0,vm_06140,pm_0025,0,194,0.1048,0.015,3,False
29,6141,0,vm_06141,pm_0163,0,244,0.4526,0.018,2,False
29,6142,0,vm_06142,pm_0608,0,195,0.0425,0.069,1,False
29,6143,0,vm_06143,pm_0250,0,61,0.1006,0.059,1,False
29,6144,0,vm_06144,pm_0185,0,24,0.1208,0.0144,3,False
29,6145,0,vm_06145,pm_0206,0,51,0.2134,0.0083,3,False
29,6146,0,vm_06146,pm_0207,0,49,0.072,0.0526,1,False
29,6147,0,vm_06147,pm_0470,0,294,0.3491,0.01,2,False
29,6148,0,vm_06148,pm_0501,0,51,0.359,0.009,2,False
29,6149,0,vm_06149,pm_0557,0,39,0.1314,0.0112,3,False
29,6150,0,vm_06150,pm_0540,0,231,0.1882,0.0154,3,False
29,6151,0,vm_06151,pm_0040,0,59,0.3942,0.0177,2,False
29,6152,0,vm_06152,pm_0570,0,215,0.4094,0.0161,2,False
29,6153,0,vm_06153,pm_0218,0,196,0.0657,0.0501,1,False
29,6154,0,vm_06154,pm_0675,0,275,0.0641,0.0618,1,False
29,6155,0,vm_06155,pm_0614,0,1,0.0903,0.0503,1,False
29,6156,0,vm_06156,pm_0239,0,105,0.0446,0.0687,1,False
29,6157,0,vm_06157,pm_0779,0,215,0.108,0.0137,3,False
29,6158,0,vm_06158,pm_0719,0,264,0.1088,0.0068,3,False
29,6159,0,vm_06159,pm_0563,0,166,0.0699,0.0497,1,False
29,6160,0,vm_06160,pm_0038,0,246,0.115,0.0141,3,False
29,6161,0,vm_06161,pm_0015,0,209,0.0447,0.0896,1,False
29,6162,0,vm_06162,pm_0611,0,57,0.0544,0.077,1,False
29,6163,0,vm_06163,pm_0327,0,42,0.0552,0.0681,1,False
29,6164,0,vm_06164,pm_0204,0,137,0.0641,0.0749,1,False
29,6165,0,vm_06165,pm_0286,0,108,0.0822,0.0744,1,False
29,6166,0,vm_06166,pm_0447,0,47,0.3692,0.017,2,False
29,6167,0,vm_06167,pm_0696,0,125,0.5127,0.0193,2,False
29,6168,0,vm_06168,pm_0798,0,213,0.0712,0.0141,3,False
29,6169,0,vm_06169,pm_0103,0,127,0.0539,0.07,1,False
29,6170,0,vm_06170,pm_0550,0,197,0.0986,0.0634,1,False
29,6171,0,vm_06171,pm_0293,0,201,0.0594,0.0596,1,False
29,6172,0,vm_06172,pm_0554,0,191,0.2024,0.0101,3,False
29,6173,0,vm_06173,pm_0753,0,106,0.0643,0.0521,1,False
29,6174,0,vm_06174,pm_0586,0,193,0.1659,0.0159,3,False
29,6175,0,vm_06175,pm_0397,0,237,0.3875,0.0092,2,False
29,6176,0,vm_06176,pm_0080,0,131,0.2717,0.0125,2,False
29,6177,0,vm_06177,pm_0291,0,82,0.3522,0.0177,2,False
29,6178,0,vm_06178,pm_0584,0,283,0.0437,0.0492,1,False
29,6179,0,vm_06179,pm_0369,0,221,0.0422,0.0339,1,False
29,6180,0,vm_06180,pm_0501,0,105,0.0723,0.0649,1,False
29,6181,0,vm_06181,pm_0217,0,293,0.1361,0.0164,3,False
29,6182,0,vm_06182,pm_0681,0,65,0.1071,0.0623,1,False
29,6183,0,vm_06183,pm_0176,0,194,0.0575,0.0661,1,False
29,6184,0,vm_06184,pm_0277,0,187,0.1444,0.0123,3,False
29,6185,0,vm_06185,pm_0328,0,46,0.0669,0.05,1,False
29,6186,0,vm_06186,pm_0081,0,24,0.1737,0.0147,3,False
29,6187,0,vm_06187,pm_0082,0,65,0.1236,0.0112,3,False
29,6188,0,vm_06188,pm_0654,0,66,0.072,0.0915,1,False
29,6189,0,vm_06189,pm_0624,0,196,0.0839,0.0543,1,False
29,6190,0,vm_06190,pm_0124,0,245,0.0707,0.0498,1,False
29,6191,0,vm_06191,pm_0010,0,295,0.146,0.0132,3,False
29,6192,0,vm_06192,pm_0529,0,99,0.1628,0.01,3,False
29,6193,0,vm_06193,pm_0720,0,177,0.2043,0.011,3,False
29,6194,0,vm_06194,pm_0289,0,114,0.0937,0.0065,3,False
29,6195,0,vm_06195,pm_0191,0,167,0.1198,0.0118,3,False
29,6196,0,vm_06196,pm_0071,0,118,0.0226,0.0634,1,False
29,6197,0,vm_06197,pm_0267,0,164,0.0801,0.0775,1,False
29,6198,0,vm_06198,pm_0397,0,218,0.165,0.0174,3,False
29,6199,0,vm_06199,pm_0036,0,196,0.0493,0.0623,1,False
29,6200,0,vm_06200,pm_0754,0,236,0.0879,0.0622,1,False
29,6201,0,vm_06201,pm_0213,0,168,0.1453,0.0071,3,False
29,6202,0,vm_06202,pm_0410,0,75,0.07,0.0724,1,False
29,6203,0,vm_06203,pm_0037,0,286,0.2346,0.0144,3,False
29,6204,0,vm_06204,pm_0395,0,32,0.1415,0.0144,3,False
29,6205,0,vm_06205,pm_0222,0,298,0.0481,0.0606,1,False
29,6206,0,vm_06206,pm_0179,0,229,0.2221,0.0119,3,False
29,6207,0,vm_06207,pm_0565,0,194,0.0845,0.0748,1,False
29,6208,0,vm_06208,pm_0342,0,293,0.1006,0.0613,1,False
29,6209,0,vm_06209,pm_0417,0,296,0.0443,0.0518,1,False
29,6210,0,vm_06210,pm_0153,0,277,0.0729,0.0797,1,False
29,6211,0,vm_06211,pm_0357,0,229,0.4032,0.0183,2,False
29,6212,0,vm_06212,pm_0748,0,95,0.0829,0.0454,1,False
29,6213,0,vm_06213,pm_0394,0,170,0.0522,0.0571,1,False
29,6214,0,vm_06214,pm_0529,0,31,0.0429,0.0482,1,False
29,6215,0,vm_06215,pm_0133,0,44,0.1456,0.012,3,False
29,6216,0,vm_06216,pm_0552,0,71,0.0545,0.0151,3,False
29,6217,0,vm_06217,pm_0779,0,19,0.1091,0.0718,1,False
29,6218,0,vm_06218,pm_0345,0,238,0.045,0.0657,1,False
29,6219,0,vm_06219,pm_0611,0,198,0.0784,0.0653,1,False
29,6220,0,vm_06220,pm_0431,0,64,0.0385,0.0712,1,False
29,6221,0,vm_06221,pm_0467,0,187,0.1603,0.0164,3,False
29,6222,0,vm_06222,pm_0510,0,88,0.1386,0.0141,3,False
29,6223,0,vm_06223,pm_0187,0,200,0.0536,0.0673,1,False
29,6224,0,vm_06224,pm_0615,0,22,0.0514,0.0758,1,False
29,6225,0,vm_06225,pm_0582,0,295,0.0694,0.0472,1,False
29,6226,0,vm_06226,pm_0706,0,129,0.0507,0.0173,3,False
29,6227,0,vm_06227,pm_0307,0,153,0.0841,0.0587,1,False
29,6228,0,vm_06228,pm_0675,0,77,0.1445,0.0136,3,False
29,6229,0,vm_06229,pm_0190,0,189,0.1134,0.0157,3,False
29,6230,0,vm_06230,pm_0673,0,299,0.0833,0.0424,1,False
29,6231,0,vm_06231,pm_0580,0,153,0.3636,0.0149,2,False
29,6232,0,vm_06232,pm_0573,0,112,0.1478,0.014,3,False
29,6233,0,vm_06233,pm_0058,0,116,0.2634,0.0221,2,False
29,6234,0,vm_06234,pm_0001,0,4,0.0407,0.0626,1,False
29,6235,0,vm_06235,pm_0081,0,34,0.0633,0.0586,1,False
29,6236,0,vm_06236,pm_0757,0,271,0.2008,0.0092,3,False
29,6237,0,vm_06237,pm_0060,0,158,0.1456,0.0173,3,False
29,6238,0,vm_06238,pm_0359,0,209,0.1685,0.0164,3,False
29,6239,0,vm_06239,pm_0642,0,13,0.1643,0.0119,3,False
29,6240,0,vm_06240,pm_0392,0,24,0.1003,0.0198,3,False
29,6241,0,vm_06241,pm_0585,0,217,0.0785,0.0161,3,False
30,6242,0,vm_06242,pm_0410,0,253,0.0538,0.0639,1,False
30,6243,0,vm_06243,pm_0317,0,202,0.435,0.021,2,False
30,6244,0,vm_06244,pm_0158,0,100,0.0997,0.0154,3,False
30,6245,0,vm_06245,pm_0493,0,228,0.1537,0.0164,3,False
30,6246,0,vm_06246,pm_0023,0,198,0.1489,0.0117,3,False
30,6247,0,vm_06247,pm_0788,0,177,0.0677,0.0575,1,False
30,6248,0,vm_06248,pm_0458,0,275,0.0912,0.0113,3,False
30,6249,0,vm_06249,pm_0608,0,129,0.0971,0.0132,3,False
30,6250,0,vm_06250,pm_0085,0,278,0.0405,0.0541,1,False
30,6251,0,vm_06251,pm_0507,0,287,0.5112,0.0191,2,False
30,6252,0,vm_06252,pm_0622,0,140,0.0472,0.0595,1,False
30,6253,0,vm_06253,pm_0596,0,12,0.0571,0.0431,1,False
30,6254,0,vm_06254,pm_0365,0,216,0.056,0.0503,1,False
30,6255,0,vm_06255,pm_0569,0,185,0.0752,0.0585,1,False
30,6256,0,vm_06256,pm_0071,0,26,0.4652,0.0145,2,False
30,6257,0,vm_06257,pm_0758,0,217,0.1134,0.0165,3,False
30,6258,0,vm_06258,pm_0073,0,13,0.1532,0.0144,3,False
30,6259,0,vm_06259,pm_0013,0,141,0.1773,0.0157,3,False
30,6260,0,vm_06260,pm_0138,0,54,0.0816,0.0564,1,False
30,6261,0,vm_06261,pm_0447,0,190,0.047,0.0648,1,False
30,6262,0,vm_06262,pm_0140,0,284,0.113,0.0178,3,False
30,6263,0,vm_06263,pm_0074,0,88,0.0675,0.066,1,False
30,6264,0,vm_06264,pm_0218,0,44,0.1028,0.0189,3,False
30,6265,0,vm_06265,pm_0781,0,131,0.1635,0.0181,3,False
30,6266,0,vm_06266,pm_0642,0,65,0.2967,0.0188,2,False
30,6267,0,vm_06267,pm_0029,0,278,0.2359,0.0104,3,False
30,6268,0,vm_06268,pm_0162,0,147,0.047,0.0617,1,False
30,6269,0,vm_06269,pm_0637,0,144,0.0838,0.0594,1,False
30,6270,0,vm_06270,pm_0024,0,5,0.1137,0.0101,3,False
30,6271,0,vm_06271,pm_0230,0,81,0.0912,0.061,1,False
30,6272,0,vm_06272,pm_0717,0,122,0.0825,0.0092,3,False
30,6273,0,vm_06273,pm_0265,0,166,0.093,0.0666,1,False
30,6274,0,vm_06274,pm_0665,0,236,0.5473,0.0159,2,False
30,6275,0,vm_06275,pm_0293,0,104,0.1306,0.0149,3,False
30,6276,0,vm_06276,pm_0715,0,289,0.107,0.0082,3,False
30,6277,0,vm_06277,pm_0258,0,237,0.0559,0.0642,1,False
30,6278,0,vm_06278,pm_0580,0,81,0.0728,0.0707,1,False
30,6279,0,vm_06279,pm_0375,0,93,0.1724,0.0103,3,False
30,6280,0,vm_06280,pm_0264,0,284,0.0704,0.0649,1,False
30,6281,0,vm_06281,pm_0150,0,296,0.1402,0.0169,3,False
30,6282,0,vm_06282,pm_0247,0,65,0.6186,0.0183,2,False
30,6283,0,vm_06283,pm_0757,0,111,0.0994,0.0132,3,False
30,6284,0,vm_06284,pm_0018,0,170,0.1151,0.0152,3,False
30,6285,0,vm_06285,pm_0244,0,246,0.0729,0.0619,1,False
30,6286,0,vm_06286,pm_0623,0,65,0.3563,0.0236,2,False
30,6287,0,vm_06287,pm_0398,0,67,0.1759,0.0149,3,False
30,6288,0,vm_06288,pm_0575,0,33,0.4418,0.0152,2,False
30,6289,0,vm_06289,pm_0781,0,0,0.0865,0.0128,3,False
30,6290,0,vm_06290,pm_0069,0,150,0.5418,0.0201,2,False
30,6291,0,vm_06291,pm_0148,0,271,0.0637,0.0654,1,False
30,6292,0,vm_06292,pm_0235,0,257,0.056,0.0722,1,False
30,6293,0,vm_06293,pm_0364,0,237,0.1518,0.0114,3,False
30,6294,0,vm_06294,pm_0131,0,115,0.0613,0.0593,1,False
30,6295,0,vm_06295,pm_0275,0,75,0.1308,0.012,3,False
30,6296,0,vm_06296,pm_0595,0,282,0.155,0.0146,3,False
30,6297,0,vm_06297,pm_0209,0,18,0.0741,0.0585,1,False
30,6298,0,vm_06298,pm_0522,0,283,0.0731,0.0612,1,False
30,6299,0,vm_06299,pm_0607,0,34,0.1146,0.0125,3,False
30,6300,0,vm_06300,pm_0619,0,240,0.0802,0.0565,1,False
30,6301,0,vm_06301,pm_0045,0,6,0.1936,0.0194,3,False
30,6302,0,vm_06302,pm_0229,0,36,0.5298,0.0125,2,False
30,6303,0,vm_06303,pm_0630,0,152,0.5452,0.018,2,False
30,6304,0,vm_06304,pm_0082,0,244,0.1321,0.0162,3,False
30,6305,0,vm_06305,pm_0523,0,249,0.0477,0.0546,1,False
30,6306,0,vm_06306,pm_0219,0,114,0.4961,0.0196,2,False
30,6307,0,vm_06307,pm_0575,0,40,0.0424,0.0761,1,False
30,6308,0,vm_06308,pm_0724,0,61,0.029,0.0584,1,False
30,6309,0,vm_06309,pm_0630,0,168,0.6442,0.0095,2,False
30,6310,0,vm_06310,pm_0691,0,141,0.1507,0.0165,3,False
30,6311,0,vm_06311,pm_0112,0,257,0.0875,0.0612,1,False
30,6312,0,vm_06312,pm_0376,0,87,0.357,0.0165,2,False
30,6313,0,vm_06313,pm_0027,0,47,0.1345,0.0102,3,False
30,6314,0,vm_06314,pm_0610,0,11,0.0804,0.0623,1,False
30,6315,0,vm_06315,pm_0269,0,210,0.0568,0.0532,1,False
30,6316,0,vm_06316,pm_0094,0,243,0.0794,0.012,3,False
30,6317,0,vm_06317,pm_0120,0,238,0.1653,0.0118,3,False
30,6318,0,vm_06318,pm_0223,0,196,0.5028,0.0133,2,False
30,6319,0,vm_06319,pm_0774,0,256,0.1658,0.0115,3,False
30,6320,0,vm_06320,pm_0582,0,234,0.0731,0.0443,1,False
30,6321,0,vm_06321,pm_0339,0,186,0.2143,0.0139,3,False
30,6322,0,vm_06322,pm_0526,0,200,0.3812,0.0145,2,False
30,6323,0,vm_06323,pm_0766,0,102,0.6017,0.0134,2,False
30,6324,0,vm_06324,pm_0439,0,289,0.0625,0.0634,1,False
30,6325,0,vm_06325,pm_0257,0,220,0.0594,0.0634,1,False
30,6326,0,vm_06326,pm_0748,0,186,0.0576,0.0587,1,False
30,6327,0,vm_06327,pm_0400,0,98,0.1155,0.0116,3,False
30,6328,0,vm_06328,pm_0732,0,244,0.5664,0.0178,2,False
30,6329,0,vm_06329,pm_0559,0,21,0.5879,0.013,2,False
30,6330,0,vm_06330,pm_0125,0,67,0.0687,0.0573,1,False
30,6331,0,vm_06331,pm_0487,0,64,0.0447,0.0624,1,False
30,6332,0,vm_06332,pm_0624,0,291,0.1724,0.0132,3,False
30,6333,0,vm_06333,pm_0398,0,216,0.4475,0.012,2,False
30,6334,0,vm_06334,pm_0734,0,28,0.4123,0.018,2,False
30,6335,0,vm_06335,pm_0608,0,192,0.067,0.0482,1,False
30,6336,0,vm_06336,pm_0048,0,55,0.1237,0.0134,3,False
30,6337,0,vm_06337,pm_0611,0,211,0.0837,0.0665,1,False
30,6338,0,vm_06338,pm_0305,0,237,0.0533,0.0625,1,False
30,6339,0,vm_06339,pm_0079,0,199,0.2698,0.009,2,False
30,6340,0,vm_06340,pm_0357,0,177,0.047,0.0747,1,False
30,6341,0,vm_06341,pm_0553,0,152,0.0537,0.0756,1,False
30,6342,0,vm_06342,pm_0168,0,43,0.1735,0.0139,3,False
30,6343,0,vm_06343,pm_0524,0,167,0.1559,0.0129,3,False
30,6344,0,vm_06344,pm_0485,0,286,0.1496,0.0127,3,False
30,6345,0,vm_06345,pm_0077,0,196,0.3849,0.0211,2,False
30,6346,0,vm_06346,pm_0748,0,73,0.0851,0.0485,1,False
30,6347,0,vm_06347,pm_0096,0,170,0.0615,0.0665,1,False
31,6348,0,vm_06348,pm_0498,0,182,0.0939,0.0135,3,False
31,6349,0,vm_06349,pm_0702,0,15,0.1613,0.0195,3,False
31,6350,0,vm_06350,pm_0549,0,67,0.0994,0.017,3,False
31,6351,0,vm_06351,pm_0546,0,41,0.0526,0.0577,1,False
31,6352,0,vm_06352,pm_0038,0,109,0.4401,0.0117,2,False
31,6353,0,vm_06353,pm_0796,0,40,0.0587,0.0554,1,False
31,6354,0,vm_06354,pm_0540,0,5,0.3477,0.0131,2,False
31,6355,0,vm_06355,pm_0586,0,180,0.083,0.0128,3,False
31,6356,0,vm_06356,pm_0356,0,272,0.1476,0.0145,3,False
31,6357,0,vm_06357,pm_0098,0,184,0.455,0.0139,2,False
31,6358,0,vm_06358,pm_0062,0,143,0.4818,0.0131,2,False
31,6359,0,vm_06359,pm_0411,0,99,0.2152,0.012,3,False
31,6360,0,vm_06360,pm_0073,0,89,0.1128,0.0123,3,False
31,6361,0,vm_06361,pm_0605,0,245,0.0536,0.0507,1,False
31,6362,0,vm_06362,pm_0584,0,238,0.4891,0.0196,2,False
31,6363,0,vm_06363,pm_0284,0,211,0.0745,0.0782,1,False
31,6364,0,vm_06364,pm_0761,0,80,0.3886,0.0147,2,False
31,6365,0,vm_06365,pm_0035,0,114,0.5387,0.0181,2,False
31,6366,0,vm_06366,pm_0706,0,275,0.1534,0.011,3,False
31,6367,0,vm_06367,pm_0432,0,79,0.076,0.0712,1,False
31,6368,0,vm_06368,pm_0242,0,55,0.095,0.046,1,False
31,6369,0,vm_06369,pm_0735,0,178,0.413,0.0167,2,False
31,6370,0,vm_06370,pm_0523,0,48,0.1431,0.0126,3,False
31,6371,0,vm_06371,pm_0696,0,259,0.0835,0.0154,3,False
31,6372,0,vm_06372,pm_0592,0,273,0.0394,0.0381,1,False
31,6373,0,vm_06373,pm_0395,0,291,0.0924,0.0143,3,False
31,6374,0,vm_06374,pm_0765,0,290,0.0621,0.0106,3,False
31,6375,0,vm_06375,pm_0231,0,29,0.0632,0.0643,1,False
31,6376,0,vm_06376,pm_0772,0,251,0.0457,0.0484,1,False
31,6377,0,vm_06377,pm_0209,0,62,0.1943,0.0123,3,False
31,6378,0,vm_06378,pm_0370,0,81,0.1156,0.0122,3,False
31,6379,0,vm_06379,pm_0044,0,168,0.1776,0.0134,3,False
31,6380,0,vm_06380,pm_0040,0,157,0.1734,0.0126,3,False
31,6381,0,vm_06381,pm_0599,0,55,0.0798,0.0078,3,False
31,6382,0,vm_06382,pm_0257,0,141,0.4225,0.0196,2,False
31,6383,0,vm_06383,pm_0790,0,148,0.0516,0.0543,1,False
31,6384,0,vm_06384,pm_0454,0,225,0.077,0.0687,1,False
31,6385,0,vm_06385,pm_0059,0,24,0.3503,0.0146,2,False
31,6386,0,vm_06386,pm_0602,0,177,0.1527,0.0164,3,False
31,6387,0,vm_06387,pm_0559,0,94,0.3881,0.0243,2,False
31,6388,0,vm_06388,pm_0094,0,52,0.169,0.0139,3,False
31,6389,0,vm_06389,pm_0682,0,69,0.0875,0.0599,1,False
31,6390,0,vm_06390,pm_0118,0,175,0.4435,0.0161,2,False
31,6391,0,vm_06391,pm_0460,0,131,0.0662,0.0476,1,False
31,6392,0,vm_06392,pm_0489,0,212,0.5202,0.0148,2,False
31,6393,0,vm_06393,pm_0149,0,210,0.1015,0.0136,3,False
31,6394,0,vm_06394,pm_0043,0,63,0.0872,0.0226,3,False
31,6395,0,vm_06395,pm_0405,0,34,0.1341,0.0061,3,False
31,6396,0,vm_06396,pm_0671,0,11,0.0665,0.0543,1,False
31,6397,0,vm_06397,pm_0077,0,247,0.6171,0.0179,2,False
31,6398,0,vm_06398,pm_0065,0,111,0.0407,0.0662,1,False
31,6399,0,vm_06399,pm_0002,0,90,0.5731,0.0202,2,False
31,6400,0,vm_06400,pm_0652,0,293,0.1176,0.0137,3,False
31,6401,0,vm_06401,pm_0327,0,28,0.1868,0.0144,3,False
31,6402,0,vm_06402,pm_0007,0,11,0.1357,0.0169,3,False
31,6403,0,vm_06403,pm_0438,0,146,0.0491,0.0465,1,False
31,6404,0,vm_06404,pm_0516,0,136,0.2169,0.0138,3,False
31,6405,0,vm_06405,pm_0411,0,156,0.0316,0.0577,1,False
31,6406,0,vm_06406,pm_0427,0,258,0.1326,0.0157,3,False
31,6407,0,vm_06407,pm_0259,0,86,0.0616,0.0518,1,False
31,6408,0,vm_06408,pm_0637,0,157,0.1214,0.0572,1,False
31,6409,0,vm_06409,pm_0148,0,185,0.5289,0.0226,2,False
31,6410,0,vm_06410,pm_0764,0,228,0.1517,0.0124,3,False
31,6411,0,vm_06411,pm_0384,0,3,0.0575,0.0392,1,False
31,6412,0,vm_06412,pm_0596,0,56,0.0582,0.0575,1,False
31,6413,0,vm_06413,pm_0022,0,27,0.0906,0.0099,3,False
31,6414,0,vm_06414,pm_0445,0,15,0.0865,0.0636,1,False
31,6415,0,vm_06415,pm_0722,0,12,0.1154,0.0623,1,False
31,6416,0,vm_06416,pm_0080,0,199,0.5012,0.0131,2,False
31,6417,0,vm_06417,pm_0574,0,183,0.074,0.085,1,False
31,6418,0,vm_06418,pm_0204,0,280,0.1912,0.0131,3,False
31,6419,0,vm_06419,pm_0386,0,157,0.148,0.0174,3,False
31,6420,0,vm_06420,pm_0356,0,258,0.4703,0.009,2,False
31,6421,0,vm_06421,pm_0546,0,156,0.1557,0.0116,3,False
31,6422,0,vm_06422,pm_0362,0,93,0.4451,0.022,2,False
31,6423,0,vm_06423,pm_0071,0,266,0.0701,0.0577,1,False
31,6424,0,vm_06424,pm_0437,0,20,0.049,0.0842,1,False
31,6425,0,vm_06425,pm_0315,0,126,0.3319,0.0149,2,False
31,6426,0,vm_06426,pm_0554,0,111,0.0861,0.0648,1,False
31,6427,0,vm_06427,pm_0239,0,233,0.231,0.0104,3,False
31,6428,0,vm_06428,pm_0500,0,33,0.0866,0.0138,3,False
31,6429,0,vm_06429,pm_0113,0,79,0.0551,0.0752,1,False
31,6430,0,vm_06430,pm_0104,0,82,0.1552,0.0109,3,False
31,6431,0,vm_06431,pm_0394,0,28,0.0878,0.011,3,False
31,6432,0,vm_06432,pm_0448,0,130,0.1666,0.0141,3,False
31,6433,0,vm_06433,pm_0792,0,10,0.0965,0.0106,3,False
31,6434,0,vm_06434,pm_0143,0,61,0.5872,0.0143,2,False
31,6435,0,vm_06435,pm_0359,0,32,0.1767,0.018,3,False
31,6436,0,vm_06436,pm_0350,0,135,0.3008,0.0131,2,False
31,6437,0,vm_06437,pm_0642,0,87,0.5329,0.0193,2,False
31,6438,0,vm_06438,pm_0436,0,16,0.0547,0.0499,1,False
31,6439,0,vm_06439,pm_0001,0,90,0.064,0.0717,1,False
31,6440,0,vm_06440,pm_0493,0,298,0.5414,0.0228,2,False
31,6441,0,vm_06441,pm_0382,0,252,0.0423,0.0557,1,False
31,6442,0,vm_06442,pm_0240,0,72,0.1108,0.0673,1,False
31,6443,0,vm_06443,pm_0767,0,205,0.1754,0.015,3,False
31,6444,0,vm_06444,pm_0426,0,260,0.0378,0.0488,1,False
31,6445,0,vm_06445,pm_0577,0,177,0.1237,0.0181,3,False
31,6446,0,vm_06446,pm_0676,0,219,0.3284,0.0168,2,False
31,6447,0,vm_06447,pm_0119,0,172,0.1798,0.0137,3,False
31,6448,0,vm_06448,pm_0278,0,164,0.3372,0.0175,2,False
31,6449,0,vm_06449,pm_0037,0,219,0.0478,0.0673,1,False
31,6450,0,vm_06450,pm_0106,0,291,0.3005,0.0187,2,False
31,6451,0,vm_06451,pm_0153,0,160,0.0716,0.0111,3,False
31,6452,0,vm_06452,pm_0751,0,247,0.0877,0.0195,3,False
31,6453,0,vm_06453,pm_0074,0,70,0.3442,0.0172,2,False
31,6454,0,vm_06454,pm_0616,0,91,0.0716,0.0788,1,False
31,6455,0,vm_06455,pm_0295,0,244,0.1008,0.0115,3,False
31,6456,0,vm_06456,pm_0763,0,23,0.0344,0.0603,1,False
31,6457,0,vm_06457,pm_0444,0,44,0.1054,0.0149,3,False
31,6458,0,vm_06458,pm_0562,0,188,0.3401,0.0139,2,False
31,6459,0,vm_06459,pm_0077,0,285,0.067,0.058,1,False
31,6460,0,vm_06460,pm_0497,0,82,0.0552,0.0599,1,False
32,6461,0,vm_06461,pm_0260,0,221,0.0841,0.0627,1,False
32,6462,0,vm_06462,pm_0711,0,218,0.1391,0.0185,3,False
32,6463,0,vm_06463,pm_0300,0,217,0.0959,0.0164,3,False
32,6464,0,vm_06464,pm_0365,0,189,0.05,0.064,1,False
32,6465,0,vm_06465,pm_0528,0,66,0.1638,0.0123,3,False
32,6466,0,vm_06466,pm_0299,0,30,0.0635,0.0639,1,False
32,6467,0,vm_06467,pm_0720,0,249,0.3645,0.015,2,False
32,6468,0,vm_06468,pm_0261,0,53,0.0435,0.0572,1,False
32,6469,0,vm_06469,pm_0004,0,9,0.1713,0.0136,3,False
32,6470,0,vm_06470,pm_0032,0,165,0.1766,0.0146,3,False
32,6471,0,vm_06471,pm_0169,0,284,0.207,0.0196,3,False
32,6472,0,vm_06472,pm_0028,0,152,0.1305,0.0104,3,False
32,6473,0,vm_06473,pm_0411,0,31,0.2066,0.0117,3,False
32,6474,0,vm_06474,pm_0551,0,16,0.2009,0.0105,3,False
32,6475,0,vm_06475,pm_0045,0,300,0.1115,0.0149,3,False
32,6476,0,vm_06476,pm_0254,0,145,0.0972,0.0189,3,False
32,6477,0,vm_06477,pm_0006,0,74,0.2652,0.0158,2,False
32,6478,0,vm_06478,pm_0632,0,123,0.082,0.0643,1,False
32,6479,0,vm_06479,pm_0643,0,51,0.3857,0.0148,2,False
32,6480,0,vm_06480,pm_0307,0,189,0.0752,0.0451,1,False
32,6481,0,vm_06481,pm_0763,0,140,0.0978,0.0188,3,False
32,6482,0,vm_06482,pm_0206,0,87,0.4901,0.021,2,False
32,6483,0,vm_06483,pm_0778,0,83,0.1702,0.0108,3,False
32,6484,0,vm_06484,pm_0491,0,242,0.0499,0.0543,1,False
32,6485,0,vm_06485,pm_0307,0,105,0.0602,0.0535,1,False
32,6486,0,vm_06486,pm_0403,0,91,0.5159,0.0189,2,False
32,6487,0,vm_06487,pm_0665,0,20,0.2813,0.0127,3,False
32,6488,0,vm_06488,pm_0179,0,5,0.0832,0.0593,1,False
32,6489,0,vm_06489,pm_0408,0,220,0.4115,0.018,2,False
32,6490,0,vm_06490,pm_0211,0,86,0.1927,0.0175,3,False
32,6491,0,vm_06491,pm_0583,0,179,0.0884,0.019,3,False
32,6492,0,vm_06492,pm_0255,0,245,0.096,0.0427,1,False
32,6493,0,vm_06493,pm_0336,0,173,0.3387,0.0214,2,False
32,6494,0,vm_06494,pm_0362,0,112,0.106,0.055,1,False
32,6495,0,vm_06495,pm_0440,0,70,0.1479,0.0127,3,False
32,6496,0,vm_06496,pm_0579,0,157,0.0788,0.0544,1,False
32,6497,0,vm_06497,pm_0072,0,298,0.1185,0.0641,1,False
32,6498,0,vm_06498,pm_0705,0,236,0.0272,0.0452,1,False
32,6499,0,vm_06499,pm_0340,0,186,0.0469,0.0526,1,False
32,6500,0,vm_06500,pm_0151,0,242,0.103,0.0152,3,False
32,6501,0,vm_06501,pm_0677,0,165,0.06,0.0529,1,False
32,6502,0,vm_06502,pm_0612,0,33,0.0438,0.067,1,False
32,6503,0,vm_06503,pm_0756,0,254,0.3822,0.0174,2,False
32,6504,0,vm_06504,pm_0610,0,219,0.0691,0.0596,1,False
32,6505,0,vm_06505,pm_0387,0,31,0.0745,0.0525,1,False
32,6506,0,vm_06506,pm_0478,0,256,0.0984,0.0109,3,False
32,6507,0,vm_06507,pm_0395,0,232,0.2187,0.0126,3,False
32,6508,0,vm_06508,pm_0072,0,214,0.0796,0.0154,3,False
32,6509,0,vm_06509,pm_0782,0,241,0.118,0.0157,3,False
32,6510,0,vm_06510,pm_0087,0,244,0.1362,0.0146,3,False
32,6511,0,vm_06511,pm_0779,0,19,0.0861,0.0513,1,False
32,6512,0,vm_06512,pm_0663,0,209,0.1788,0.0067,3,False
32,6513,0,vm_06513,pm_0574,0,209,0.2382,0.0095,3,False
32,6514,0,vm_06514,pm_0070,0,71,0.179,0.0122,3,False
32,6515,0,vm_06515,pm_0206,0,161,0.3164,0.0148,2,False
32,6516,0,vm_06516,pm_0610,0,177,0.0347,0.068,1,False
32,6517,0,vm_06517,pm_0327,0,10,0.154,0.0139,3,False
32,6518,0,vm_06518,pm_0636,0,298,0.1081,0.0121,3,False
32,6519,0,vm_06519,pm_0025,0,265,0.0874,0.0152,3,False
32,6520,0,vm_06520,pm_0028,0,7,0.0679,0.076,1,False
32,6521,0,vm_06521,pm_0457,0,274,0.0683,0.0552,1,False
32,6522,0,vm_06522,pm_0307,0,192,0.0463,0.0575,1,False
32,6523,0,vm_06523,pm_0250,0,258,0.1194,0.0157,3,False
32,6524,0,vm_06524,pm_0631,0,52,0.0823,0.0717,1,False
32,6525,0,vm_06525,pm_0203,0,299,0.0947,0.0525,1,False
32,6526,0,vm_06526,pm_0299,0,95,0.1281,0.0112,3,False
32,6527,0,vm_06527,pm_0479,0,91,0.0532,0.059,1,False
32,6528,0,vm_06528,pm_0353,0,143,0.2006,0.0175,3,False
32,6529,0,vm_06529,pm_0623,0,17,0.0618,0.0593,1,False
32,6530,0,vm_06530,pm_0592,0,125,0.103,0.0164,3,False
32,6531,0,vm_06531,pm_0081,0,153,0.3117,0.0176,2,False
32,6532,0,vm_06532,pm_0285,0,5,0.1965,0.0129,3,False
32,6533,0,vm_06533,pm_0367,0,87,0.2052,0.0161,3,False
32,6534,0,vm_06534,pm_0470,0,268,0.0393,0.082,1,False
32,6535,0,vm_06535,pm_0451,0,64,0.0665,0.0607,1,False
32,6536,0,vm_06536,pm_0570,0,165,0.0499,0.0717,1,False
32,6537,0,vm_06537,pm_0139,0,63,0.0891,0.0078,3,False
32,6538,0,vm_06538,pm_0247,0,269,0.1986,0.0133,3,False
32,6539,0,vm_06539,pm_0589,0,144,0.4734,0.0183,2,False
32,6540,0,vm_06540,pm_0345,0,268,0.1118,0.0086,3,False
32,6541,0,vm_06541,pm_0111,0,5,0.0931,0.0434,1,False
32,6542,0,vm_06542,pm_0512,0,120,0.1639,0.0123,3,False
32,6543,0,vm_06543,pm_0045,0,131,0.215,0.0138,3,False
32,6544,0,vm_06544,pm_0609,0,289,0.0369,0.0549,1,False
32,6545,0,vm_06545,pm_0700,0,188,0.5386,0.0236,2,False
32,6546,0,vm_06546,pm_0368,0,208,0.0666,0.0545,1,False
32,6547,0,vm_06547,pm_0502,0,41,0.3715,0.0104,2,False
32,6548,0,vm_06548,pm_0689,0,77,0.3804,0.0141,2,False
32,6549,0,vm_06549,pm_0333,0,144,0.077,0.0525,1,False
32,6550,0,vm_06550,pm_0762,0,285,0.5331,0.0182,2,False
32,6551,0,vm_06551,pm_0650,0,170,0.0329,0.0573,1,False
32,6552,0,vm_06552,pm_0713,0,92,0.3914,0.0173,2,False
32,6553,0,vm_06553,pm_0591,0,262,0.1625,0.0177,3,False
32,6554,0,vm_06554,pm_0290,0,22,0.0638,0.0694,1,False
32,6555,0,vm_06555,pm_0723,0,291,0.1269,0.0133,3,False
32,6556,0,vm_06556,pm_0483,0,141,0.1412,0.0142,3,False
32,6557,0,vm_06557,pm_0747,0,147,0.0429,0.0771,1,False
32,6558,0,vm_06558,pm_0429,0,115,0.0839,0.0429,1,False
32,6559,0,vm_06559,pm_0242,0,80,0.1605,0.0175,3,False
32,6560,0,vm_06560,pm_0787,0,24,0.1422,0.0126,3,False
33,6561,0,vm_06561,pm_0314,0,114,0.0608,0.0524,1,False
33,6562,0,vm_06562,pm_0235,0,93,0.0741,0.0584,1,False
33,6563,0,vm_06563,pm_0289,0,184,0.0881,0.0476,1,False
33,6564,0,vm_06564,pm_0442,0,282,0.4392,0.0146,2,False
33,6565,0,vm_06565,pm_0745,0,154,0.0586,0.0515,1,False
33,6566,0,vm_06566,pm_0014,0,173,0.0718,0.0559,1,False
33,6567,0,vm_06567,pm_0098,0,172,0.1295,0.0088,3,False
33,6568,0,vm_06568,pm_0779,0,153,0.5437,0.0122,2,False
33,6569,0,vm_06569,pm_0644,0,13,0.1078,0.051,1,False
33,6570,0,vm_06570,pm_0578,0,127,0.3806,0.0122,2,False
33,6571,0,vm_06571,pm_0327,0,91,0.3267,0.0226,2,False
33,6572,0,vm_06572,pm_0709,0,270,0.0643,0.0619,1,False
33,6573,0,vm_06573,pm_0375,0,221,0.0679,0.0401,1,False
33,6574,0,vm_06574,pm_0629,0,107,0.1166,0.0149,3,False
33,6575,0,vm_06575,pm_0208,0,27,0.0461,0.0484,1,False
33,6576,0,vm_06576,pm_0652,0,196,0.1414,0.0183,3,False
33,6577,0,vm_06577,pm_0639,0,199,0.2046,0.0169,3,False
33,6578,0,vm_06578,pm_0067,0,153,0.0712,0.0601,1,False
33,6579,0,vm_06579,pm_0454,0,69,0.0542,0.0505,1,False
33,6580,0,vm_06580,pm_0472,0,159,0.3299,0.0109,2,False
33,6581,0,vm_06581,pm_0258,0,102,0.1095,0.013,3,False
33,6582,0,vm_06582,pm_0252,0,235,0.2165,0.0104,3,False
33,6583,0,vm_06583,pm_0173,0,188,0.1291,0.0148,3,False
33,6584,0,vm_06584,pm_0298,0,108,0.0698,0.065,1,False
33,6585,0,vm_06585,pm_0724,0,300,0.1353,0.0079,3,False
33,6586,0,vm_06586,pm_0724,0,254,0.3031,0.0161,2,False
33,6587,0,vm_06587,pm_0387,0,192,0.3991,0.0125,2,False
33,6588,0,vm_06588,pm_0714,0,70,0.0426,0.0751,1,False
33,6589,0,vm_06589,pm_0357,0,268,0.0667,0.0577,1,False
33,6590,0,vm_06590,pm_0369,0,208,0.1797,0.0179,3,False
33,6591,0,vm_06591,pm_0242,0,175,0.484,0.0158,2,False
33,6592,0,vm_06592,pm_0544,0,238,0.0603,0.0712,1,False
33,6593,0,vm_06593,pm_0481,0,97,0.0642,0.0643,1,False
33,6594,0,vm_06594,pm_0375,0,88,0.1021,0.0113,3,False
33,6595,0,vm_06595,pm_0124,0,251,0.1841,0.0114,3,False
33,6596,0,vm_06596,pm_0251,0,98,0.0427,0.0637,1,False
33,6597,0,vm_06597,pm_0122,0,153,0.0603,0.0557,1,False
33,6598,0,vm_06598,pm_0366,0,294,0.0592,0.032,1,False
33,6599,0,vm_06599,pm_0459,0,282,0.1402,0.0151,3,False
33,6600,0,vm_06600,pm_0769,0,295,0.226,0.0104,3,False
33,6601,0,vm_06601,pm_0638,0,30,0.3562,0.022,2,False
33,6602,0,vm_06602,pm_0661,0,130,0.1221,0.0095,3,False
33,6603,0,vm_06603,pm_0234,0,215,0.0789,0.0607,1,False
33,6604,0,vm_06604,pm_0445,0,14,0.1299,0.0138,3,False
33,6605,0,vm_06605,pm_0585,0,266,0.2874,0.0121,2,False
33,6606,0,vm_06606,pm_0510,0,285,0.0455,0.0395,1,False
33,6607,0,vm_06607,pm_0355,0,290,0.1037,0.0548,1,False
33,6608,0,vm_06608,pm_0754,0,42,0.7286,0.0179,2,False
33,6609,0,vm_06609,pm_0392,0,167,0.0936,0.0163,3,False
33,6610,0,vm_06610,pm_0303,0,254,0.0287,0.0445,1,False
33,6611,0,vm_06611,pm_0637,0,169,0.1151,0.0067,3,False
33,6612,0,vm_06612,pm_0454,0,258,0.1574,0.006,3,False
33,6613,0,vm_06613,pm_0074,0,77,0.084,0.0573,1,False
33,6614,0,vm_06614,pm_0527,0,84,0.0634,0.0633,1,False
33,6615,0,vm_06615,pm_0765,0,148,0.0513,0.0421,1,False
33,6616,0,vm_06616,pm_0364,0,200,0.106,0.0143,3,False
33,6617,0,vm_06617,pm_0412,0,76,0.0683,0.0635,1,False
33,6618,0,vm_06618,pm_0277,0,249,0.0756,0.0624,1,False
33,6619,0,vm_06619,pm_0725,0,52,0.4667,0.0182,2,False
33,6620,0,vm_06620,pm_0666,0,299,0.0732,0.0141,3,False
33,6621,0,vm_06621,pm_0631,0,292,0.0681,0.0647,1,False
33,6622,0,vm_06622,pm_0011,0,293,0.5578,0.0146,2,False
33,6623,0,vm_06623,pm_0779,0,108,0.2975,0.0138,2,False
33,6624,0,vm_06624,pm_0192,0,87,0.3262,0.0163,2,False
33,6625,0,vm_06625,pm_0245,0,165,0.1072,0.0175,3,False
33,6626,0,vm_06626,pm_0510,0,266,0.0885,0.0601,1,False
33,6627,0,vm_06627,pm_0209,0,92,0.1498,0.0132,3,False
33,6628,0,vm_06628,pm_0504,0,172,0.2009,0.0136,3,False
33,6629,0,vm_06629,pm_0511,0,63,0.3597,0.015,2,False
33,6630,0,vm_06630,pm_0161,0,125,0.1037,0.0181,3,False
33,6631,0,vm_06631,pm_0504,0,229,0.3101,0.0239,2,False
33,6632,0,vm_06632,pm_0710,0,104,0.0373,0.0494,1,False
33,6633,0,vm_06633,pm_0191,0,208,0.1065,0.0109,3,False
33,6634,0,vm_06634,pm_0215,0,61,0.4506,0.0126,2,False
33,6635,0,vm_06635,pm_0326,0,239,0.1296,0.0154,3,False
33,6636,0,vm_06636,pm_0095,0,60,0.0487,0.0637,1,False
33,6637,0,vm_06637,pm_0155,0,11,0.1374,0.0115,3,False
33,6638,0,vm_06638,pm_0364,0,136,0.1456,0.015,3,False
33,6639,0,vm_06639,pm_0321,0,194,0.1008,0.0689,1,False
33,6640,0,vm_06640,pm_0047,0,73,0.4387,0.0124,2,False
33,6641,0,vm_06641,pm_0696,0,135,0.1794,0.0109,3,False
33,6642,0,vm_06642,pm_0621,0,42,0.0955,0.0121,3,False
33,6643,0,vm_06643,pm_0199,0,38,0.2935,0.0138,2,False
33,6644,0,vm_06644,pm_0031,0,30,0.2012,0.0177,3,False
33,6645,0,vm_06645,pm_0029,0,141,0.0732,0.0582,1,False
33,6646,0,vm_06646,pm_0681,0,43,0.3478,0.0153,2,False
33,6647,0,vm_06647,pm_0730,0,187,0.0736,0.0125,3,False
33,6648,0,vm_06648,pm_0296,0,1,0.0688,0.0164,3,False
33,6649,0,vm_06649,pm_0045,0,291,0.143,0.0144,3,False
33,6650,0,vm_06650,pm_0058,0,295,0.095,0.0185,3,False
33,6651,0,vm_06651,pm_0659,0,23,0.0515,0.0806,1,False
33,6652,0,vm_06652,pm_0539,0,103,0.1569,0.012,3,False
33,6653,0,vm_06653,pm_0130,0,61,0.0512,0.0564,1,False
33,6654,0,vm_06654,pm_0123,0,152,0.0331,0.0792,1,False
33,6655,0,vm_06655,pm_0150,0,262,0.0421,0.0646,1,False
34,6656,0,vm_06656,pm_0452,0,293,0.3178,0.0153,2,False
34,6657,0,vm_06657,pm_0742,0,242,0.1053,0.0621,1,False
34,6658,0,vm_06658,pm_0159,0,120,0.049,0.0623,1,False
34,6659,0,vm_06659,pm_0206,0,172,0.0459,0.0605,1,False
34,6660,0,vm_06660,pm_0285,0,102,0.0792,0.055,1,False
34,6661,0,vm_06661,pm_0533,0,159,0.335,0.0155,2,False
34,6662,0,vm_06662,pm_0209,0,256,0.4419,0.0128,2,False
34,6663,0,vm_06663,pm_0309,0,201,0.0826,0.0487,1,False
34,6664,0,vm_06664,pm_0372,0,44,0.0932,0.0141,3,False
34,6665,0,vm_06665,pm_0478,0,63,0.0669,0.0144,3,False
34,6666,0,vm_06666,pm_0112,0,195,0.195,0.0153,3,False
34,6667,0,vm_06667,pm_0744,0,69,0.0532,0.0455,1,False
34,6668,0,vm_06668,pm_0402,0,180,0.2353,0.0102,3,False
34,6669,0,vm_06669,pm_0697,0,246,0.0812,0.0665,1,False
34,6670,0,vm_06670,pm_0514,0,157,0.0932,0.0716,1,False
34,6671,0,vm_06671,pm_0449,0,185,0.0255,0.0462,1,False
34,6672,0,vm_06672,pm_0743,0,230,0.1989,0.0152,3,False
34,6673,0,vm_06673,pm_0525,0,72,0.0597,0.0678,1,False
34,6674,0,vm_06674,pm_0366,0,54,0.0453,0.0422,1,False
34,6675,0,vm_06675,pm_0384,0,242,0.0569,0.0509,1,False
34,6676,0,vm_06676,pm_0493,0,214,0.1356,0.0115,3,False
34,6677,0,vm_06677,pm_0282,0,14,0.1068,0.0183,3,False
34,6678,0,vm_06678,pm_0240,0,146,0.071,0.054,1,False
34,6679,0,vm_06679,pm_0271,0,143,0.4324,0.0173,2,False
34,6680,0,vm_06680,pm_0373,0,24,0.554,0.0155,2,False
34,6681,0,vm_06681,pm_0685,0,98,0.1095,0.0174,3,False
34,6682,0,vm_06682,pm_0265,0,178,0.0482,0.0708,1,False
34,6683,0,vm_06683,pm_0525,0,173,0.1639,0.0114,3,False
34,6684,0,vm_06684,pm_0549,0,262,0.0618,0.0454,1,False
34,6685,0,vm_06685,pm_0607,0,289,0.1024,0.0087,3,False
34,6686,0,vm_06686,pm_0141,0,57,0.0522,0.0702,1,False
34,6687,0,vm_06687,pm_0323,0,278,0.1018,0.0475,1,False
34,6688,0,vm_06688,pm_0578,0,144,0.0534,0.0623,1,False
34,6689,0,vm_06689,pm_0067,0,121,0.302,0.0207,2,False
34,6690,0,vm_06690,pm_0577,0,26,0.0408,0.0793,1,False
34,6691,0,vm_06691,pm_0141,0,65,0.1747,0.0109,3,False
34,6692,0,vm_06692,pm_0172,0,100,0.0941,0.0499,1,False
34,6693,0,vm_06693,pm_0282,0,93,0.1005,0.0169,3,False
34,6694,0,vm_06694,pm_0551,0,66,0.15,0.0075,3,False
34,6695,0,vm_06695,pm_0154,0,249,0.3622,0.0116,2,False
34,6696,0,vm_06696,pm_0162,0,141,0.0844,0.0128,3,False
34,6697,0,vm_06697,pm_0397,0,266,0.1633,0.0123,3,False
34,6698,0,vm_06698,pm_0521,0,39,0.0595,0.0654,1,False
34,6699,0,vm_06699,pm_0378,0,214,0.0915,0.013,3,False
34,6700,0,vm_06700,pm_0754,0,130,0.0624,0.0657,1,False
34,6701,0,vm_06701,pm_0025,0,0,0.2887,0.0178,2,False
34,6702,0,vm_06702,pm_0670,0,8,0.1718,0.0159,3,False
34,6703,0,vm_06703,pm_0631,0,143,0.055,0.0679,1,False
34,6704,0,vm_06704,pm_0049,0,137,0.0552,0.051,1,False
34,6705,0,vm_06705,pm_0380,0,296,0.3933,0.016,2,False
34,6706,0,vm_06706,pm_0451,0,178,0.1239,0.0146,3,False
34,6707,0,vm_06707,pm_0414,0,277,0.1304,0.0099,3,False
34,6708,0,vm_06708,pm_0784,0,143,0.6069,0.0136,2,False
34,6709,0,vm_06709,pm_0759,0,189,0.1105,0.0192,3,False
34,6710,0,vm_06710,pm_0133,0,269,0.1399,0.0131,3,False
34,6711,0,vm_06711,pm_0180,0,186,0.0926,0.0645,1,False
34,6712,0,vm_06712,pm_0793,0,153,0.0556,0.074,1,False
34,6713,0,vm_06713,pm_0084,0,171,0.1467,0.016,3,False
34,6714,0,vm_06714,pm_0543,0,246,0.2171,0.0177,3,False
34,6715,0,vm_06715,pm_0042,0,10,0.129,0.0134,3,False
34,6716,0,vm_06716,pm_0687,0,46,0.4673,0.0174,2,False
34,6717,0,vm_06717,pm_0005,0,265,0.0603,0.0665,1,False
34,6718,0,vm_06718,pm_0491,0,110,0.2988,0.0173,2,False
34,6719,0,vm_06719,pm_0271,0,300,0.058,0.0487,1,False
34,6720,0,vm_06720,pm_0106,0,278,0.0448,0.0509,1,False
34,6721,0,vm_06721,pm_0587,0,291,0.1112,0.0175,3,False
34,6722,0,vm_06722,pm_0757,0,251,0.0526,0.0497,1,False
34,6723,0,vm_06723,pm_0533,0,75,0.2361,0.0076,3,False
34,6724,0,vm_06724,pm_0282,0,174,0.3271,0.0198,2,False
34,6725,0,vm_06725,pm_0460,0,108,0.1126,0.0092,3,False
34,6726,0,vm_06726,pm_0406,0,13,0.0801,0.0502,1,False
34,6727,0,vm_06727,pm_0634,0,180,0.0763,0.0656,1,False
34,6728,0,vm_06728,pm_0344,0,271,0.0854,0.0674,1,False
34,6729,0,vm_06729,pm_0656,0,42,0.1438,0.0129,3,False
34,6730,0,vm_06730,pm_0466,0,101,0.0814,0.0203,3,False
34,6731,0,vm_06731,pm_0267,0,112,0.2665,0.0158,2,False
34,6732,0,vm_06732,pm_0498,0,192,0.0387,0.0537,1,False
34,6733,0,vm_06733,pm_0366,0,8,0.1278,0.0132,3,False
34,6734,0,vm_06734,pm_0429,0,148,0.1064,0.0494,1,False
34,6735,0,vm_06735,pm_0746,0,223,0.0687,0.0714,1,False
34,6736,0,vm_06736,pm_0294,0,109,0.3352,0.0131,2,False
34,6737,0,vm_06737,pm_0148,0,83,0.0794,0.007,3,False
34,6738,0,vm_06738,pm_0179,0,42,0.0715,0.0744,1,False
34,6739,0,vm_06739,pm_0761,0,65,0.0601,0.0507,1,False
34,6740,0,vm_06740,pm_0604,0,108,0.101,0.0083,3,False
34,6741,0,vm_06741,pm_0736,0,101,0.0649,0.0501,1,False
34,6742,0,vm_06742,pm_0793,0,134,0.0748,0.0665,1,False
34,6743,0,vm_06743,pm_0781,0,85,0.3418,0.0112,2,False
34,6744,0,vm_06744,pm_0252,0,83,0.1963,0.0172,3,False
34,6745,0,vm_06745,pm_0325,0,226,0.3271,0.0165,2,False
34,6746,0,vm_06746,pm_0689,0,259,0.0948,0.0157,3,False
34,6747,0,vm_06747,pm_0115,0,19,0.1475,0.0111,3,False
34,6748,0,vm_06748,pm_0458,0,34,0.0897,0.0512,1,False
34,6749,0,vm_06749,pm_0689,0,242,0.1799,0.0116,3,False
34,6750,0,vm_06750,pm_0227,0,269,0.4142,0.0186,2,False
34,6751,0,vm_06751,pm_0280,0,222,0.0669,0.0617,1,False
34,6752,0,vm_06752,pm_0762,0,157,0.5804,0.0169,2,False
34,6753,0,vm_06753,pm_0031,0,284,0.0569,0.0581,1,False
34,6754,0,vm_06754,pm_0347,0,35,0.0636,0.0577,1,False
34,6755,0,vm_06755,pm_0149,0,297,0.0376,0.0659,1,False
34,6756,0,vm_06756,pm_0783,0,28,0.423,0.0205,2,False
34,6757,0,vm_06757,pm_0099,0,254,0.1978,0.0145,3,False
34,6758,0,vm_06758,pm_0678,0,141,0.7711,0.0217,2,False
34,6759,0,vm_06759,pm_0741,0,133,0.1256,0.0144,3,False
34,6760,0,vm_06760,pm_0237,0,143,0.0538,0.0385,1,False
34,6761,0,vm_06761,pm_0136,0,296,0.0412,0.0482,1,False
34,6762,0,vm_06762,pm_0144,0,244,0.0444,0.0583,1,False
34,6763,0,vm_06763,pm_0255,0,253,0.0687,0.0629,1,False
34,6764,0,vm_06764,pm_0035,0,4,0.0688,0.0679,1,False
34,6765,0,vm_06765,pm_0029,0,265,0.178,0.0076,3,False
34,6766,0,vm_06766,pm_0209,0,238,0.1478,0.0152,3,False
34,6767,0,vm_06767,pm_0339,0,249,0.1302,0.0124,3,False
34,6768,0,vm_06768,pm_0591,0,290,0.0808,0.0537,1,False
34,6769,0,vm_06769,pm_0549,0,30,0.1221,0.0174,3,False
34,6770,0,vm_06770,pm_0311,0,119,0.0494,0.0717,1,False
34,6771,0,vm_06771,pm_0326,0,78,0.061,0.0669,1,False
34,6772,0,vm_06772,pm_0149,0,8,0.0961,0.016,3,False
34,6773,0,vm_06773,pm_0419,0,43,0.0681,0.0148,3,False
34,6774,0,vm_06774,pm_0686,0,221,0.0867,0.0582,1,False
34,6775,0,vm_06775,pm_0453,0,143,0.577,0.0108,2,False
34,6776,0,vm_06776,pm_0028,0,119,0.0698,0.0659,1,False
34,6777,0,vm_06777,pm_0546,0,52,0.0924,0.0149,3,False
34,6778,0,vm_06778,pm_0416,0,64,0.3291,0.017,2,False
34,6779,0,vm_06779,pm_0693,0,175,0.0834,0.0108,3,False
35,6780,0,vm_06780,pm_0277,0,69,0.0577,0.0593,1,False
35,6781,0,vm_06781,pm_0087,0,120,0.048,0.0588,1,False
35,6782,0,vm_06782,pm_0709,0,202,0.6101,0.0109,2,False
35,6783,0,vm_06783,pm_0088,0,288,0.3725,0.009,2,False
35,6784,0,vm_06784,pm_0408,0,179,0.0426,0.0497,1,False
35,6785,0,vm_06785,pm_0461,0,80,0.1638,0.0155,3,False
35,6786,0,vm_06786,pm_0205,0,54,0.0919,0.0139,3,False
35,6787,0,vm_06787,pm_0450,0,178,0.1318,0.0122,3,False
35,6788,0,vm_06788,pm_0714,0,97,0.1362,0.0082,3,False
35,6789,0,vm_06789,pm_0659,0,109,0.141,0.0131,3,False
35,6790,0,vm_06790,pm_0513,0,152,0.4344,0.018,2,False
35,6791,0,vm_06791,pm_0132,0,124,0.1443,0.0156,3,False
35,6792,0,vm_06792,pm_0763,0,90,0.0944,0.0701,1,False
35,6793,0,vm_06793,pm_0256,0,293,0.0785,0.0599,1,False
35,6794,0,vm_06794,pm_0298,0,36,0.0742,0.047,1,False
35,6795,0,vm_06795,pm_0060,0,4,0.4323,0.0183,2,False
35,6796,0,vm_06796,pm_0583,0,149,0.0518,0.071,1,False
35,6797,0,vm_06797,pm_0443,0,171,0.11,0.014,3,False
35,6798,0,vm_06798,pm_0451,0,261,0.081,0.0555,1,False
35,6799,0,vm_06799,pm_0700,0,26,0.0932,0.072,1,False
35,6800,0,vm_06800,pm_0242,0,54,0.4928,0.0197,2,False
35,6801,0,vm_06801,pm_0539,0,248,0.0783,0.0534,1,False
35,6802,0,vm_06802,pm_0460,0,272,0.0892,0.0574,1,False
35,6803,0,vm_06803,pm_0562,0,258,0.0475,0.0477,1,False
35,6804,0,vm_06804,pm_0268,0,265,0.5235,0.0133,2,False
35,6805,0,vm_06805,pm_0403,0,190,0.521,0.0116,2,False
35,6806,0,vm_06806,pm_0333,0,62,0.1458,0.012,3,False
35,6807,0,vm_06807,pm_0569,0,103,0.1627,0.0066,3,False
35,6808,0,vm_06808,pm_0461,0,287,0.527,0.0163,2,False
35,6809,0,vm_06809,pm_0395,0,258,0.0441,0.0572,1,False
35,6810,0,vm_06810,pm_0441,0,160,0.0405,0.062,1,False
35,6811,0,vm_06811,pm_0211,0,170,0.188,0.013,3,False
35,6812,0,vm_06812,pm_0347,0,108,0.0473,0.0644,1,False
35,6813,0,vm_06813,pm_0209,0,139,0.0401,0.0408,1,False
35,6814,0,vm_06814,pm_0655,0,92,0.0871,0.0118,3,False
35,6815,0,vm_06815,pm_0152,0,102,0.4663,0.0177,2,False
35,6816,0,vm_06816,pm_0792,0,225,0.0739,0.0669,1,False
35,6817,0,vm_06817,pm_0396,0,159,0.0669,0.0641,1,False
35,6818,0,vm_06818,pm_0422,0,194,0.1917,0.017,3,False
35,6819,0,vm_06819,pm_0485,0,144,0.1224,0.0105,3,False
35,6820,0,vm_06820,pm_0072,0,241,0.1619,0.0147,3,False
35,6821,0,vm_06821,pm_0299,0,131,0.37,0.016,2,False
35,6822,0,vm_06822,pm_0129,0,92,0.5254,0.0114,2,False
35,6823,0,vm_06823,pm_0153,0,272,0.1056,0.0083,3,False
35,6824,0,vm_06824,pm_0422,0,191,0.1401,0.0177,3,False
35,6825,0,vm_06825,pm_0623,0,21,0.0627,0.0588,1,False
35,6826,0,vm_06826,pm_0468,0,193,0.1028,0.0137,3,False
35,6827,0,vm_06827,pm_0397,0,169,0.1074,0.0663,1,False
35,6828,0,vm_06828,pm_0333,0,10,0.0524,0.061,1,False
35,6829,0,vm_06829,pm_0790,0,180,0.149,0.011,3,False
35,6830,0,vm_06830,pm_0290,0,231,0.3626,0.009,2,False
35,6831,0,vm_06831,pm_0264,0,28,0.2279,0.0127,3,False
35,6832,0,vm_06832,pm_0554,0,19,0.0395,0.0519,1,False
35,6833,0,vm_06833,pm_0105,0,4,0.3406,0.011,2,False
35,6834,0,vm_06834,pm_0263,0,33,0.1729,0.0114,3,False
35,6835,0,vm_06835,pm_0053,0,139,0.0997,0.0193,3,False
35,6836,0,vm_06836,pm_0707,0,27,0.0532,0.0735,1,False
35,6837,0,vm_06837,pm_0383,0,97,0.0852,0.0511,1,False
35,6838,0,vm_06838,pm_0335,0,261,0.1537,0.0131,3,False
35,6839,0,vm_06839,pm_0058,0,245,0.1023,0.0421,1,False
35,6840,0,vm_06840,pm_0795,0,18,0.129,0.0172,3,False
35,6841,0,vm_06841,pm_0764,0,11,0.1195,0.007,3,False
35,6842,0,vm_06842,pm_0237,0,24,0.0558,0.0589,1,False
35,6843,0,vm_06843,pm_0789,0,12,0.0383,0.0514,1,False
35,6844,0,vm_06844,pm_0282,0,75,0.0802,0.0718,1,False
35,6845,0,vm_06845,pm_0096,0,258,0.1135,0.0123,3,False
35,6846,0,vm_06846,pm_0349,0,23,0.1282,0.0558,1,False
35,6847,0,vm_06847,pm_0064,0,7,0.499,0.0139,2,False
35,6848,0,vm_06848,pm_0602,0,227,0.3277,0.0197,2,False
35,6849,0,vm_06849,pm_0550,0,122,0.164,0.0127,3,False
35,6850,0,vm_06850,pm_0380,0,89,0.0941,0.0634,1,False
35,6851,0,vm_06851,pm_0045,0,300,0.0672,0.0716,1,False
35,6852,0,vm_06852,pm_0526,0,223,0.1449,0.0107,3,False
35,6853,0,vm_06853,pm_0128,0,223,0.1039,0.0107,3,False
35,6854,0,vm_06854,pm_0198,0,256,0.1338,0.0196,3,False
35,6855,0,vm_06855,pm_0235,0,2,0.0738,0.0674,1,False
35,6856,0,vm_06856,pm_0264,0,270,0.0818,0.0573,1,False
35,6857,0,vm_06857,pm_0599,0,147,0.1796,0.0146,3,False
35,6858,0,vm_06858,pm_0026,0,188,0.065,0.0591,1,False
35,6859,0,vm_06859,pm_0757,0,186,0.1378,0.0171,3,False
35,6860,0,vm_06860,pm_0330,0,187,0.1288,0.0144,3,False
35,6861,0,vm_06861,pm_0649,0,123,0.0549,0.072,1,False
35,6862,0,vm_06862,pm_0797,0,36,0.214,0.0167,3,False
35,6863,0,vm_06863,pm_0728,0,148,0.118,0.0182,3,False
35,6864,0,vm_06864,pm_0451,0,105,0.0598,0.0679,1,False
35,6865,0,vm_06865,pm_0034,0,102,0.5427,0.0129,2,False
35,6866,0,vm_06866,pm_0472,0,231,0.0293,0.0667,1,False
35,6867,0,vm_06867,pm_0342,0,145,0.0503,0.0492,1,False
35,6868,0,vm_06868,pm_0441,0,16,0.0664,0.0611,1,False
35,6869,0,vm_06869,pm_0023,0,158,0.3303,0.0139,2,False
35,6870,0,vm_06870,pm_0368,0,281,0.1139,0.0087,3,False
35,6871,0,vm_06871,pm_0622,0,277,0.4323,0.0126,2,False
35,6872,0,vm_06872,pm_0585,0,124,0.0744,0.0649,1,False
35,6873,0,vm_06873,pm_0168,0,172,0.1319,0.0108,3,False
35,6874,0,vm_06874,pm_0063,0,162,0.06,0.0636,1,False
35,6875,0,vm_06875,pm_0617,0,202,0.1988,0.0084,3,False
35,6876,0,vm_06876,pm_0257,0,154,0.3217,0.0117,2,False
35,6877,0,vm_06877,pm_0657,0,260,0.0827,0.0653,1,False
35,6878,0,vm_06878,pm_0244,0,185,0.0969,0.0638,1,False
35,6879,0,vm_06879,pm_0243,0,56,0.1241,0.0155,3,False
35,6880,0,vm_06880,pm_0096,0,216,0.0641,0.0798,1,False
35,6881,0,vm_06881,pm_0739,0,207,0.1479,0.0166,3,False
35,6882,0,vm_06882,pm_0698,0,201,0.0453,0.0584,1,False
36,6883,0,vm_06883,pm_0430,0,73,0.0706,0.0602,1,False
36,6884,0,vm_06884,pm_0443,0,84,0.3062,0.0161,2,False
36,6885,0,vm_06885,pm_0726,0,119,0.1311,0.0128,3,False
36,6886,0,vm_06886,pm_0342,0,13,0.1265,0.0192,3,False
36,6887,0,vm_06887,pm_0528,0,128,0.0729,0.0752,1,False
36,6888,0,vm_06888,pm_0161,0,281,0.0645,0.0587,1,False
36,6889,0,vm_06889,pm_0480,0,48,0.0958,0.0627,1,False
36,6890,0,vm_06890,pm_0665,0,241,0.4209,0.0185,2,False
36,6891,0,vm_06891,pm_0068,0,52,0.4443,0.0193,2,False
36,6892,0,vm_06892,pm_0030,0,264,0.1433,0.0131,3,False
36,6893,0,vm_06893,pm_0777,0,68,0.1193,0.0161,3,False
36,6894,0,vm_06894,pm_0335,0,39,0.055,0.0684,1,False
36,6895,0,vm_06895,pm_0725,0,183,0.5028,0.009,2,False
36,6896,0,vm_06896,pm_0350,0,132,0.1298,0.0102,3,False
36,6897,0,vm_06897,pm_0783,0,55,0.0964,0.018,3,False
36,6898,0,vm_06898,pm_0277,0,254,0.0837,0.0739,1,False
36,6899,0,vm_06899,pm_0242,0,4,0.0816,0.0528,1,False
36,6900,0,vm_06900,pm_0348,0,68,0.392,0.0211,2,False
36,6901,0,vm_06901,pm_0493,0,51,0.0457,0.0703,1,False
36,6902,0,vm_06902,pm_0026,0,97,0.0771,0.048,1,False
36,6903,0,vm_06903,pm_0133,0,160,0.0572,0.0494,1,False
36,6904,0,vm_06904,pm_0053,0,270,0.2143,0.009,3,False
36,6905,0,vm_06905,pm_0294,0,64,0.0582,0.0589,1,False
36,6906,0,vm_06906,pm_0756,0,242,0.0465,0.0601,1,False
36,6907,0,vm_06907,pm_0169,0,261,0.0429,0.0631,1,False
36,6908,0,vm_06908,pm_0665,0,211,0.143,0.0119,3,False
36,6909,0,vm_06909,pm_0718,0,153,0.1519,0.0108,3,False
36,6910,0,vm_06910,pm_0160,0,233,0.3412,0.0197,2,False
36,6911,0,vm_06911,pm_0448,0,139,0.4067,0.014,2,False
36,6912,0,vm_06912,pm_0022,0,114,0.1808,0.0148,3,False
36,6913,0,vm_06913,pm_0324,0,129,0.089,0.0636,1,False
36,6914,0,vm_06914,pm_0366,0,177,0.0594,0.0654,1,False
36,6915,0,vm_06915,pm_0031,0,94,0.0342,0.0553,1,False
36,6916,0,vm_06916,pm_0377,0,100,0.0878,0.054,1,False
36,6917,0,vm_06917,pm_0756,0,195,0.0728,0.0395,1,False
36,6918,0,vm_06918,pm_0746,0,289,0.1558,0.0121,3,False
36,6919,0,vm_06919,pm_0390,0,207,0.2091,0.0156,3,False
36,6920,0,vm_06920,pm_0497,0,94,0.358,0.0193,2,False
36,6921,0,vm_06921,pm_0483,0,102,0.054,0.0094,3,False
36,6922,0,vm_06922,pm_0274,0,7,0.0415,0.0649,1,False
36,6923,0,vm_06923,pm_0047,0,135,0.0887,0.0674,1,False
36,6924,0,vm_06924,pm_0779,0,97,0.4747,0.0171,2,False
36,6925,0,vm_06925,pm_0057,0,260,0.1072,0.0136,3,False
36,6926,0,vm_06926,pm_0759,0,146,0.0843,0.0707,1,False
36,6927,0,vm_06927,pm_0390,0,184,0.0634,0.0521,1,False
36,6928,0,vm_06928,pm_0245,0,231,0.1233,0.0148,3,False
36,6929,0,vm_06929,pm_0413,0,100,0.2367,0.0164,3,False
36,6930,0,vm_06930,pm_0527,0,146,0.2144,0.0153,3,False
36,6931,0,vm_06931,pm_0675,0,204,0.0261,0.0503,1,False
36,6932,0,vm_06932,pm_0006,0,45,0.0928,0.0597,1,False
36,6933,0,vm_06933,pm_0269,0,103,0.6296,0.0135,2,False
36,6934,0,vm_06934,pm_0343,0,221,0.1158,0.0708,1,False
36,6935,0,vm_06935,pm_0479,0,117,0.0812,0.0131,3,False
36,6936,0,vm_06936,pm_0423,0,4,0.5725,0.0113,2,False
36,6937,0,vm_06937,pm_0638,0,210,0.091,0.0532,1,False
36,6938,0,vm_06938,pm_0270,0,54,0.2057,0.0096,3,False
36,6939,0,vm_06939,pm_0680,0,18,0.3448,0.0193,2,False
36,6940,0,vm_06940,pm_0371,0,87,0.0745,0.0543,1,False
36,6941,0,vm_06941,pm_0189,0,246,0.0742,0.0116,3,False
36,6942,0,vm_06942,pm_0344,0,116,0.1474,0.0172,3,False
36,6943,0,vm_06943,pm_0159,0,169,0.1823,0.0119,3,False
36,6944,0,vm_06944,pm_0571,0,149,0.064,0.0679,1,False
36,6945,0,vm_06945,pm_0293,0,294,0.3496,0.0155,2,False
36,6946,0,vm_06946,pm_0243,0,207,0.2544,0.0095,3,False
36,6947,0,vm_06947,pm_0573,0,282,0.0966,0.0569,1,False
36,6948,0,vm_06948,pm_0136,0,173,0.0794,0.0646,1,False
36,6949,0,vm_06949,pm_0044,0,126,0.0875,0.0109,3,False
36,6950,0,vm_06950,pm_0532,0,155,0.0582,0.0645,1,False
36,6951,0,vm_06951,pm_0700,0,179,0.1947,0.0186,3,False
36,6952,0,vm_06952,pm_0625,0,86,0.5132,0.0222,2,False
36,6953,0,vm_06953,pm_0022,0,266,0.6172,0.0151,2,False
36,6954,0,vm_06954,pm_0112,0,81,0.0689,0.0427,1,False
36,6955,0,vm_06955,pm_0743,0,63,0.1731,0.0125,3,False
36,6956,0,vm_06956,pm_0643,0,118,0.0334,0.0542,1,False
36,6957,0,vm_06957,pm_0735,0,162,0.3886,0.0149,2,False
36,6958,0,vm_06958,pm_0647,0,292,0.2064,0.0175,3,False
36,6959,0,vm_06959,pm_0668,0,177,0.1051,0.0125,3,False
36,6960,0,vm_06960,pm_0398,0,29,0.1192,0.0134,3,False
36,6961,0,vm_06961,pm_0773,0,160,0.3743,0.0229,2,False
36,6962,0,vm_06962,pm_0154,0,2,0.0666,0.0706,1,False
36,6963,0,vm_06963,pm_0296,0,23,0.1974,0.02,3,False
36,6964,0,vm_06964,pm_0486,0,58,0.1032,0.0155,3,False
36,6965,0,vm_06965,pm_0156,0,236,0.054,0.0422,1,False
36,6966,0,vm_06966,pm_0357,0,239,0.0218,0.0785,1,False
36,6967,0,vm_06967,pm_0242,0,159,0.0849,0.0198,3,False
36,6968,0,vm_06968,pm_0261,0,59,0.0783,0.0603,1,False
36,6969,0,vm_06969,pm_0402,0,239,0.0991,0.0152,3,False
36,6970,0,vm_06970,pm_0419,0,58,0.3962,0.0123,2,False
36,6971,0,vm_06971,pm_0183,0,52,0.0701,0.0577,1,False
36,6972,0,vm_06972,pm_0667,0,63,0.0675,0.0169,3,False
36,6973,0,vm_06973,pm_0049,0,120,0.055,0.0572,1,False
37,6974,0,vm_06974,pm_0328,0,118,0.3346,0.0131,2,False
37,6975,0,vm_06975,pm_0633,0,285,0.3231,0.0151,2,False
37,6976,0,vm_06976,pm_0395,0,17,0.481,0.0158,2,False
37,6977,0,vm_06977,pm_0406,0,4,0.096,0.008,3,False
37,6978,0,vm_06978,pm_0503,0,159,0.158,0.0169,3,False
37,6979,0,vm_06979,pm_0286,0,141,0.0624,0.0152,3,False
37,6980,0,vm_06980,pm_0650,0,17,0.0724,0.0695,1,False
37,6981,0,vm_06981,pm_0610,0,67,0.0571,0.0579,1,False
37,6982,0,vm_06982,pm_0620,0,113,0.3985,0.0176,2,False
37,6983,0,vm_06983,pm_0636,0,21,0.1579,0.0176,3,False
37,6984,0,vm_06984,pm_0338,0,19,0.2659,0.0132,3,False
37,6985,0,vm_06985,pm_0599,0,262,0.1346,0.0129,3,False
37,6986,0,vm_06986,pm_0177,0,97,0.082,0.0512,1,False
37,6987,0,vm_06987,pm_0295,0,104,0.4047,0.0099,2,False
37,6988,0,vm_06988,pm_0723,0,285,0.3922,0.0125,2,False
37,6989,0,vm_06989,pm_0457,0,4,0.0832,0.0755,1,False
37,6990,0,vm_06990,pm_0532,0,128,0.0875,0.0589,1,False
37,6991,0,vm_06991,pm_0512,0,158,0.0984,0.0123,3,False
37,6992,0,vm_06992,pm_0248,0,250,0.0331,0.0484,1,False
37,6993,0,vm_06993,pm_0442,0,275,0.0768,0.0569,1,False
37,6994,0,vm_06994,pm_0280,0,82,0.0785,0.0745,1,False
37,6995,0,vm_06995,pm_0369,0,117,0.1028,0.012,3,False
37,6996,0,vm_06996,pm_0389,0,28,0.5703,0.0131,2,False
37,6997,0,vm_06997,pm_0677,0,137,0.1721,0.0077,3,False
37,6998,0,vm_06998,pm_0703,0,156,0.137,0.0149,3,False
37,6999,0,vm_06999,pm_0556,0,30,0.0572,0.0522,1,False
37,7000,0,vm_07000,pm_0342,0,285,0.1578,0.0109,3,False
37,7001,0,vm_07001,pm_0325,0,152,0.034,0.0628,1,False
37,7002,0,vm_07002,pm_0512,0,57,0.0329,0.0376,1,False
37,7003,0,vm_07003,pm_0409,0,86,0.196,0.0165,3,False
37,7004,0,vm_07004,pm_0484,0,122,0.1562,0.0109,3,False
37,7005,0,vm_07005,pm_0424,0,190,0.0347,0.0555,1,False
37,7006,0,vm_07006,pm_0425,0,292,0.0771,0.0663,1,False
37,7007,0,vm_07007,pm_0045,0,27,0.4346,0.0165,2,False
37,7008,0,vm_07008,pm_0615,0,154,0.0567,0.0741,1,False
37,7009,0,vm_07009,pm_0241,0,229,0.0855,0.0642,1,False
37,7010,0,vm_07010,pm_0012,0,36,0.0841,0.0559,1,False
37,7011,0,vm_07011,pm_0230,0,5,0.057,0.0695,1,False
37,7012,0,vm_07012,pm_0081,0,224,0.1941,0.0181,3,False
37,7013,0,vm_07013,pm_0022,0,32,0.0543,0.0574,1,False
37,7014,0,vm_07014,pm_0775,0,88,0.0582,0.07,1,False
37,7015,0,vm_07015,pm_0353,0,39,0.4172,0.0161,2,False
37,7016,0,vm_07016,pm_0733,0,168,0.1047,0.0098,3,False
37,7017,0,vm_07017,pm_0454,0,297,0.0775,0.0407,1,False
37,7018,0,vm_07018,pm_0236,0,17,0.0704,0.0667,1,False
37,7019,0,vm_07019,pm_0477,0,14,0.0519,0.0565,1,False
37,7020,0,vm_07020,pm_0006,0,131,0.1622,0.0197,3,False
37,7021,0,vm_07021,pm_0767,0,289,0.7353,0.0185,2,False
37,7022,0,vm_07022,pm_0023,0,293,0.1969,0.0107,3,False
37,7023,0,vm_07023,pm_0689,0,208,0.1266,0.0184,3,False
37,7024,0,vm_07024,pm_0787,0,278,0.0909,0.0064,3,False
37,7025,0,vm_07025,pm_0266,0,275,0.0907,0.0169,3,False
37,7026,0,vm_07026,pm_0615,0,276,0.4914,0.0176,2,False
37,7027,0,vm_07027,pm_0171,0,75,0.0509,0.0654,1,False
37,7028,0,vm_07028,pm_0733,0,297,0.0909,0.0159,3,False
37,7029,0,vm_07029,pm_0643,0,111,0.0556,0.0542,1,False
37,7030,0,vm_07030,pm_0441,0,265,0.0528,0.0664,1,False
37,7031,0,vm_07031,pm_0139,0,71,0.1201,0.0171,3,False
37,7032,0,vm_07032,pm_0647,0,20,0.0868,0.0528,1,False
37,7033,0,vm_07033,pm_0244,0,187,0.1114,0.0129,3,False
37,7034,0,vm_07034,pm_0660,0,120,0.2305,0.0172,3,False
37,7035,0,vm_07035,pm_0591,0,140,0.5297,0.0153,2,False
37,7036,0,vm_07036,pm_0476,0,203,0.1466,0.0117,3,False
37,7037,0,vm_07037,pm_0714,0,208,0.0502,0.0521,1,False
37,7038,0,vm_07038,pm_0305,0,8,0.3354,0.0159,2,False
37,7039,0,vm_07039,pm_0790,0,184,0.2474,0.018,2,False
37,7040,0,vm_07040,pm_0231,0,295,0.1871,0.0121,3,False
37,7041,0,vm_07041,pm_0029,0,200,0.1862,0.0216,3,False
37,7042,0,vm_07042,pm_0702,0,63,0.0853,0.0792,1,False
37,7043,0,vm_07043,pm_0436,0,24,0.1549,0.0133,3,False
37,7044,0,vm_07044,pm_0489,0,155,0.0312,0.0574,1,False
37,7045,0,vm_07045,pm_0370,0,220,0.0973,0.0171,3,False
37,7046,0,vm_07046,pm_0291,0,291,0.0748,0.0603,1,False
37,7047,0,vm_07047,pm_0279,0,138,0.1798,0.0125,3,False
37,7048,0,vm_07048,pm_0015,0,20,0.0593,0.0646,1,False
37,7049,0,vm_07049,pm_0417,0,153,0.08,0.0634,1,False
37,7050,0,vm_07050,pm_0174,0,67,0.3529,0.0207,2,False
37,7051,0,vm_07051,pm_0298,0,40,0.0861,0.0168,3,False
37,7052,0,vm_07052,pm_0462,0,14,0.5005,0.0132,2,False
37,7053,0,vm_07053,pm_0651,0,278,0.174,0.0121,3,False
37,7054,0,vm_07054,pm_0482,0,168,0.473,0.0252,2,False
37,7055,0,vm_07055,pm_0461,0,133,0.4206,0.0192,2,False
37,7056,0,vm_07056,pm_0291,0,198,0.0609,0.0393,1,False
37,7057,0,vm_07057,pm_0227,0,237,0.1066,0.0173,3,False
37,7058,0,vm_07058,pm_0022,0,111,0.0496,0.0637,1,False
37,7059,0,vm_07059,pm_0381,0,51,0.2137,0.0142,3,False
37,7060,0,vm_07060,pm_0127,0,136,0.1656,0.0178,3,False
37,7061,0,vm_07061,pm_0751,0,254,0.0736,0.0098,3,False
37,7062,0,vm_07062,pm_0570,0,114,0.4353,0.0158,2,False
37,7063,0,vm_07063,pm_0356,0,157,0.1821,0.0124,3,False
37,7064,0,vm_07064,pm_0628,0,299,0.1125,0.0142,3,False
37,7065,0,vm_07065,pm_0008,0,263,0.0729,0.0539,1,False
37,7066,0,vm_07066,pm_0258,0,98,0.1031,0.0217,3,False
37,7067,0,vm_07067,pm_0180,0,120,0.0504,0.0456,1,False
37,7068,0,vm_07068,pm_0780,0,89,0.5048,0.009,2,False
37,7069,0,vm_07069,pm_0412,0,29,0.0705,0.0453,1,False
37,7070,0,vm_07070,pm_0632,0,229,0.0426,0.071,1,False
37,7071,0,vm_07071,pm_0443,0,138,0.0547,0.0653,1,False
37,7072,0,vm_07072,pm_0507,0,253,0.4064,0.0102,2,False
37,7073,0,vm_07073,pm_0625,0,30,0.1199,0.0144,3,False
37,7074,0,vm_07074,pm_0684,0,161,0.0478,0.061,1,False
37,7075,0,vm_07075,pm_0744,0,155,0.437,0.0095,2,False
37,7076,0,vm_07076,pm_0606,0,116,0.063,0.0342,1,False
38,7077,0,vm_07077,pm_0174,0,190,0.6055,0.0152,2,False
38,7078,0,vm_07078,pm_0071,0,175,0.1142,0.0165,3,False
38,7079,0,vm_07079,pm_0363,0,4,0.4004,0.0175,2,False
38,7080,0,vm_07080,pm_0299,0,11,0.2188,0.0104,3,False
38,7081,0,vm_07081,pm_0156,0,58,0.0396,0.0466,1,False
38,7082,0,vm_07082,pm_0697,0,298,0.1549,0.0131,3,False
38,7083,0,vm_07083,pm_0535,0,249,0.576,0.009,2,False
38,7084,0,vm_07084,pm_0195,0,92,0.6347,0.0157,2,False
38,7085,0,vm_07085,pm_0309,0,110,0.2002,0.014,3,False
38,7086,0,vm_07086,pm_0618,0,294,0.0543,0.0425,1,False
38,7087,0,vm_07087,pm_0646,0,16,0.2326,0.0135,3,False
38,7088,0,vm_07088,pm_0586,0,219,0.0928,0.0117,3,False
38,7089,0,vm_07089,pm_0039,0,298,0.0237,0.064,1,False
38,7090,0,vm_07090,pm_0411,0,4,0.0317,0.0606,1,False
38,7091,0,vm_07091,pm_0632,0,128,0.0884,0.0752,1,False
38,7092,0,vm_07092,pm_0221,0,111,0.111,0.0131,3,False
38,7093,0,vm_07093,pm_0482,0,23,0.0972,0.0184,3,False
38,7094,0,vm_07094,pm_0342,0,28,0.0683,0.0531,1,False
38,7095,0,vm_07095,pm_0668,0,131,0.058,0.0464,1,False
38,7096,0,vm_07096,pm_0653,0,43,0.1627,0.0096,3,False
38,7097,0,vm_07097,pm_0373,0,206,0.1357,0.0178,3,False
38,7098,0,vm_07098,pm_0614,0,215,0.0711,0.0705,1,False
38,7099,0,vm_07099,pm_0163,0,243,0.0686,0.0552,1,False
38,7100,0,vm_07100,pm_0544,0,30,0.1742,0.0178,3,False
38,7101,0,vm_07101,pm_0265,0,265,0.0675,0.0598,1,False
38,7102,0,vm_07102,pm_0163,0,10,0.063,0.0576,1,False
38,7103,0,vm_07103,pm_0409,0,81,0.0834,0.0198,3,False
38,7104,0,vm_07104,pm_0116,0,155,0.1187,0.0161,3,False
38,7105,0,vm_07105,pm_0137,0,165,0.0495,0.0542,1,False
38,7106,0,vm_07106,pm_0395,0,207,0.0605,0.0555,1,False
38,7107,0,vm_07107,pm_0218,0,23,0.0427,0.0686,1,False
38,7108,0,vm_07108,pm_0587,0,294,0.0532,0.0407,1,False
38,7109,0,vm_07109,pm_0607,0,178,0.1544,0.0135,3,False
38,7110,0,vm_07110,pm_0663,0,49,0.3745,0.0189,2,False
38,7111,0,vm_07111,pm_0023,0,6,0.1627,0.0102,3,False
38,7112,0,vm_07112,pm_0184,0,99,0.099,0.0142,3,False
38,7113,0,vm_07113,pm_0398,0,80,0.5491,0.0156,2,False
38,7114,0,vm_07114,pm_0131,0,240,0.0496,0.0621,1,False
38,7115,0,vm_07115,pm_0428,0,180,0.3933,0.0156,2,False
38,7116,0,vm_07116,pm_0286,0,292,0.1048,0.0085,3,False
38,7117,0,vm_07117,pm_0206,0,82,0.2003,0.0129,3,False
38,7118,0,vm_07118,pm_0736,0,53,0.0762,0.0721,1,False
38,7119,0,vm_07119,pm_0484,0,89,0.0531,0.0177,3,False
38,7120,0,vm_07120,pm_0566,0,202,0.4393,0.02,2,False
38,7121,0,vm_07121,pm_0699,0,30,0.2212,0.0143,3,False
38,7122,0,vm_07122,pm_0379,0,192,0.0783,0.0478,1,False
38,7123,0,vm_07123,pm_0117,0,99,0.4108,0.0136,2,False
38,7124,0,vm_07124,pm_0504,0,88,0.0903,0.0189,3,False
38,7125,0,vm_07125,pm_0502,0,122,0.431,0.0105,2,False
38,7126,0,vm_07126,pm_0745,0,46,0.7374,0.0099,2,False
38,7127,0,vm_07127,pm_0105,0,145,0.0973,0.0803,1,False
38,7128,0,vm_07128,pm_0424,0,2,0.0637,0.0597,1,False
38,7129,0,vm_07129,pm_0313,0,17,0.0523,0.0536,1,False
38,7130,0,vm_07130,pm_0255,0,80,0.1257,0.0152,3,False
38,7131,0,vm_07131,pm_0622,0,152,0.0652,0.0641,1,False
38,7132,0,vm_07132,pm_0301,0,298,0.4991,0.0106,2,False
38,7133,0,vm_07133,pm_0331,0,66,0.0987,0.0186,3,False
38,7134,0,vm_07134,pm_0022,0,88,0.0736,0.0512,1,False
38,7135,0,vm_07135,pm_0686,0,134,0.4358,0.0151,2,False
38,7136,0,vm_07136,pm_0066,0,201,0.0972,0.0177,3,False
38,7137,0,vm_07137,pm_0682,0,178,0.1898,0.0104,3,False
38,7138,0,vm_07138,pm_0784,0,78,0.0962,0.014,3,False
38,7139,0,vm_07139,pm_0578,0,84,0.1103,0.0179,3,False
38,7140,0,vm_07140,pm_0538,0,20,0.0838,0.0699,1,False
38,7141,0,vm_07141,pm_0633,0,164,0.1047,0.0112,3,False
38,7142,0,vm_07142,pm_0152,0,27,0.0852,0.0781,1,False
38,7143,0,vm_07143,pm_0409,0,236,0.0883,0.0197,3,False
38,7144,0,vm_07144,pm_0401,0,287,0.0499,0.0545,1,False
38,7145,0,vm_07145,pm_0188,0,184,0.1677,0.0124,3,False
38,7146,0,vm_07146,pm_0044,0,154,0.1177,0.0178,3,False
38,7147,0,vm_07147,pm_0196,0,122,0.1426,0.0157,3,False
38,7148,0,vm_07148,pm_0705,0,86,0.0375,0.0525,1,False
38,7149,0,vm_07149,pm_0359,0,201,0.4931,0.0132,2,False
38,7150,0,vm_07150,pm_0443,0,39,0.1626,0.0112,3,False
38,7151,0,vm_07151,pm_0598,0,168,0.0837,0.0136,3,False
38,7152,0,vm_07152,pm_0302,0,69,0.0722,0.0619,1,False
38,7153,0,vm_07153,pm_0735,0,279,0.1326,0.0149,3,False
38,7154,0,vm_07154,pm_0153,0,26,0.0904,0.0128,3,False
38,7155,0,vm_07155,pm_0269,0,130,0.0792,0.0579,1,False
38,7156,0,vm_07156,pm_0769,0,276,0.1184,0.0194,3,False
38,7157,0,vm_07157,pm_0512,0,294,0.4275,0.0113,2,False
38,7158,0,vm_07158,pm_0270,0,287,0.5821,0.0261,2,False
38,7159,0,vm_07159,pm_0407,0,253,0.0809,0.0416,1,False
38,7160,0,vm_07160,pm_0362,0,84,0.278,0.0159,2,False
38,7161,0,vm_07161,pm_0073,0,8,0.0835,0.0177,3,False
38,7162,0,vm_07162,pm_0184,0,49,0.3419,0.0113,2,False
38,7163,0,vm_07163,pm_0228,0,0,0.0556,0.0132,3,False
38,7164,0,vm_07164,pm_0438,0,3,0.1837,0.0133,3,False
38,7165,0,vm_07165,pm_0083,0,3,0.1712,0.011,3,False
38,7166,0,vm_07166,pm_0429,0,89,0.0633,0.0888,1,False
38,7167,0,vm_07167,pm_0306,0,161,0.1545,0.0128,3,False
38,7168,0,vm_07168,pm_0607,0,154,0.3638,0.0188,2,False
38,7169,0,vm_07169,pm_0116,0,14,0.057,0.0557,1,False
38,7170,0,vm_07170,pm_0546,0,31,0.0393,0.0482,1,False
38,7171,0,vm_07171,pm_0290,0,62,0.5176,0.0189,2,False
38,7172,0,vm_07172,pm_0098,0,107,0.1279,0.0149,3,False
38,7173,0,vm_07173,pm_0156,0,13,0.059,0.0626,1,False
38,7174,0,vm_07174,pm_0629,0,22,0.1281,0.0183,3,False
38,7175,0,vm_07175,pm_0227,0,110,0.0712,0.0567,1,False
38,7176,0,vm_07176,pm_0713,0,159,0.3044,0.0173,2,False
38,7177,0,vm_07177,pm_0471,0,40,0.2727,0.0147,3,False
38,7178,0,vm_07178,pm_0415,0,281,0.1731,0.0129,3,False
39,7179,0,vm_07179,pm_0147,0,143,0.0505,0.0416,1,False
39,7180,0,vm_07180,pm_0590,0,287,0.617,0.0105,2,False
39,7181,0,vm_07181,pm_0062,0,152,0.0463,0.0564,1,False
39,7182,0,vm_07182,pm_0215,0,81,0.655,0.0185,2,False
39,7183,0,vm_07183,pm_0203,0,225,0.1417,0.0171,3,False
39,7184,0,vm_07184,pm_0163,0,151,0.1397,0.014,3,False
39,7185,0,vm_07185,pm_0590,0,258,0.0702,0.071,1,False
39,7186,0,vm_07186,pm_0249,0,78,0.1547,0.0101,3,False
39,7187,0,vm_07187,pm_0423,0,194,0.1497,0.0129,3,False
39,7188,0,vm_07188,pm_0111,0,222,0.1191,0.0557,1,False
39,7189,0,vm_07189,pm_0157,0,265,0.4795,0.0153,2,False
39,7190,0,vm_07190,pm_0623,0,229,0.1217,0.015,3,False
39,7191,0,vm_07191,pm_0492,0,149,0.5655,0.0155,2,False
39,7192,0,vm_07192,pm_0668,0,135,0.7207,0.0168,2,False
39,7193,0,vm_07193,pm_0435,0,122,0.559,0.0103,2,False
39,7194,0,vm_07194,pm_0442,0,109,0.0777,0.0544,1,False
39,7195,0,vm_07195,pm_0563,0,142,0.1304,0.0118,3,False
39,7196,0,vm_07196,pm_0659,0,69,0.5745,0.0179,2,False
39,7197,0,vm_07197,pm_0689,0,53,0.0855,0.0719,1,False
39,7198,0,vm_07198,pm_0745,0,39,0.0971,0.0083,3,False
39,7199,0,vm_07199,pm_0656,0,196,0.1841,0.016,3,False
39,7200,0,vm_07200,pm_0773,0,26,0.1136,0.0118,3,False
39,7201,0,vm_07201,pm_0142,0,298,0.0998,0.0618,1,False
39,7202,0,vm_07202,pm_0091,0,179,0.0684,0.0632,1,False
39,7203,0,vm_07203,pm_0615,0,45,0.416,0.0118,2,False
39,7204,0,vm_07204,pm_0071,0,141,0.0524,0.0737,1,False
39,7205,0,vm_07205,pm_0584,0,97,0.1608,0.0168,3,False
39,7206,0,vm_07206,pm_0778,0,125,0.0728,0.0419,1,False
39,7207,0,vm_07207,pm_0300,0,57,0.0957,0.0622,1,False
39,7208,0,vm_07208,pm_0390,0,176,0.7004,0.0165,2,False
39,7209,0,vm_07209,pm_0466,0,206,0.068,0.0546,1,False
39,7210,0,vm_07210,pm_0764,0,284,0.1989,0.0143,3,False
39,7211,0,vm_07211,pm_0789,0,153,0.4664,0.0131,2,False
39,7212,0,vm_07212,pm_0744,0,26,0.0629,0.0514,1,False
39,7213,0,vm_07213,pm_0668,0,162,0.0829,0.0725,1,False
39,7214,0,vm_07214,pm_0013,0,249,0.3573,0.0156,2,False
39,7215,0,vm_07215,pm_0493,0,187,0.0952,0.0606,1,False
39,7216,0,vm_07216,pm_0426,0,89,0.1451,0.0176,3,False
39,7217,0,vm_07217,pm_0345,0,130,0.352,0.0109,2,False
39,7218,0,vm_07218,pm_0467,0,297,0.1232,0.0131,3,False
39,7219,0,vm_07219,pm_0258,0,12,0.1972,0.0194,3,False
39,7220,0,vm_07220,pm_0382,0,28,0.1048,0.0114,3,False
39,7221,0,vm_07221,pm_0549,0,264,0.111,0.0127,3,False
39,7222,0,vm_07222,pm_0293,0,31,0.0475,0.064,1,False
39,7223,0,vm_07223,pm_0009,0,149,0.0458,0.0598,1,False
39,7224,0,vm_07224,pm_0717,0,85,0.0959,0.0762,1,False
39,7225,0,vm_07225,pm_0583,0,57,0.1403,0.0113,3,False
39,7226,0,vm_07226,pm_0779,0,56,0.1745,0.0141,3,False
39,7227,0,vm_07227,pm_0375,0,24,0.1478,0.0149,3,False
39,7228,0,vm_07228,pm_0469,0,189,0.0535,0.0703,1,False
39,7229,0,vm_07229,pm_0628,0,75,0.1691,0.0152,3,False
39,7230,0,vm_07230,pm_0695,0,224,0.3372,0.0114,2,False
39,7231,0,vm_07231,pm_0788,0,182,0.0459,0.0495,1,False
39,7232,0,vm_07232,pm_0591,0,153,0.4543,0.0232,2,False
39,7233,0,vm_07233,pm_0491,0,268,0.0716,0.0676,1,False
39,7234,0,vm_07234,pm_0209,0,277,0.2922,0.0138,2,False
39,7235,0,vm_07235,pm_0104,0,22,0.0675,0.0624,1,False
39,7236,0,vm_07236,pm_0592,0,13,0.4672,0.0192,2,False
39,7237,0,vm_07237,pm_0090,0,93,0.0926,0.0179,3,False
39,7238,0,vm_07238,pm_0339,0,51,0.168,0.0151,3,False
39,7239,0,vm_07239,pm_0621,0,40,0.1119,0.0126,3,False
39,7240,0,vm_07240,pm_0302,0,163,0.36,0.0095,2,False
39,7241,0,vm_07241,pm_0055,0,5,0.1302,0.013,3,False
39,7242,0,vm_07242,pm_0357,0,137,0.2158,0.0103,3,False
39,7243,0,vm_07243,pm_0079,0,98,0.0896,0.0606,1,False
39,7244,0,vm_07244,pm_0730,0,223,0.4434,0.0197,2,False
39,7245,0,vm_07245,pm_0690,0,29,0.0853,0.0609,1,False
39,7246,0,vm_07246,pm_0533,0,224,0.089,0.0623,1,False
39,7247,0,vm_07247,pm_0534,0,260,0.1814,0.0137,3,False
39,7248,0,vm_07248,pm_0438,0,246,0.1702,0.0113,3,False
39,7249,0,vm_07249,pm_0630,0,78,0.0821,0.0674,1,False
39,7250,0,vm_07250,pm_0053,0,184,0.154,0.0141,3,False
39,7251,0,vm_07251,pm_0438,0,298,0.0801,0.018,3,False
39,7252,0,vm_07252,pm_0097,0,179,0.1275,0.017,3,False
39,7253,0,vm_07253,pm_0212,0,76,0.0922,0.0564,1,False
39,7254,0,vm_07254,pm_0760,0,261,0.1125,0.0103,3,False
39,7255,0,vm_07255,pm_0447,0,228,0.1041,0.0696,1,False
39,7256,0,vm_07256,pm_0454,0,1,0.5702,0.0118,2,False
39,7257,0,vm_07257,pm_0628,0,16,0.0584,0.0689,1,False
39,7258,0,vm_07258,pm_0733,0,11,0.1139,0.0558,1,False
39,7259,0,vm_07259,pm_0241,0,181,0.0722,0.0132,3,False
39,7260,0,vm_07260,pm_0690,0,6,0.5074,0.0169,2,False
40,7261,0,vm_07261,pm_0353,0,245,0.0382,0.047,1,False
40,7262,0,vm_07262,pm_0058,0,156,0.0604,0.0462,1,False
40,7263,0,vm_07263,pm_0725,0,173,0.1052,0.0145,3,False
40,7264,0,vm_07264,pm_0688,0,180,0.0397,0.0578,1,False
40,7265,0,vm_07265,pm_0590,0,280,0.1212,0.0126,3,False
40,7266,0,vm_07266,pm_0712,0,236,0.0365,0.0617,1,False
40,7267,0,vm_07267,pm_0007,0,156,0.0811,0.059,1,False
40,7268,0,vm_07268,pm_0298,0,250,0.0905,0.0639,1,False
40,7269,0,vm_07269,pm_0566,0,220,0.5598,0.0205,2,False
40,7270,0,vm_07270,pm_0415,0,222,0.0841,0.0594,1,False
40,7271,0,vm_07271,pm_0286,0,210,0.079,0.0639,1,False
40,7272,0,vm_07272,pm_0752,0,133,0.1766,0.0172,3,False
40,7273,0,vm_07273,pm_0134,0,258,0.1629,0.0083,3,False
40,7274,0,vm_07274,pm_0324,0,34,0.0429,0.0523,1,False
40,7275,0,vm_07275,pm_0410,0,182,0.4028,0.0189,2,False
40,7276,0,vm_07276,pm_0222,0,160,0.083,0.0162,3,False
40,7277,0,vm_07277,pm_0326,0,92,0.0656,0.0479,1,False
40,7278,0,vm_07278,pm_0779,0,196,0.0885,0.0535,1,False
40,7279,0,vm_07279,pm_0697,0,205,0.0929,0.0136,3,False
40,7280,0,vm_07280,pm_0267,0,17,0.1159,0.0122,3,False
40,7281,0,vm_07281,pm_0158,0,233,0.3653,0.0158,2,False
40,7282,0,vm_07282,pm_0787,0,65,0.0592,0.057,1,False
40,7283,0,vm_07283,pm_0020,0,243,0.0635,0.0646,1,False
40,7284,0,vm_07284,pm_0155,0,275,0.1019,0.0097,3,False
40,7285,0,vm_07285,pm_0462,0,198,0.0412,0.0474,1,False
40,7286,0,vm_07286,pm_0787,0,17,0.326,0.0098,2,False
40,7287,0,vm_07287,pm_0285,0,71,0.5649,0.0105,2,False
40,7288,0,vm_07288,pm_0416,0,154,0.0586,0.0464,1,False
40,7289,0,vm_07289,pm_0198,0,169,0.1801,0.0176,3,False
40,7290,0,vm_07290,pm_0169,0,281,0.0724,0.0134,3,False
40,7291,0,vm_07291,pm_0073,0,150,0.2305,0.0089,3,False
40,7292,0,vm_07292,pm_0570,0,260,0.0747,0.0658,1,False
40,7293,0,vm_07293,pm_0583,0,79,0.0661,0.0651,1,False
40,7294,0,vm_07294,pm_0378,0,105,0.4248,0.0189,2,False
40,7295,0,vm_07295,pm_0602,0,10,0.0396,0.0621,1,False
40,7296,0,vm_07296,pm_0123,0,207,0.1475,0.0109,3,False
40,7297,0,vm_07297,pm_0245,0,129,0.0953,0.0718,1,False
40,7298,0,vm_07298,pm_0315,0,170,0.4477,0.012,2,False
40,7299,0,vm_07299,pm_0218,0,32,0.0901,0.0531,1,False
40,7300,0,vm_07300,pm_0362,0,23,0.1325,0.0165,3,False
40,7301,0,vm_07301,pm_0615,0,196,0.0589,0.0493,1,False
40,7302,0,vm_07302,pm_0198,0,45,0.3158,0.0145,2,False
40,7303,0,vm_07303,pm_0605,0,273,0.0541,0.0565,1,False
40,7304,0,vm_07304,pm_0383,0,230,0.0822,0.0159,3,False
40,7305,0,vm_07305,pm_0011,0,132,0.1014,0.0723,1,False
40,7306,0,vm_07306,pm_0298,0,263,0.1397,0.0145,3,False
40,7307,0,vm_07307,pm_0772,0,84,0.1906,0.0103,3,False
40,7308,0,vm_07308,pm_0734,0,4,0.0597,0.0597,1,False
40,7309,0,vm_07309,pm_0270,0,268,0.1148,0.0083,3,False
40,7310,0,vm_07310,pm_0558,0,220,0.0853,0.0606,1,False
40,7311,0,vm_07311,pm_0218,0,193,0.1449,0.0138,3,False
40,7312,0,vm_07312,pm_0256,0,68,0.2768,0.0152,2,False
40,7313,0,vm_07313,pm_0538,0,287,0.0378,0.0716,1,False
40,7314,0,vm_07314,pm_0020,0,175,0.0835,0.0504,1,False
40,7315,0,vm_07315,pm_0668,0,238,0.0819,0.0707,1,False
40,7316,0,vm_07316,pm_0321,0,178,0.1323,0.0166,3,False
40,7317,0,vm_07317,pm_0634,0,255,0.0413,0.0449,1,False
40,7318,0,vm_07318,pm_0182,0,210,0.1155,0.006,3,False
40,7319,0,vm_07319,pm_0140,0,226,0.4179,0.0194,2,False
40,7320,0,vm_07320,pm_0371,0,71,0.1088,0.0163,3,False
40,7321,0,vm_07321,pm_0263,0,64,0.0516,0.0733,1,False
40,7322,0,vm_07322,pm_0134,0,165,0.352,0.0173,2,False
40,7323,0,vm_07323,pm_0609,0,213,0.3456,0.0161,2,False
40,7324,0,vm_07324,pm_0620,0,16,0.1107,0.0139,3,False
40,7325,0,vm_07325,pm_0028,0,172,0.0504,0.0722,1,False
40,7326,0,vm_07326,pm_0186,0,128,0.0542,0.0649,1,False
40,7327,0,vm_07327,pm_0278,0,2,0.058,0.0646,1,False
40,7328,0,vm_07328,pm_0178,0,247,0.1975,0.0204,3,False
40,7329,0,vm_07329,pm_0587,0,69,0.0491,0.0444,1,False
40,7330,0,vm_07330,pm_0398,0,51,0.3899,0.016,2,False
40,7331,0,vm_07331,pm_0284,0,258,0.0602,0.0677,1,False
40,7332,0,vm_07332,pm_0190,0,238,0.1457,0.0126,3,False
40,7333,0,vm_07333,pm_0230,0,93,0.1378,0.0147,3,False
40,7334,0,vm_07334,pm_0386,0,46,0.3434,0.0169,2,False
40,7335,0,vm_07335,pm_0487,0,74,0.0591,0.0558,1,False
40,7336,0,vm_07336,pm_0056,0,90,0.053,0.0631,1,False
40,7337,0,vm_07337,pm_0687,0,85,0.0693,0.0681,1,False
40,7338,0,vm_07338,pm_0633,0,5,0.0457,0.05,1,False
41,7339,0,vm_07339,pm_0288,0,229,0.1347,0.0104,3,False
41,7340,0,vm_07340,pm_0123,0,42,0.5314,0.0122,2,False
41,7341,0,vm_07341,pm_0401,0,197,0.0922,0.0158,3,False
41,7342,0,vm_07342,pm_0125,0,181,0.0992,0.0787,1,False
41,7343,0,vm_07343,pm_0768,0,168,0.1213,0.0115,3,False
41,7344,0,vm_07344,pm_0159,0,202,0.6158,0.0196,2,False
41,7345,0,vm_07345,pm_0720,0,193,0.5914,0.0178,2,False
41,7346,0,vm_07346,pm_0057,0,30,0.0608,0.0591,1,False
41,7347,0,vm_07347,pm_0638,0,101,0.318,0.0187,2,False
41,7348,0,vm_07348,pm_0172,0,63,0.5984,0.011,2,False
41,7349,0,vm_07349,pm_0421,0,90,0.1092,0.0158,3,False
41,7350,0,vm_07350,pm_0342,0,249,0.1683,0.0104,3,False
41,7351,0,vm_07351,pm_0240,0,182,0.048,0.0572,1,False
41,7352,0,vm_07352,pm_0201,0,279,0.075,0.0624,1,False
41,7353,0,vm_07353,pm_0738,0,204,0.4315,0.0136,2,False
41,7354,0,vm_07354,pm_0703,0,88,0.5408,0.0191,2,False
41,7355,0,vm_07355,pm_0281,0,292,0.0836,0.0494,1,False
41,7356,0,vm_07356,pm_0263,0,284,0.1226,0.0128,3,False
41,7357,0,vm_07357,pm_0638,0,158,0.0939,0.0118,3,False
41,7358,0,vm_07358,pm_0162,0,129,0.1601,0.0136,3,False
41,7359,0,vm_07359,pm_0710,0,247,0.0599,0.0733,1,False
41,7360,0,vm_07360,pm_0191,0,139,0.1146,0.0141,3,False
41,7361,0,vm_07361,pm_0016,0,188,0.1113,0.0167,3,False
41,7362,0,vm_07362,pm_0013,0,90,0.527,0.0158,2,False
41,7363,0,vm_07363,pm_0216,0,55,0.5309,0.0172,2,False
41,7364,0,vm_07364,pm_0791,0,225,0.131,0.0155,3,False
41,7365,0,vm_07365,pm_0643,0,164,0.3358,0.0144,2,False
41,7366,0,vm_07366,pm_0697,0,35,0.063,0.0566,1,False
41,7367,0,vm_07367,pm_0606,0,28,0.5174,0.0218,2,False
41,7368,0,vm_07368,pm_0174,0,79,0.4278,0.0142,2,False
41,7369,0,vm_07369,pm_0791,0,168,0.0898,0.0499,1,False
41,7370,0,vm_07370,pm_0534,0,32,0.1577,0.0143,3,False
41,7371,0,vm_07371,pm_0249,0,92,0.107,0.0165,3,False
41,7372,0,vm_07372,pm_0738,0,111,0.0892,0.0146,3,False
41,7373,0,vm_07373,pm_0713,0,208,0.0684,0.0503,1,False
41,7374,0,vm_07374,pm_0099,0,193,0.0982,0.0154,3,False
41,7375,0,vm_07375,pm_0756,0,263,0.0766,0.0518,1,False
41,7376,0,vm_07376,pm_0628,0,246,0.0354,0.0617,1,False
41,7377,0,vm_07377,pm_0381,0,117,0.3804,0.0149,2,False
41,7378,0,vm_07378,pm_0571,0,227,0.0862,0.0497,1,False
41,7379,0,vm_07379,pm_0289,0,8,0.0794,0.0182,3,False
41,7380,0,vm_07380,pm_0269,0,198,0.1031,0.0531,1,False
41,7381,0,vm_07381,pm_0167,0,276,0.3153,0.009,2,False
41,7382,0,vm_07382,pm_0341,0,128,0.0803,0.0635,1,False
41,7383,0,vm_07383,pm_0060,0,61,0.117,0.0111,3,False
41,7384,0,vm_07384,pm_0151,0,1,0.6625,0.0133,2,False
41,7385,0,vm_07385,pm_0127,0,171,0.1745,0.0102,3,False
41,7386,0,vm_07386,pm_0560,0,244,0.0545,0.0527,1,False
41,7387,0,vm_07387,pm_0637,0,87,0.0422,0.0662,1,False
41,7388,0,vm_07388,pm_0507,0,82,0.1729,0.01,3,False
41,7389,0,vm_07389,pm_0014,0,4,0.0509,0.0763,1,False
41,7390,0,vm_07390,pm_0379,0,38,0.3843,0.0164,2,False
41,7391,0,vm_07391,pm_0024,0,300,0.1163,0.014,3,False
41,7392,0,vm_07392,pm_0114,0,74,0.0858,0.0504,1,False
41,7393,0,vm_07393,pm_0624,0,100,0.0984,0.007,3,False
41,7394,0,vm_07394,pm_0307,0,140,0.4275,0.0093,2,False
41,7395,0,vm_07395,pm_0177,0,92,0.0433,0.0526,1,False
41,7396,0,vm_07396,pm_0434,0,118,0.0843,0.0336,1,False
41,7397,0,vm_07397,pm_0017,0,287,0.0225,0.0726,1,False
41,7398,0,vm_07398,pm_0465,0,108,0.0881,0.0129,3,False
41,7399,0,vm_07399,pm_0228,0,42,0.2256,0.0131,3,False
41,7400,0,vm_07400,pm_0305,0,135,0.0599,0.0759,1,False
41,7401,0,vm_07401,pm_0143,0,216,0.0966,0.0602,1,False
41,7402,0,vm_07402,pm_0613,0,155,0.1601,0.0118,3,False
41,7403,0,vm_07403,pm_0212,0,38,0.4076,0.0129,2,False
41,7404,0,vm_07404,pm_0046,0,281,0.4993,0.0146,2,False
41,7405,0,vm_07405,pm_0491,0,25,0.0585,0.0717,1,False
41,7406,0,vm_07406,pm_0748,0,31,0.0944,0.0626,1,False
41,7407,0,vm_07407,pm_0088,0,45,0.1634,0.0096,3,False
41,7408,0,vm_07408,pm_0609,0,155,0.1046,0.0176,3,False
41,7409,0,vm_07409,pm_0791,0,243,0.091,0.0677,1,False
41,7410,0,vm_07410,pm_0686,0,34,0.1617,0.0148,3,False
41,7411,0,vm_07411,pm_0390,0,277,0.347,0.0149,2,False
41,7412,0,vm_07412,pm_0641,0,241,0.2027,0.009,2,False
41,7413,0,vm_07413,pm_0702,0,258,0.1045,0.073,1,False
41,7414,0,vm_07414,pm_0024,0,45,0.2098,0.0163,3,False
41,7415,0,vm_07415,pm_0365,0,236,0.7668,0.011,2,False
41,7416,0,vm_07416,pm_0796,0,7,0.4985,0.0168,2,False
41,7417,0,vm_07417,pm_0041,0,259,0.1043,0.0715,1,False
41,7418,0,vm_07418,pm_0669,0,270,0.0883,0.0689,1,False
41,7419,0,vm_07419,pm_0283,0,43,0.0513,0.0468,1,False
41,7420,0,vm_07420,pm_0061,0,237,0.1542,0.0137,3,False
41,7421,0,vm_07421,pm_0270,0,166,0.0461,0.0459,1,False
41,7422,0,vm_07422,pm_0632,0,75,0.2016,0.0096,3,False
41,7423,0,vm_07423,pm_0667,0,156,0.0801,0.0555,1,False
41,7424,0,vm_07424,pm_0322,0,200,0.717,0.0147,2,False
41,7425,0,vm_07425,pm_0451,0,233,0.3231,0.0218,2,False
41,7426,0,vm_07426,pm_0722,0,231,0.0458,0.0694,1,False
41,7427,0,vm_07427,pm_0070,0,211,0.0892,0.0695,1,False
41,7428,0,vm_07428,pm_0525,0,153,0.0415,0.0607,1,False
41,7429,0,vm_07429,pm_0301,0,212,0.1299,0.0167,3,False
41,7430,0,vm_07430,pm_0730,0,86,0.1454,0.0114,3,False
41,7431,0,vm_07431,pm_0682,0,17,0.067,0.058,1,False
41,7432,0,vm_07432,pm_0277,0,190,0.3481,0.0162,2,False
41,7433,0,vm_07433,pm_0544,0,53,0.0501,0.0643,1,False
41,7434,0,vm_07434,pm_0685,0,215,0.0423,0.0714,1,False
42,7435,0,vm_07435,pm_0619,0,41,0.0649,0.0498,1,False
42,7436,0,vm_07436,pm_0750,0,229,0.1731,0.0176,3,False
42,7437,0,vm_07437,pm_0728,0,229,0.0598,0.0681,1,False
42,7438,0,vm_07438,pm_0537,0,181,0.0811,0.0624,1,False
42,7439,0,vm_07439,pm_0026,0,140,0.0764,0.0827,1,False
42,7440,0,vm_07440,pm_0601,0,287,0.1055,0.0537,1,False
42,7441,0,vm_07441,pm_0232,0,81,0.1534,0.0181,3,False
42,7442,0,vm_07442,pm_0714,0,166,0.0884,0.0598,1,False
42,7443,0,vm_07443,pm_0300,0,53,0.0369,0.0559,1,False
42,7444,0,vm_07444,pm_0287,0,72,0.1301,0.013,3,False
42,7445,0,vm_07445,pm_0380,0,212,0.0491,0.0656,1,False
42,7446,0,vm_07446,pm_0224,0,170,0.1976,0.0176,3,False
42,7447,0,vm_07447,pm_0659,0,269,0.4091,0.0092,2,False
42,7448,0,vm_07448,pm_0324,0,218,0.0979,0.0466,1,False
42,7449,0,vm_07449,pm_0020,0,135,0.1669,0.0169,3,False
42,7450,0,vm_07450,pm_0055,0,34,0.0886,0.0593,1,False
42,7451,0,vm_07451,pm_0456,0,145,0.6616,0.0211,2,False
42,7452,0,vm_07452,pm_0359,0,182,0.4059,0.0152,2,False
42,7453,0,vm_07453,pm_0672,0,77,0.0493,0.0353,1,False
42,7454,0,vm_07454,pm_0745,0,252,0.1783,0.0165,3,False
42,7455,0,vm_07455,pm_0003,0,235,0.238,0.0146,3,False
42,7456,0,vm_07456,pm_0098,0,76,0.1371,0.0071,3,False
42,7457,0,vm_07457,pm_0741,0,72,0.0942,0.0112,3,False
42,7458,0,vm_07458,pm_0001,0,26,0.3441,0.0144,2,False
42,7459,0,vm_07459,pm_0616,0,37,0.0971,0.0766,1,False
42,7460,0,vm_07460,pm_0106,0,253,0.0788,0.0602,1,False
42,7461,0,vm_07461,pm_0479,0,85,0.5042,0.0182,2,False
42,7462,0,vm_07462,pm_0741,0,30,0.0761,0.0609,1,False
42,7463,0,vm_07463,pm_0335,0,204,0.1263,0.0111,3,False
42,7464,0,vm_07464,pm_0544,0,192,0.0326,0.0579,1,False
42,7465,0,vm_07465,pm_0253,0,229,0.044,0.0506,1,False
42,7466,0,vm_07466,pm_0751,0,180,0.0612,0.0467,1,False
42,7467,0,vm_07467,pm_0175,0,244,0.2315,0.0101,3,False
42,7468,0,vm_07468,pm_0029,0,39,0.1776,0.0145,3,False
42,7469,0,vm_07469,pm_0182,0,156,0.1552,0.0115,3,False
42,7470,0,vm_07470,pm_0695,0,167,0.083,0.0642,1,False
42,7471,0,vm_07471,pm_0785,0,157,0.0883,0.0146,3,False
42,7472,0,vm_07472,pm_0429,0,129,0.0702,0.0599,1,False
42,7473,0,vm_07473,pm_0793,0,81,0.1071,0.0136,3,False
42,7474,0,vm_07474,pm_0478,0,155,0.4324,0.016,2,False
42,7475,0,vm_07475,pm_0049,0,174,0.0577,0.0539,1,False
42,7476,0,vm_07476,pm_0228,0,287,0.4475,0.0174,2,False
42,7477,0,vm_07477,pm_0398,0,87,0.1263,0.0134,3,False
42,7478,0,vm_07478,pm_0472,0,101,0.0605,0.0493,1,False
42,7479,0,vm_07479,pm_0427,0,247,0.0956,0.0174,3,False
42,7480,0,vm_07480,pm_0081,0,205,0.3083,0.013,2,False
42,7481,0,vm_07481,pm_0216,0,88,0.0474,0.0636,1,False
42,7482,0,vm_07482,pm_0285,0,287,0.0897,0.0467,1,False
42,7483,0,vm_07483,pm_0272,0,95,0.5425,0.0137,2,False
42,7484,0,vm_07484,pm_0655,0,158,0.4026,0.0144,2,False
42,7485,0,vm_07485,pm_0046,0,113,0.0419,0.0724,1,False
42,7486,0,vm_07486,pm_0750,0,23,0.1023,0.0117,3,False
42,7487,0,vm_07487,pm_0481,0,162,0.3531,0.023,2,False
42,7488,0,vm_07488,pm_0316,0,285,0.1129,0.0164,3,False
42,7489,0,vm_07489,pm_0620,0,54,0.1606,0.0175,3,False
42,7490,0,vm_07490,pm_0751,0,63,0.2258,0.0163,3,False
42,7491,0,vm_07491,pm_0168,0,32,0.0638,0.07,1,False
42,7492,0,vm_07492,pm_0450,0,45,0.0658,0.0638,1,False
42,7493,0,vm_07493,pm_0694,0,218,0.0722,0.0763,1,False
42,7494,0,vm_07494,pm_0034,0,288,0.5596,0.0196,2,False
42,7495,0,vm_07495,pm_0587,0,195,0.121,0.0143,3,False
42,7496,0,vm_07496,pm_0792,0,252,0.1255,0.0501,1,False
42,7497,0,vm_07497,pm_0490,0,285,0.0755,0.0579,1,False
42,7498,0,vm_07498,pm_0446,0,235,0.1573,0.0158,3,False
42,7499,0,vm_07499,pm_0140,0,78,0.0889,0.0547,1,False
42,7500,0,vm_07500,pm_0787,0,91,0.0899,0.012,3,False
42,7501,0,vm_07501,pm_0094,0,95,0.3726,0.0114,2,False
42,7502,0,vm_07502,pm_0221,0,227,0.1717,0.0154,3,False
42,7503,0,vm_07503,pm_0354,0,285,0.0585,0.0551,1,False
42,7504,0,vm_07504,pm_0064,0,234,0.0556,0.0652,1,False
42,7505,0,vm_07505,pm_0462,0,101,0.3409,0.0141,2,False
42,7506,0,vm_07506,pm_0077,0,251,0.1673,0.013,3,False
42,7507,0,vm_07507,pm_0720,0,139,0.3399,0.0197,2,False
42,7508,0,vm_07508,pm_0607,0,142,0.0675,0.0679,1,False
42,7509,0,vm_07509,pm_0270,0,239,0.1629,0.0137,3,False
42,7510,0,vm_07510,pm_0641,0,265,0.1257,0.0146,3,False
42,7511,0,vm_07511,pm_0582,0,60,0.1171,0.016,3,False
42,7512,0,vm_07512,pm_0684,0,22,0.1685,0.018,3,False
42,7513,0,vm_07513,pm_0458,0,10,0.0467,0.0506,1,False
42,7514,0,vm_07514,pm_0560,0,15,0.0885,0.0534,1,False
42,7515,0,vm_07515,pm_0088,0,48,0.171,0.0142,3,False
42,7516,0,vm_07516,pm_0430,0,169,0.1129,0.0161,3,False
42,7517,0,vm_07517,pm_0627,0,118,0.0279,0.0704,1,False
43,7518,0,vm_07518,pm_0676,0,41,0.088,0.0494,1,False
43,7519,0,vm_07519,pm_0171,0,9,0.1131,0.0151,3,False
43,7520,0,vm_07520,pm_0678,0,48,0.0699,0.057,1,False
43,7521,0,vm_07521,pm_0507,0,264,0.0525,0.0449,1,False
43,7522,0,vm_07522,pm_0147,0,206,0.3343,0.0117,2,False
43,7523,0,vm_07523,pm_0764,0,166,0.362,0.0143,2,False
43,7524,0,vm_07524,pm_0671,0,1,0.0838,0.0175,3,False
43,7525,0,vm_07525,pm_0600,0,67,0.036,0.0797,1,False
43,7526,0,vm_07526,pm_0207,0,209,0.1223,0.0132,3,False
43,7527,0,vm_07527,pm_0028,0,138,0.1159,0.0193,3,False
43,7528,0,vm_07528,pm_0484,0,36,0.4976,0.0178,2,False
43,7529,0,vm_07529,pm_0538,0,217,0.1502,0.0114,3,False
43,7530,0,vm_07530,pm_0099,0,277,0.0741,0.073,1,False
43,7531,0,vm_07531,pm_0151,0,179,0.0483,0.051,1,False
43,7532,0,vm_07532,pm_0720,0,4,0.0809,0.051,1,False
43,7533,0,vm_07533,pm_0145,0,129,0.0789,0.0715,1,False
43,7534,0,vm_07534,pm_0036,0,132,0.3728,0.0168,2,False
43,7535,0,vm_07535,pm_0298,0,98,0.1455,0.0165,3,False
43,7536,0,vm_07536,pm_0288,0,159,0.1997,0.0127,3,False
43,7537,0,vm_07537,pm_0061,0,235,0.1321,0.017,3,False
43,7538,0,vm_07538,pm_0109,0,146,0.0684,0.0572,1,False
43,7539,0,vm_07539,pm_0668,0,114,0.43,0.0177,2,False
43,7540,0,vm_07540,pm_0673,0,3,0.0388,0.0679,1,False
43,7541,0,vm_07541,pm_0224,0,86,0.0898,0.04,1,False
43,7542,0,vm_07542,pm_0436,0,45,0.0583,0.0781,1,False
43,7543,0,vm_07543,pm_0590,0,82,0.1621,0.0146,3,False
43,7544,0,vm_07544,pm_0554,0,153,0.1249,0.0155,3,False
43,7545,0,vm_07545,pm_0158,0,281,0.0572,0.0602,1,False
43,7546,0,vm_07546,pm_0298,0,287,0.0919,0.0765,1,False
43,7547,0,vm_07547,pm_0739,0,110,0.0764,0.0115,3,False
43,7548,0,vm_07548,pm_0794,0,116,0.0901,0.0387,1,False
43,7549,0,vm_07549,pm_0213,0,96,0.1516,0.0101,3,False
43,7550,0,vm_07550,pm_0451,0,281,0.1402,0.0073,3,False
43,7551,0,vm_07551,pm_0601,0,188,0.1637,0.0167,3,False
43,7552,0,vm_07552,pm_0525,0,87,0.5278,0.009,2,False
43,7553,0,vm_07553,pm_0410,0,86,0.1374,0.0203,3,False
43,7554,0,vm_07554,pm_0438,0,25,0.387,0.0161,2,False
43,7555,0,vm_07555,pm_0428,0,30,0.1723,0.0162,3,False
43,7556,0,vm_07556,pm_0696,0,125,0.4265,0.0152,2,False
43,7557,0,vm_07557,pm_0477,0,197,0.0536,0.0443,1,False
43,7558,0,vm_07558,pm_0156,0,300,0.5658,0.0183,2,False
43,7559,0,vm_07559,pm_0405,0,30,0.6151,0.0134,2,False
43,7560,0,vm_07560,pm_0151,0,231,0.0925,0.012,3,False
43,7561,0,vm_07561,pm_0785,0,44,0.1459,0.0122,3,False
43,7562,0,vm_07562,pm_0481,0,188,0.1372,0.0138,3,False
43,7563,0,vm_07563,pm_0129,0,51,0.0648,0.0583,1,False
43,7564,0,vm_07564,pm_0563,0,51,0.1869,0.0177,3,False
43,7565,0,vm_07565,pm_0158,0,78,0.4365,0.017,2,False
43,7566,0,vm_07566,pm_0547,0,48,0.2161,0.0104,3,False
43,7567,0,vm_07567,pm_0107,0,229,0.1246,0.0106,3,False
43,7568,0,vm_07568,pm_0399,0,43,0.0449,0.0652,1,False
43,7569,0,vm_07569,pm_0162,0,291,0.1294,0.0154,3,False
43,7570,0,vm_07570,pm_0740,0,246,0.0816,0.0583,1,False
43,7571,0,vm_07571,pm_0054,0,218,0.0702,0.0722,1,False
43,7572,0,vm_07572,pm_0286,0,21,0.6067,0.0154,2,False
43,7573,0,vm_07573,pm_0137,0,129,0.0522,0.0477,1,False
43,7574,0,vm_07574,pm_0695,0,6,0.1079,0.013,3,False
43,7575,0,vm_07575,pm_0760,0,271,0.0567,0.0666,1,False
43,7576,0,vm_07576,pm_0283,0,43,0.0487,0.0459,1,False
43,7577,0,vm_07577,pm_0546,0,239,0.3623,0.0118,2,False
43,7578,0,vm_07578,pm_0398,0,64,0.1513,0.0198,3,False
43,7579,0,vm_07579,pm_0146,0,245,0.1102,0.0111,3,False
43,7580,0,vm_07580,pm_0330,0,72,0.208,0.0112,3,False
43,7581,0,vm_07581,pm_0024,0,70,0.1327,0.0142,3,False
43,7582,0,vm_07582,pm_0559,0,196,0.0622,0.0536,1,False
43,7583,0,vm_07583,pm_0140,0,188,0.0865,0.0531,1,False
43,7584,0,vm_07584,pm_0100,0,157,0.0803,0.0545,1,False
43,7585,0,vm_07585,pm_0093,0,24,0.3986,0.0108,2,False
43,7586,0,vm_07586,pm_0716,0,70,0.1443,0.0139,3,False
43,7587,0,vm_07587,pm_0061,0,222,0.5232,0.0115,2,False
43,7588,0,vm_07588,pm_0603,0,159,0.0871,0.0136,3,False
43,7589,0,vm_07589,pm_0617,0,74,0.4895,0.0182,2,False
43,7590,0,vm_07590,pm_0412,0,137,0.0572,0.0639,1,False
43,7591,0,vm_07591,pm_0601,0,40,0.083,0.0745,1,False
43,7592,0,vm_07592,pm_0698,0,15,0.1307,0.0116,3,False
43,7593,0,vm_07593,pm_0798,0,188,0.115,0.0198,3,False
44,7594,0,vm_07594,pm_0134,0,27,0.1038,0.0143,3,False
44,7595,0,vm_07595,pm_0389,0,162,0.0698,0.0561,1,False
44,7596,0,vm_07596,pm_0233,0,54,0.1283,0.0141,3,False
44,7597,0,vm_07597,pm_0081,0,273,0.0661,0.0773,1,False
44,7598,0,vm_07598,pm_0570,0,101,0.0432,0.057,1,False
44,7599,0,vm_07599,pm_0287,0,41,0.0735,0.0124,3,False
44,7600,0,vm_07600,pm_0780,0,262,0.0632,0.0536,1,False
44,7601,0,vm_07601,pm_0160,0,170,0.1722,0.006,3,False
44,7602,0,vm_07602,pm_0350,0,207,0.0679,0.0452,1,False
44,7603,0,vm_07603,pm_0345,0,48,0.3284,0.0157,2,False
44,7604,0,vm_07604,pm_0012,0,59,0.2268,0.0082,3,False
44,7605,0,vm_07605,pm_0422,0,5,0.0733,0.0607,1,False
44,7606,0,vm_07606,pm_0725,0,147,0.2386,0.0194,3,False
44,7607,0,vm_07607,pm_0319,0,286,0.0521,0.0438,1,False
44,7608,0,vm_07608,pm_0370,0,210,0.0895,0.0149,3,False
44,7609,0,vm_07609,pm_0154,0,149,0.0605,0.0381,1,False
44,7610,0,vm_07610,pm_0404,0,84,0.0677,0.0837,1,False
44,7611,0,vm_07611,pm_0186,0,159,0.0478,0.057,1,False
44,7612,0,vm_07612,pm_0371,0,46,0.0407,0.0667,1,False
44,7613,0,vm_07613,pm_0293,0,161,0.077,0.0173,3,False
44,7614,0,vm_07614,pm_0425,0,154,0.0808,0.0584,1,False
44,7615,0,vm_07615,pm_0527,0,229,0.0779,0.0616,1,False
44,7616,0,vm_07616,pm_0246,0,299,0.3703,0.0206,2,False
44,7617,0,vm_07617,pm_0120,0,157,0.0632,0.0625,1,False
44,7618,0,vm_07618,pm_0136,0,160,0.0771,0.0117,3,False
44,7619,0,vm_07619,pm_0640,0,246,0.1883,0.013,3,False
44,7620,0,vm_07620,pm_0790,0,55,0.4733,0.0169,2,False
44,7621,0,vm_07621,pm_0567,0,150,0.1377,0.0129,3,False
44,7622,0,vm_07622,pm_0186,0,298,0.2494,0.0162,2,False
44,7623,0,vm_07623,pm_0145,0,53,0.0629,0.0736,1,False
44,7624,0,vm_07624,pm_0755,0,222,0.1158,0.0154,3,False
44,7625,0,vm_07625,pm_0729,0,253,0.6483,0.0122,2,False
44,7626,0,vm_07626,pm_0516,0,67,0.1724,0.0138,3,False
44,7627,0,vm_07627,pm_0141,0,52,0.1752,0.0183,3,False
44,7628,0,vm_07628,pm_0261,0,244,0.2626,0.0142,2,False
44,7629,0,vm_07629,pm_0460,0,39,0.1148,0.0159,3,False
44,7630,0,vm_07630,pm_0296,0,137,0.1591,0.0164,3,False
44,7631,0,vm_07631,pm_0682,0,265,0.4847,0.0195,2,False
44,7632,0,vm_07632,pm_0191,0,137,0.1095,0.0122,3,False
44,7633,0,vm_07633,pm_0736,0,291,0.0649,0.0607,1,False
44,7634,0,vm_07634,pm_0646,0,209,0.1327,0.0115,3,False
44,7635,0,vm_07635,pm_0544,0,171,0.099,0.0166,3,False
44,7636,0,vm_07636,pm_0396,0,184,0.076,0.0653,1,False
44,7637,0,vm_07637,pm_0091,0,298,0.075,0.0584,1,False
44,7638,0,vm_07638,pm_0716,0,239,0.1388,0.0167,3,False
44,7639,0,vm_07639,pm_0724,0,210,0.0589,0.0678,1,False
44,7640,0,vm_07640,pm_0304,0,150,0.0385,0.0388,1,False
44,7641,0,vm_07641,pm_0548,0,123,0.5399,0.0268,2,False
44,7642,0,vm_07642,pm_0371,0,48,0.1205,0.0487,1,False
44,7643,0,vm_07643,pm_0558,0,123,0.3327,0.013,2,False
44,7644,0,vm_07644,pm_0142,0,67,0.0565,0.07,1,False
44,7645,0,vm_07645,pm_0018,0,230,0.0414,0.0647,1,False
44,7646,0,vm_07646,pm_0422,0,8,0.2039,0.011,3,False
44,7647,0,vm_07647,pm_0209,0,265,0.4786,0.0118,2,False
44,7648,0,vm_07648,pm_0546,0,124,0.0461,0.0532,1,False
44,7649,0,vm_07649,pm_0009,0,111,0.0917,0.0594,1,False
44,7650,0,vm_07650,pm_0102,0,53,0.1769,0.0153,3,False
44,7651,0,vm_07651,pm_0609,0,88,0.0745,0.0733,1,False
44,7652,0,vm_07652,pm_0119,0,94,0.046,0.0786,1,False
44,7653,0,vm_07653,pm_0151,0,249,0.0403,0.0541,1,False
44,7654,0,vm_07654,pm_0386,0,165,0.1164,0.0089,3,False
44,7655,0,vm_07655,pm_0217,0,226,0.2076,0.0134,3,False
44,7656,0,vm_07656,pm_0309,0,135,0.2306,0.0146,3,False
44,7657,0,vm_07657,pm_0332,0,64,0.1117,0.0109,3,False
44,7658,0,vm_07658,pm_0752,0,4,0.0664,0.0158,3,False
44,7659,0,vm_07659,pm_0184,0,119,0.2633,0.0131,2,False
44,7660,0,vm_07660,pm_0339,0,218,0.0836,0.0158,3,False
44,7661,0,vm_07661,pm_0505,0,42,0.0917,0.0485,1,False
44,7662,0,vm_07662,pm_0702,0,187,0.0517,0.0159,3,False
44,7663,0,vm_07663,pm_0572,0,25,0.1619,0.0147,3,False
44,7664,0,vm_07664,pm_0626,0,266,0.3427,0.0172,2,False
44,7665,0,vm_07665,pm_0030,0,161,0.0721,0.04,1,False
44,7666,0,vm_07666,pm_0047,0,232,0.036,0.065,1,False
44,7667,0,vm_07667,pm_0057,0,129,0.2538,0.0093,3,False
44,7668,0,vm_07668,pm_0230,0,20,0.2403,0.0117,3,False
44,7669,0,vm_07669,pm_0336,0,127,0.1996,0.0125,3,False
44,7670,0,vm_07670,pm_0505,0,75,0.1062,0.0497,1,False
44,7671,0,vm_07671,pm_0528,0,72,0.0893,0.0155,3,False
44,7672,0,vm_07672,pm_0776,0,232,0.7077,0.0226,2,False
44,7673,0,vm_07673,pm_0469,0,105,0.1214,0.0182,3,False
45,7674,0,vm_07674,pm_0550,0,8,0.63,0.0132,2,False
45,7675,0,vm_07675,pm_0105,0,118,0.6229,0.0176,2,False
45,7676,0,vm_07676,pm_0386,0,49,0.3459,0.009,2,False
45,7677,0,vm_07677,pm_0484,0,9,0.1327,0.0118,3,False
45,7678,0,vm_07678,pm_0441,0,112,0.1342,0.0144,3,False
45,7679,0,vm_07679,pm_0496,0,265,0.0756,0.05,1,False
45,7680,0,vm_07680,pm_0415,0,77,0.0396,0.0667,1,False
45,7681,0,vm_07681,pm_0729,0,35,0.2074,0.0064,3,False
45,7682,0,vm_07682,pm_0521,0,201,0.4856,0.0155,2,False
45,7683,0,vm_07683,pm_0291,0,117,0.2067,0.0148,3,False
45,7684,0,vm_07684,pm_0023,0,189,0.5445,0.0109,2,False
45,7685,0,vm_07685,pm_0064,0,241,0.0697,0.063,1,False
45,7686,0,vm_07686,pm_0207,0,292,0.1075,0.0211,3,False
45,7687,0,vm_07687,pm_0789,0,168,0.101,0.01,3,False
45,7688,0,vm_07688,pm_0784,0,229,0.111,0.0602,1,False
45,7689,0,vm_07689,pm_0026,0,47,0.0501,0.0772,1,False
45,7690,0,vm_07690,pm_0209,0,149,0.1023,0.0103,3,False
45,7691,0,vm_07691,pm_0630,0,207,0.0952,0.0661,1,False
45,7692,0,vm_07692,pm_0151,0,60,0.1108,0.0125,3,False
45,7693,0,vm_07693,pm_0001,0,116,0.098,0.0536,1,False
45,7694,0,vm_07694,pm_0213,0,238,0.1704,0.0159,3,False
45,7695,0,vm_07695,pm_0613,0,47,0.0907,0.0124,3,False
45,7696,0,vm_07696,pm_0770,0,244,0.1617,0.0174,3,False
45,7697,0,vm_07697,pm_0694,0,292,0.343,0.0224,2,False
45,7698,0,vm_07698,pm_0606,0,4,0.1089,0.0185,3,False
45,7699,0,vm_07699,pm_0610,0,99,0.0554,0.0439,1,False
45,7700,0,vm_07700,pm_0209,0,204,0.0527,0.0414,1,False
45,7701,0,vm_07701,pm_0006,0,179,0.0566,0.0158,3,False
45,7702,0,vm_07702,pm_0019,0,16,0.1881,0.0135,3,False
45,7703,0,vm_07703,pm_0606,0,89,0.1637,0.0147,3,False
45,7704,0,vm_07704,pm_0429,0,107,0.0466,0.0514,1,False
45,7705,0,vm_07705,pm_0535,0,189,0.0516,0.0715,1,False
45,7706,0,vm_07706,pm_0552,0,179,0.0871,0.0626,1,False
45,7707,0,vm_07707,pm_0379,0,248,0.4948,0.0159,2,False
45,7708,0,vm_07708,pm_0014,0,250,0.1757,0.0135,3,False
45,7709,0,vm_07709,pm_0641,0,19,0.49,0.0149,2,False
45,7710,0,vm_07710,pm_0630,0,96,0.1076,0.0155,3,False
45,7711,0,vm_07711,pm_0176,0,221,0.0565,0.0356,1,False
45,7712,0,vm_07712,pm_0092,0,143,0.0623,0.0475,1,False
45,7713,0,vm_07713,pm_0185,0,6,0.0349,0.0669,1,False
45,7714,0,vm_07714,pm_0778,0,267,0.4822,0.0235,2,False
45,7715,0,vm_07715,pm_0404,0,295,0.0861,0.0646,1,False
45,7716,0,vm_07716,pm_0297,0,0,0.1627,0.02,3,False
45,7717,0,vm_07717,pm_0131,0,57,0.0492,0.0801,1,False
45,7718,0,vm_07718,pm_0259,0,263,0.135,0.0169,3,False
45,7719,0,vm_07719,pm_0732,0,89,0.3253,0.0163,2,False
45,7720,0,vm_07720,pm_0016,0,74,0.0651,0.0164,3,False
45,7721,0,vm_07721,pm_0141,0,260,0.6961,0.0142,2,False
45,7722,0,vm_07722,pm_0137,0,281,0.1001,0.0191,3,False
45,7723,0,vm_07723,pm_0080,0,242,0.081,0.0468,1,False
45,7724,0,vm_07724,pm_0250,0,118,0.2317,0.0148,3,False
45,7725,0,vm_07725,pm_0007,0,46,0.0912,0.0156,3,False
45,7726,0,vm_07726,pm_0249,0,167,0.0517,0.0694,1,False
45,7727,0,vm_07727,pm_0738,0,26,0.0574,0.0579,1,False
45,7728,0,vm_07728,pm_0595,0,295,0.4643,0.011,2,False
45,7729,0,vm_07729,pm_0341,0,0,0.1456,0.0152,3,False
45,7730,0,vm_07730,pm_0750,0,173,0.2988,0.0118,2,False
45,7731,0,vm_07731,pm_0563,0,166,0.6171,0.0167,2,False
45,7732,0,vm_07732,pm_0692,0,17,0.0373,0.0594,1,False
45,7733,0,vm_07733,pm_0411,0,90,0.0545,0.068,1,False
45,7734,0,vm_07734,pm_0259,0,201,0.1373,0.0151,3,False
45,7735,0,vm_07735,pm_0774,0,20,0.0674,0.065,1,False
45,7736,0,vm_07736,pm_0314,0,155,0.1156,0.0158,3,False
45,7737,0,vm_07737,pm_0142,0,13,0.0726,0.012,3,False
45,7738,0,vm_07738,pm_0595,0,19,0.1007,0.0599,1,False
45,7739,0,vm_07739,pm_0332,0,243,0.0849,0.0117,3,False
45,7740,0,vm_07740,pm_0250,0,172,0.0989,0.0686,1,False
45,7741,0,vm_07741,pm_0736,0,121,0.1067,0.0077,3,False
45,7742,0,vm_07742,pm_0054,0,183,0.0805,0.053,1,False
45,7743,0,vm_07743,pm_0635,0,67,0.2289,0.0097,3,False
45,7744,0,vm_07744,pm_0062,0,292,0.0525,0.0522,1,False
45,7745,0,vm_07745,pm_0153,0,158,0.4709,0.0148,2,False
45,7746,0,vm_07746,pm_0113,0,48,0.1039,0.015,3,False
45,7747,0,vm_07747,pm_0380,0,180,0.0794,0.0461,1,False
45,7748,0,vm_07748,pm_0355,0,294,0.1924,0.0126,3,False
45,7749,0,vm_07749,pm_0510,0,140,0.0325,0.0504,1,False
45,7750,0,vm_07750,pm_0446,0,17,0.1513,0.0177,3,False
45,7751,0,vm_07751,pm_0760,0,139,0.0826,0.0586,1,False
45,7752,0,vm_07752,pm_0106,0,71,0.0947,0.0152,3,False
45,7753,0,vm_07753,pm_0126,0,241,0.0909,0.0533,1,False
45,7754,0,vm_07754,pm_0466,0,260,0.4134,0.0107,2,False
45,7755,0,vm_07755,pm_0769,0,262,0.0487,0.0688,1,False
45,7756,0,vm_07756,pm_0522,0,142,0.1197,0.0106,3,False
45,7757,0,vm_07757,pm_0498,0,194,0.0594,0.0669,1,False
46,7758,0,vm_07758,pm_0621,0,145,0.1723,0.0104,3,False
46,7759,0,vm_07759,pm_0686,0,293,0.1932,0.0124,3,False
46,7760,0,vm_07760,pm_0739,0,25,0.034,0.0667,1,False
46,7761,0,vm_07761,pm_0699,0,58,0.1288,0.0074,3,False
46,7762,0,vm_07762,pm_0695,0,51,0.0738,0.0552,1,False
46,7763,0,vm_07763,pm_0324,0,148,0.0981,0.0503,1,False
46,7764,0,vm_07764,pm_0241,0,106,0.0556,0.014,3,False
46,7765,0,vm_07765,pm_0633,0,58,0.1338,0.0104,3,False
46,7766,0,vm_07766,pm_0728,0,257,0.1524,0.0142,3,False
46,7767,0,vm_07767,pm_0374,0,280,0.1137,0.0641,1,False
46,7768,0,vm_07768,pm_0435,0,18,0.0606,0.0568,1,False
46,7769,0,vm_07769,pm_0056,0,165,0.0271,0.0671,1,False
46,7770,0,vm_07770,pm_0687,0,24,0.1126,0.014,3,False
46,7771,0,vm_07771,pm_0604,0,3,0.7063,0.0227,2,False
46,7772,0,vm_07772,pm_0311,0,2,0.1711,0.0146,3,False
46,7773,0,vm_07773,pm_0095,0,26,0.1129,0.0626,1,False
46,7774,0,vm_07774,pm_0185,0,218,0.0698,0.0667,1,False
46,7775,0,vm_07775,pm_0346,0,43,0.068,0.0715,1,False
46,7776,0,vm_07776,pm_0459,0,211,0.0374,0.0669,1,False
46,7777,0,vm_07777,pm_0183,0,51,0.0656,0.0712,1,False
46,7778,0,vm_07778,pm_0781,0,152,0.0853,0.0113,3,False
46,7779,0,vm_07779,pm_0173,0,201,0.1421,0.0132,3,False
46,7780,0,vm_07780,pm_0118,0,10,0.5951,0.0155,2,False
46,7781,0,vm_07781,pm_0074,0,67,0.3314,0.0233,2,False
46,7782,0,vm_07782,pm_0403,0,226,0.0815,0.0737,1,False
46,7783,0,vm_07783,pm_0722,0,120,0.0963,0.0142,3,False
46,7784,0,vm_07784,pm_0141,0,14,0.056,0.0719,1,False
46,7785,0,vm_07785,pm_0372,0,56,0.1135,0.0117,3,False
46,7786,0,vm_07786,pm_0218,0,63,0.5243,0.0254,2,False
46,7787,0,vm_07787,pm_0210,0,229,0.0639,0.0402,1,False
46,7788,0,vm_07788,pm_0280,0,10,0.1639,0.0182,3,False
46,7789,0,vm_07789,pm_0588,0,120,0.0815,0.0701,1,False
46,7790,0,vm_07790,pm_0220,0,223,0.1694,0.0136,3,False
46,7791,0,vm_07791,pm_0086,0,224,0.308,0.0148,2,False
46,7792,0,vm_07792,pm_0238,0,124,0.0753,0.048,1,False
46,7793,0,vm_07793,pm_0113,0,147,0.3813,0.014,2,False
46,7794,0,vm_07794,pm_0592,0,227,0.0902,0.0149,3,False
46,7795,0,vm_07795,pm_0706,0,29,0.1067,0.0137,3,False
46,7796,0,vm_07796,pm_0556,0,9,0.0445,0.0687,1,False
46,7797,0,vm_07797,pm_0704,0,53,0.0641,0.0138,3,False
46,7798,0,vm_07798,pm_0013,0,185,0.054,0.0507,1,False
46,7799,0,vm_07799,pm_0054,0,206,0.0686,0.056,1,False
46,7800,0,vm_07800,pm_0525,0,254,0.1048,0.0646,1,False
46,7801,0,vm_07801,pm_0065,0,156,0.0599,0.061,1,False
46,7802,0,vm_07802,pm_0153,0,128,0.0571,0.0659,1,False
46,7803,0,vm_07803,pm_0499,0,57,0.12,0.0185,3,False
46,7804,0,vm_07804,pm_0300,0,194,0.0657,0.0564,1,False
46,7805,0,vm_07805,pm_0734,0,75,0.0731,0.0545,1,False
46,7806,0,vm_07806,pm_0429,0,88,0.101,0.0591,1,False
46,7807,0,vm_07807,pm_0664,0,80,0.1488,0.0066,3,False
46,7808,0,vm_07808,pm_0630,0,185,0.0736,0.0214,3,False
46,7809,0,vm_07809,pm_0582,0,267,0.0794,0.0489,1,False
46,7810,0,vm_07810,pm_0100,0,78,0.1198,0.0499,1,False
46,7811,0,vm_07811,pm_0505,0,144,0.0561,0.0745,1,False
46,7812,0,vm_07812,pm_0256,0,128,0.0999,0.0505,1,False
46,7813,0,vm_07813,pm_0084,0,13,0.0357,0.0612,1,False
46,7814,0,vm_07814,pm_0130,0,118,0.3383,0.0127,2,False
46,7815,0,vm_07815,pm_0025,0,1,0.0546,0.0583,1,False
46,7816,0,vm_07816,pm_0663,0,3,0.3022,0.0186,2,False
46,7817,0,vm_07817,pm_0598,0,243,0.038,0.0739,1,False
46,7818,0,vm_07818,pm_0322,0,65,0.1062,0.013,3,False
46,7819,0,vm_07819,pm_0260,0,245,0.2029,0.0158,3,False
46,7820,0,vm_07820,pm_0382,0,89,0.3963,0.0213,2,False
46,7821,0,vm_07821,pm_0515,0,177,0.0823,0.061,1,False
46,7822,0,vm_07822,pm_0052,0,59,0.0713,0.0541,1,False
46,7823,0,vm_07823,pm_0793,0,231,0.5889,0.0119,2,False
46,7824,0,vm_07824,pm_0623,0,175,0.1662,0.0152,3,False
46,7825,0,vm_07825,pm_0199,0,166,0.3299,0.0192,2,False
46,7826,0,vm_07826,pm_0502,0,197,0.1222,0.0157,3,False
46,7827,0,vm_07827,pm_0701,0,59,0.1782,0.0135,3,False
46,7828,0,vm_07828,pm_0753,0,82,0.0435,0.0688,1,False
46,7829,0,vm_07829,pm_0642,0,73,0.5851,0.011,2,False
47,7830,0,vm_07830,pm_0074,0,25,0.0558,0.0602,1,False
47,7831,0,vm_07831,pm_0525,0,242,0.0434,0.0634,1,False
47,7832,0,vm_07832,pm_0480,0,115,0.3101,0.0186,2,False
47,7833,0,vm_07833,pm_0059,0,179,0.0361,0.0433,1,False
47,7834,0,vm_07834,pm_0472,0,261,0.115,0.0137,3,False
47,7835,0,vm_07835,pm_0788,0,113,0.0469,0.0723,1,False
47,7836,0,vm_07836,pm_0515,0,265,0.4412,0.0137,2,False
47,7837,0,vm_07837,pm_0740,0,37,0.131,0.0139,3,False
47,7838,0,vm_07838,pm_0468,0,76,0.2622,0.0106,3,False
47,7839,0,vm_07839,pm_0291,0,101,0.0451,0.0559,1,False
47,7840,0,vm_07840,pm_0155,0,11,0.2091,0.0145,3,False
47,7841,0,vm_07841,pm_0207,0,48,0.358,0.0201,2,False
47,7842,0,vm_07842,pm_0561,0,253,0.49,0.0189,2,False
47,7843,0,vm_07843,pm_0213,0,248,0.0863,0.0462,1,False
47,7844,0,vm_07844,pm_0020,0,71,0.3569,0.0123,2,False
47,7845,0,vm_07845,pm_0235,0,196,0.2033,0.013,3,False
47,7846,0,vm_07846,pm_0623,0,252,0.168,0.0196,3,False
47,7847,0,vm_07847,pm_0218,0,298,0.1578,0.0154,3,False
47,7848,0,vm_07848,pm_0052,0,221,0.4131,0.0165,2,False
47,7849,0,vm_07849,pm_0200,0,59,0.0448,0.068,1,False
47,7850,0,vm_07850,pm_0403,0,156,0.0542,0.0796,1,False
47,7851,0,vm_07851,pm_0291,0,201,0.0611,0.0577,1,False
47,7852,0,vm_07852,pm_0506,0,266,0.1537,0.0132,3,False
47,7853,0,vm_07853,pm_0394,0,34,0.1757,0.0162,3,False
47,7854,0,vm_07854,pm_0607,0,254,0.0962,0.0584,1,False
47,7855,0,vm_07855,pm_0413,0,22,0.2725,0.0196,2,False
47,7856,0,vm_07856,pm_0551,0,164,0.6258,0.022,2,False
47,7857,0,vm_07857,pm_0530,0,27,0.6645,0.0114,2,False
47,7858,0,vm_07858,pm_0429,0,52,0.0545,0.0581,1,False
47,7859,0,vm_07859,pm_0558,0,283,0.0885,0.0726,1,False
47,7860,0,vm_07860,pm_0167,0,297,0.0716,0.065,1,False
47,7861,0,vm_07861,pm_0424,0,84,0.0689,0.0476,1,False
47,7862,0,vm_07862,pm_0748,0,123,0.081,0.0591,1,False
47,7863,0,vm_07863,pm_0061,0,206,0.1116,0.0598,1,False
47,7864,0,vm_07864,pm_0721,0,164,0.0892,0.0168,3,False
47,7865,0,vm_07865,pm_0265,0,46,0.0676,0.0679,1,False
47,7866,0,vm_07866,pm_0579,0,155,0.1494,0.0159,3,False
47,7867,0,vm_07867,pm_0788,0,265,0.0587,0.0525,1,False
47,7868,0,vm_07868,pm_0608,0,278,0.0694,0.0687,1,False
47,7869,0,vm_07869,pm_0398,0,4,0.0965,0.0443,1,False
47,7870,0,vm_07870,pm_0139,0,81,0.0585,0.0422,1,False
47,7871,0,vm_07871,pm_0709,0,118,0.2211,0.018,3,False
47,7872,0,vm_07872,pm_0205,0,261,0.0711,0.0645,1,False
47,7873,0,vm_07873,pm_0435,0,124,0.2,0.0098,3,False
47,7874,0,vm_07874,pm_0588,0,214,0.0843,0.0156,3,False
47,7875,0,vm_07875,pm_0308,0,27,0.4785,0.0241,2,False
47,7876,0,vm_07876,pm_0411,0,268,0.4042,0.009,2,False
47,7877,0,vm_07877,pm_0590,0,24,0.0965,0.0153,3,False
47,7878,0,vm_07878,pm_0508,0,6,0.0536,0.0534,1,False
47,7879,0,vm_07879,pm_0267,0,193,0.1786,0.0151,3,False
47,7880,0,vm_07880,pm_0529,0,79,0.0409,0.0662,1,False
47,7881,0,vm_07881,pm_0651,0,35,0.0382,0.0441,1,False
47,7882,0,vm_07882,pm_0667,0,257,0.5252,0.0136,2,False
47,7883,0,vm_07883,pm_0250,0,112,0.5179,0.0152,2,False
47,7884,0,vm_07884,pm_0272,0,293,0.1267,0.0162,3,False
47,7885,0,vm_07885,pm_0044,0,201,0.0453,0.0508,1,False
47,7886,0,vm_07886,pm_0418,0,13,0.1657,0.0134,3,False
47,7887,0,vm_07887,pm_0390,0,154,0.0516,0.0469,1,False
47,7888,0,vm_07888,pm_0608,0,84,0.066,0.0509,1,False
47,7889,0,vm_07889,pm_0550,0,139,0.0458,0.0445,1,False
47,7890,0,vm_07890,pm_0228,0,96,0.0706,0.054,1,False
47,7891,0,vm_07891,pm_0603,0,184,0.0974,0.0483,1,False
47,7892,0,vm_07892,pm_0407,0,188,0.4657,0.0206,2,False
47,7893,0,vm_07893,pm_0273,0,81,0.0994,0.0171,3,False
47,7894,0,vm_07894,pm_0263,0,299,0.5469,0.017,2,False
48,7895,0,vm_07895,pm_0540,0,179,0.6853,0.0192,2,False
48,7896,0,vm_07896,pm_0291,0,104,0.1595,0.0114,3,False
48,7897,0,vm_07897,pm_0353,0,209,0.1504,0.0146,3,False
48,7898,0,vm_07898,pm_0455,0,248,0.482,0.022,2,False
48,7899,0,vm_07899,pm_0297,0,71,0.0599,0.0678,1,False
48,7900,0,vm_07900,pm_0561,0,160,0.0978,0.0119,3,False
48,7901,0,vm_07901,pm_0453,0,132,0.2695,0.0099,2,False
48,7902,0,vm_07902,pm_0077,0,239,0.0755,0.0518,1,False
48,7903,0,vm_07903,pm_0582,0,77,0.0373,0.0623,1,False
48,7904,0,vm_07904,pm_0375,0,57,0.1985,0.013,3,False
48,7905,0,vm_07905,pm_0006,0,124,0.0751,0.0712,1,False
48,7906,0,vm_07906,pm_0209,0,10,0.0802,0.0129,3,False
48,7907,0,vm_07907,pm_0138,0,26,0.1023,0.0539,1,False
48,7908,0,vm_07908,pm_0175,0,206,0.1324,0.0142,3,False
48,7909,0,vm_07909,pm_0329,0,221,0.0434,0.0667,1,False
48,7910,0,vm_07910,pm_0672,0,249,0.3958,0.0138,2,False
48,7911,0,vm_07911,pm_0081,0,207,0.102,0.012,3,False
48,7912,0,vm_07912,pm_0664,0,108,0.5421,0.0143,2,False
48,7913,0,vm_07913,pm_0328,0,295,0.3168,0.0192,2,False
48,7914,0,vm_07914,pm_0514,0,60,0.0631,0.0653,1,False
48,7915,0,vm_07915,pm_0608,0,121,0.0845,0.0371,1,False
48,7916,0,vm_07916,pm_0148,0,238,0.0454,0.0735,1,False
48,7917,0,vm_07917,pm_0227,0,105,0.0974,0.0154,3,False
48,7918,0,vm_07918,pm_0275,0,278,0.077,0.0459,1,False
48,7919,0,vm_07919,pm_0701,0,35,0.0574,0.0613,1,False
48,7920,0,vm_07920,pm_0531,0,37,0.398,0.0174,2,False
48,7921,0,vm_07921,pm_0521,0,71,0.1608,0.0161,3,False
48,7922,0,vm_07922,pm_0709,0,55,0.1395,0.0141,3,False
48,7923,0,vm_07923,pm_0588,0,166,0.1259,0.0632,1,False
48,7924,0,vm_07924,pm_0268,0,220,0.0239,0.0607,1,False
48,7925,0,vm_07925,pm_0505,0,75,0.1266,0.0143,3,False
48,7926,0,vm_07926,pm_0102,0,209,0.0322,0.0642,1,False
48,7927,0,vm_07927,pm_0418,0,210,0.1339,0.0134,3,False
48,7928,0,vm_07928,pm_0718,0,227,0.086,0.0144,3,False
48,7929,0,vm_07929,pm_0626,0,224,0.1252,0.0126,3,False
48,7930,0,vm_07930,pm_0016,0,253,0.0855,0.0638,1,False
48,7931,0,vm_07931,pm_0168,0,155,0.1701,0.0182,3,False
48,7932,0,vm_07932,pm_0510,0,148,0.1681,0.0139,3,False
48,7933,0,vm_07933,pm_0657,0,278,0.1462,0.0124,3,False
48,7934,0,vm_07934,pm_0023,0,230,0.0572,0.0675,1,False
48,7935,0,vm_07935,pm_0522,0,189,0.0849,0.061,1,False
48,7936,0,vm_07936,pm_0520,0,224,0.0597,0.0569,1,False
48,7937,0,vm_07937,pm_0364,0,64,0.4568,0.0147,2,False
48,7938,0,vm_07938,pm_0695,0,107,0.1995,0.013,3,False
48,7939,0,vm_07939,pm_0118,0,79,0.0477,0.0518,1,False
48,7940,0,vm_07940,pm_0375,0,132,0.2955,0.0163,2,False
48,7941,0,vm_07941,pm_0052,0,173,0.0632,0.0613,1,False
48,7942,0,vm_07942,pm_0282,0,63,0.2144,0.0084,3,False
48,7943,0,vm_07943,pm_0456,0,209,0.146,0.0127,3,False
48,7944,0,vm_07944,pm_0519,0,296,0.0806,0.0743,1,False
48,7945,0,vm_07945,pm_0487,0,97,0.071,0.0609,1,False
48,7946,0,vm_07946,pm_0745,0,171,0.0432,0.0575,1,False
48,7947,0,vm_07947,pm_0457,0,88,0.1167,0.014,3,False
48,7948,0,vm_07948,pm_0019,0,225,0.1775,0.0118,3,False
48,7949,0,vm_07949,pm_0568,0,142,0.2358,0.0126,3,False
48,7950,0,vm_07950,pm_0778,0,195,0.0884,0.0617,1,False
48,7951,0,vm_07951,pm_0461,0,178,0.1476,0.0118,3,False
49,7952,0,vm_07952,pm_0086,0,53,0.0914,0.0741,1,False
49,7953,0,vm_07953,pm_0032,0,195,0.198,0.0124,3,False
49,7954,0,vm_07954,pm_0489,0,216,0.0562,0.0491,1,False
49,7955,0,vm_07955,pm_0655,0,297,0.1245,0.0173,3,False
49,7956,0,vm_07956,pm_0113,0,24,0.3933,0.0202,2,False
49,7957,0,vm_07957,pm_0501,0,66,0.175,0.0178,3,False
49,7958,0,vm_07958,pm_0076,0,162,0.1067,0.0175,3,False
49,7959,0,vm_07959,pm_0008,0,111,0.0643,0.0619,1,False
49,7960,0,vm_07960,pm_0425,0,205,0.0829,0.0684,1,False
49,7961,0,vm_07961,pm_0432,0,136,0.1531,0.0164,3,False
49,7962,0,vm_07962,pm_0510,0,278,0.0703,0.0528,1,False
49,7963,0,vm_07963,pm_0025,0,164,0.0718,0.0633,1,False
49,7964,0,vm_07964,pm_0283,0,270,0.6838,0.0174,2,False
49,7965,0,vm_07965,pm_0685,0,227,0.08,0.019,3,False
49,7966,0,vm_07966,pm_0656,0,126,0.062,0.0814,1,False
49,7967,0,vm_07967,pm_0453,0,269,0.0599,0.0624,1,False
49,7968,0,vm_07968,pm_0216,0,247,0.0554,0.0647,1,False
49,7969,0,vm_07969,pm_0033,0,35,0.2965,0.0174,2,False
49,7970,0,vm_07970,pm_0657,0,154,0.138,0.015,3,False
49,7971,0,vm_07971,pm_0722,0,144,0.1035,0.0105,3,False
49,7972,0,vm_07972,pm_0703,0,259,0.0733,0.0139,3,False
49,7973,0,vm_07973,pm_0762,0,18,0.0374,0.0517,1,False
49,7974,0,vm_07974,pm_0501,0,57,0.1849,0.013,3,False
49,7975,0,vm_07975,pm_0095,0,262,0.3311,0.013,2,False
49,7976,0,vm_07976,pm_0150,0,35,0.0409,0.0556,1,False
49,7977,0,vm_07977,pm_0232,0,210,0.1424,0.0168,3,False
49,7978,0,vm_07978,pm_0739,0,147,0.154,0.0138,3,False
49,7979,0,vm_07979,pm_0187,0,101,0.0646,0.0175,3,False
49,7980,0,vm_07980,pm_0015,0,75,0.1824,0.0098,3,False
49,7981,0,vm_07981,pm_0290,0,67,0.0454,0.0598,1,False
49,7982,0,vm_07982,pm_0755,0,65,0.0492,0.0533,1,False
49,7983,0,vm_07983,pm_0690,0,221,0.085,0.0113,3,False
49,7984,0,vm_07984,pm_0584,0,150,0.0393,0.0563,1,False
49,7985,0,vm_07985,pm_0701,0,273,0.3264,0.0215,2,False
49,7986,0,vm_07986,pm_0775,0,277,0.2167,0.0175,3,False
49,7987,0,vm_07987,pm_0490,0,67,0.1854,0.0134,3,False
49,7988,0,vm_07988,pm_0314,0,234,0.3256,0.0208,2,False
49,7989,0,vm_07989,pm_0078,0,202,0.1467,0.014,3,False
49,7990,0,vm_07990,pm_0211,0,232,0.1537,0.0145,3,False
49,7991,0,vm_07991,pm_0172,0,162,0.0727,0.0115,3,False
49,7992,0,vm_07992,pm_0402,0,97,0.0766,0.0713,1,False
49,7993,0,vm_07993,pm_0511,0,8,0.1168,0.0633,1,False
49,7994,0,vm_07994,pm_0632,0,248,0.0456,0.0665,1,False
49,7995,0,vm_07995,pm_0586,0,226,0.0716,0.0622,1,False
49,7996,0,vm_07996,pm_0114,0,240,0.0462,0.0577,1,False
49,7997,0,vm_07997,pm_0526,0,74,0.07,0.0679,1,False
49,7998,0,vm_07998,pm_0248,0,16,0.4938,0.0127,2,False
49,7999,0,vm_07999,pm_0749,0,50,0.1501,0.0155,3,False
49,8000,0,vm_08000,pm_0201,0,227,0.0673,0.053,1,False
49,8001,0,vm_08001,pm_0197,0,193,0.1348,0.0153,3,False
49,8002,0,vm_08002,pm_0187,0,279,0.1297,0.0126,3,False
49,8003,0,vm_08003,pm_0171,0,237,0.0762,0.073,1,False
49,8004,0,vm_08004,pm_0046,0,270,0.1976,0.0157,3,False
49,8005,0,vm_08005,pm_0378,0,156,0.4984,0.0109,2,False
49,8006,0,vm_08006,pm_0637,0,253,0.0409,0.0709,1,False
49,8007,0,vm_08007,pm_0558,0,300,0.1293,0.0162,3,False
49,8008,0,vm_08008,pm_0731,0,117,0.0469,0.0485,1,False
49,8009,0,vm_08009,pm_0728,0,49,0.1235,0.0147,3,False
49,8010,0,vm_08010,pm_0777,0,277,0.0497,0.0577,1,False
49,8011,0,vm_08011,pm_0327,0,51,0.0728,0.0167,3,False
49,8012,0,vm_08012,pm_0342,0,180,0.3833,0.0151,2,False
49,8013,0,vm_08013,pm_0736,0,30,0.0941,0.0193,3,False
50,8014,0,vm_08014,pm_0231,0,245,0.0731,0.0366,1,False
50,8015,0,vm_08015,pm_0017,0,89,0.142,0.0153,3,False
50,8016,0,vm_08016,pm_0579,0,30,0.1807,0.0165,3,False
50,8017,0,vm_08017,pm_0140,0,101,0.4238,0.015,2,False
50,8018,0,vm_08018,pm_0272,0,229,0.1378,0.0157,3,False
50,8019,0,vm_08019,pm_0074,0,96,0.5538,0.0126,2,False
50,8020,0,vm_08020,pm_0582,0,66,0.1063,0.0144,3,False
50,8021,0,vm_08021,pm_0277,0,191,0.4353,0.0155,2,False
50,8022,0,vm_08022,pm_0646,0,210,0.124,0.0113,3,False
50,8023,0,vm_08023,pm_0750,0,136,0.1799,0.0121,3,False
50,8024,0,vm_08024,pm_0280,0,183,0.4433,0.0176,2,False
50,8025,0,vm_08025,pm_0692,0,55,0.085,0.07,1,False
50,8026,0,vm_08026,pm_0299,0,249,0.492,0.0146,2,False
50,8027,0,vm_08027,pm_0729,0,281,0.1234,0.015,3,False
50,8028,0,vm_08028,pm_0790,0,59,0.0562,0.0602,1,False
50,8029,0,vm_08029,pm_0263,0,127,0.3439,0.0229,2,False
50,8030,0,vm_08030,pm_0075,0,204,0.0947,0.0154,3,False
50,8031,0,vm_08031,pm_0495,0,213,0.0305,0.0769,1,False
50,8032,0,vm_08032,pm_0716,0,126,0.1137,0.012,3,False
50,8033,0,vm_08033,pm_0694,0,71,0.0863,0.0827,1,False
50,8034,0,vm_08034,pm_0301,0,215,0.076,0.0638,1,False
50,8035,0,vm_08035,pm_0462,0,89,0.2217,0.0167,3,False
50,8036,0,vm_08036,pm_0655,0,232,0.0297,0.0667,1,False
50,8037,0,vm_08037,pm_0743,0,232,0.0344,0.0692,1,False
50,8038,0,vm_08038,pm_0725,0,62,0.1417,0.0161,3,False
50,8039,0,vm_08039,pm_0621,0,246,0.0502,0.052,1,False
50,8040,0,vm_08040,pm_0550,0,134,0.1436,0.0178,3,False
50,8041,0,vm_08041,pm_0630,0,1,0.138,0.0158,3,False
50,8042,0,vm_08042,pm_0460,0,160,0.0466,0.0478,1,False
50,8043,0,vm_08043,pm_0757,0,139,0.0918,0.0706,1,False
50,8044,0,vm_08044,pm_0405,0,201,0.11,0.0174,3,False
50,8045,0,vm_08045,pm_0280,0,124,0.5997,0.0149,2,False
50,8046,0,vm_08046,pm_0731,0,81,0.0654,0.0901,1,False
50,8047,0,vm_08047,pm_0532,0,163,0.1872,0.0195,3,False
50,8048,0,vm_08048,pm_0578,0,239,0.0798,0.0528,1,False
50,8049,0,vm_08049,pm_0447,0,212,0.1935,0.0168,3,False
50,8050,0,vm_08050,pm_0612,0,148,0.0895,0.0462,1,False
50,8051,0,vm_08051,pm_0198,0,71,0.0465,0.0457,1,False
50,8052,0,vm_08052,pm_0512,0,102,0.0724,0.0549,1,False
50,8053,0,vm_08053,pm_0727,0,182,0.11,0.0153,3,False
50,8054,0,vm_08054,pm_0061,0,183,0.1406,0.0149,3,False
50,8055,0,vm_08055,pm_0693,0,12,0.2024,0.0069,3,False
50,8056,0,vm_08056,pm_0362,0,231,0.037,0.0761,1,False
50,8057,0,vm_08057,pm_0134,0,149,0.0972,0.0663,1,False
50,8058,0,vm_08058,pm_0022,0,262,0.0757,0.0476,1,False
50,8059,0,vm_08059,pm_0281,0,23,0.3137,0.009,2,False
50,8060,0,vm_08060,pm_0653,0,188,0.3158,0.0134,2,False
50,8061,0,vm_08061,pm_0580,0,132,0.0845,0.0147,3,False
50,8062,0,vm_08062,pm_0518,0,49,0.0844,0.0551,1,False
50,8063,0,vm_08063,pm_0336,0,182,0.1298,0.0136,3,False
50,8064,0,vm_08064,pm_0172,0,25,0.0849,0.0577,1,False
50,8065,0,vm_08065,pm_0001,0,137,0.1498,0.0088,3,False
50,8066,0,vm_08066,pm_0477,0,10,0.0383,0.0637,1,False
50,8067,0,vm_08067,pm_0515,0,295,0.3715,0.009,2,False
50,8068,0,vm_08068,pm_0360,0,101,0.0642,0.0646,1,False
50,8069,0,vm_08069,pm_0194,0,10,0.4825,0.0195,2,False
50,8070,0,vm_08070,pm_0436,0,111,0.326,0.0114,2,False
50,8071,0,vm_08071,pm_0545,0,93,0.4594,0.0195,2,False
50,8072,0,vm_08072,pm_0044,0,259,0.384,0.0172,2,False
50,8073,0,vm_08073,pm_0776,0,257,0.1021,0.01,3,False
50,8074,0,vm_08074,pm_0764,0,166,0.1513,0.0101,3,False
51,8075,0,vm_08075,pm_0497,0,208,0.1812,0.0167,3,False
51,8076,0,vm_08076,pm_0241,0,44,0.0491,0.0575,1,False
51,8077,0,vm_08077,pm_0327,0,204,0.1869,0.0139,3,False
51,8078,0,vm_08078,pm_0475,0,41,0.144,0.0181,3,False
51,8079,0,vm_08079,pm_0281,0,284,0.0572,0.0602,1,False
51,8080,0,vm_08080,pm_0364,0,99,0.2969,0.0132,2,False
51,8081,0,vm_08081,pm_0266,0,271,0.0391,0.054,1,False
51,8082,0,vm_08082,pm_0087,0,5,0.0608,0.0485,1,False
51,8083,0,vm_08083,pm_0651,0,41,0.052,0.0563,1,False
51,8084,0,vm_08084,pm_0390,0,252,0.0453,0.0528,1,False
51,8085,0,vm_08085,pm_0222,0,75,0.113,0.0133,3,False
51,8086,0,vm_08086,pm_0166,0,41,0.1122,0.0135,3,False
51,8087,0,vm_08087,pm_0205,0,267,0.076,0.0079,3,False
51,8088,0,vm_08088,pm_0602,0,216,0.1326,0.0149,3,False
51,8089,0,vm_08089,pm_0071,0,63,0.0464,0.0625,1,False
51,8090,0,vm_08090,pm_0524,0,178,0.1461,0.0144,3,False
51,8091,0,vm_08091,pm_0345,0,28,0.1566,0.008,3,False
51,8092,0,vm_08092,pm_0672,0,274,0.6267,0.0151,2,False
51,8093,0,vm_08093,pm_0602,0,215,0.1279,0.0165,3,False
51,8094,0,vm_08094,pm_0128,0,300,0.1414,0.0096,3,False
51,8095,0,vm_08095,pm_0280,0,53,0.3312,0.0126,2,False
51,8096,0,vm_08096,pm_0596,0,79,0.1783,0.0134,3,False
51,8097,0,vm_08097,pm_0485,0,193,0.0726,0.0578,1,False
51,8098,0,vm_08098,pm_0229,0,199,0.0397,0.0675,1,False
51,8099,0,vm_08099,pm_0335,0,12,0.3434,0.0171,2,False
51,8100,0,vm_08100,pm_0231,0,221,0.1302,0.0162,3,False
51,8101,0,vm_08101,pm_0202,0,192,0.1,0.0115,3,False
51,8102,0,vm_08102,pm_0431,0,239,0.2043,0.0181,3,False
51,8103,0,vm_08103,pm_0720,0,269,0.0514,0.0827,1,False
51,8104,0,vm_08104,pm_0711,0,297,0.0648,0.0719,1,False
51,8105,0,vm_08105,pm_0588,0,98,0.0981,0.0149,3,False
51,8106,0,vm_08106,pm_0600,0,219,0.1539,0.0105,3,False
51,8107,0,vm_08107,pm_0703,0,103,0.0325,0.0777,1,False
51,8108,0,vm_08108,pm_0367,0,64,0.5769,0.016,2,False
51,8109,0,vm_08109,pm_0187,0,144,0.122,0.013,3,False
51,8110,0,vm_08110,pm_0471,0,37,0.1353,0.0079,3,False
51,8111,0,vm_08111,pm_0398,0,27,0.4846,0.0234,2,False
51,8112,0,vm_08112,pm_0069,0,288,0.065,0.0518,1,False
51,8113,0,vm_08113,pm_0305,0,236,0.1382,0.0138,3,False
51,8114,0,vm_08114,pm_0040,0,125,0.1145,0.0116,3,False
51,8115,0,vm_08115,pm_0606,0,84,0.28,0.0114,2,False
51,8116,0,vm_08116,pm_0029,0,236,0.0862,0.0655,1,False
51,8117,0,vm_08117,pm_0114,0,245,0.1394,0.0069,3,False
51,8118,0,vm_08118,pm_0129,0,265,0.0743,0.0506,1,False
51,8119,0,vm_08119,pm_0366,0,248,0.0529,0.0667,1,False
51,8120,0,vm_08120,pm_0136,0,291,0.4495,0.0165,2,False
51,8121,0,vm_08121,pm_0338,0,204,0.0539,0.0652,1,False
51,8122,0,vm_08122,pm_0111,0,227,0.185,0.0097,3,False
51,8123,0,vm_08123,pm_0539,0,239,0.0717,0.0645,1,False
51,8124,0,vm_08124,pm_0258,0,72,0.0785,0.0145,3,False
51,8125,0,vm_08125,pm_0408,0,158,0.0861,0.0584,1,False
52,8126,0,vm_08126,pm_0572,0,211,0.0789,0.044,1,False
52,8127,0,vm_08127,pm_0180,0,135,0.0401,0.0442,1,False
52,8128,0,vm_08128,pm_0189,0,282,0.1515,0.0144,3,False
52,8129,0,vm_08129,pm_0354,0,163,0.1365,0.0143,3,False
52,8130,0,vm_08130,pm_0005,0,136,0.078,0.0707,1,False
52,8131,0,vm_08131,pm_0693,0,170,0.1123,0.0139,3,False
52,8132,0,vm_08132,pm_0469,0,151,0.1289,0.0121,3,False
52,8133,0,vm_08133,pm_0399,0,164,0.0799,0.0138,3,False
52,8134,0,vm_08134,pm_0105,0,296,0.0949,0.0633,1,False
52,8135,0,vm_08135,pm_0633,0,103,0.1134,0.0128,3,False
52,8136,0,vm_08136,pm_0309,0,221,0.0498,0.0583,1,False
52,8137,0,vm_08137,pm_0275,0,281,0.0497,0.0612,1,False
52,8138,0,vm_08138,pm_0756,0,128,0.1427,0.0158,3,False
52,8139,0,vm_08139,pm_0268,0,219,0.6214,0.0138,2,False
52,8140,0,vm_08140,pm_0279,0,172,0.0724,0.0688,1,False
52,8141,0,vm_08141,pm_0303,0,95,0.0218,0.0745,1,False
52,8142,0,vm_08142,pm_0527,0,51,0.136,0.0164,3,False
52,8143,0,vm_08143,pm_0390,0,93,0.1482,0.0155,3,False
52,8144,0,vm_08144,pm_0370,0,63,0.0486,0.0607,1,False
52,8145,0,vm_08145,pm_0075,0,20,0.1462,0.0134,3,False
52,8146,0,vm_08146,pm_0787,0,105,0.0728,0.0573,1,False
52,8147,0,vm_08147,pm_0174,0,199,0.0835,0.0648,1,False
52,8148,0,vm_08148,pm_0135,0,280,0.126,0.0161,3,False
52,8149,0,vm_08149,pm_0285,0,281,0.0638,0.044,1,False
52,8150,0,vm_08150,pm_0769,0,99,0.0585,0.0451,1,False
52,8151,0,vm_08151,pm_0080,0,26,0.552,0.0148,2,False
52,8152,0,vm_08152,pm_0112,0,244,0.1181,0.0166,3,False
52,8153,0,vm_08153,pm_0062,0,62,0.0411,0.0584,1,False
52,8154,0,vm_08154,pm_0080,0,37,0.154,0.0199,3,False
52,8155,0,vm_08155,pm_0284,0,126,0.1341,0.0128,3,False
52,8156,0,vm_08156,pm_0220,0,70,0.0962,0.0328,1,False
52,8157,0,vm_08157,pm_0148,0,133,0.1697,0.0171,3,False
52,8158,0,vm_08158,pm_0444,0,252,0.0581,0.0636,1,False
52,8159,0,vm_08159,pm_0014,0,12,0.09,0.0653,1,False
52,8160,0,vm_08160,pm_0777,0,173,0.138,0.0125,3,False
52,8161,0,vm_08161,pm_0506,0,89,0.1905,0.0151,3,False
52,8162,0,vm_08162,pm_0540,0,288,0.0491,0.053,1,False
52,8163,0,vm_08163,pm_0051,0,206,0.4787,0.0095,2,False
52,8164,0,vm_08164,pm_0015,0,61,0.6028,0.0227,2,False
52,8165,0,vm_08165,pm_0545,0,38,0.0775,0.0695,1,False
52,8166,0,vm_08166,pm_0743,0,59,0.0912,0.0583,1,False
52,8167,0,vm_08167,pm_0321,0,104,0.1178,0.0769,1,False
52,8168,0,vm_08168,pm_0353,0,238,0.1005,0.0192,3,False
52,8169,0,vm_08169,pm_0771,0,126,0.538,0.0159,2,False
52,8170,0,vm_08170,pm_0586,0,82,0.0727,0.0459,1,False
52,8171,0,vm_08171,pm_0774,0,219,0.1167,0.0131,3,False
52,8172,0,vm_08172,pm_0456,0,104,0.1415,0.0151,3,False
52,8173,0,vm_08173,pm_0597,0,73,0.3568,0.0148,2,False
52,8174,0,vm_08174,pm_0752,0,134,0.0906,0.0718,1,False
52,8175,0,vm_08175,pm_0699,0,61,0.2073,0.0148,3,False
52,8176,0,vm_08176,pm_0586,0,0,0.0752,0.0664,1,False
52,8177,0,vm_08177,pm_0630,0,78,0.0581,0.047,1,False
52,8178,0,vm_08178,pm_0516,0,64,0.1466,0.0153,3,False
52,8179,0,vm_08179,pm_0272,0,182,0.0505,0.0631,1,False
53,8180,0,vm_08180,pm_0129,0,65,0.0389,0.0632,1,False
53,8181,0,vm_08181,pm_0421,0,207,0.0479,0.055,1,False
53,8182,0,vm_08182,pm_0283,0,53,0.0661,0.0399,1,False
53,8183,0,vm_08183,pm_0341,0,220,0.0623,0.0707,1,False
53,8184,0,vm_08184,pm_0770,0,235,0.065,0.0124,3,False
53,8185,0,vm_08185,pm_0447,0,99,0.0797,0.0722,1,False
53,8186,0,vm_08186,pm_0488,0,102,0.056,0.0482,1,False
53,8187,0,vm_08187,pm_0598,0,181,0.0572,0.0619,1,False
53,8188,0,vm_08188,pm_0284,0,107,0.1011,0.0128,3,False
53,8189,0,vm_08189,pm_0335,0,11,0.3651,0.0118,2,False
53,8190,0,vm_08190,pm_0153,0,85,0.0668,0.0545,1,False
53,8191,0,vm_08191,pm_0119,0,287,0.1962,0.014,3,False
53,8192,0,vm_08192,pm_0056,0,213,0.0997,0.0638,1,False
53,8193,0,vm_08193,pm_0716,0,43,0.0803,0.0662,1,False
53,8194,0,vm_08194,pm_0383,0,77,0.089,0.0608,1,False
53,8195,0,vm_08195,pm_0485,0,54,0.0442,0.0575,1,False
53,8196,0,vm_08196,pm_0181,0,271,0.0716,0.0695,1,False
53,8197,0,vm_08197,pm_0240,0,70,0.0948,0.015,3,False
53,8198,0,vm_08198,pm_0009,0,67,0.0708,0.0585,1,False
53,8199,0,vm_08199,pm_0680,0,179,0.4886,0.0182,2,False
53,8200,0,vm_08200,pm_0053,0,173,0.0622,0.0647,1,False
53,8201,0,vm_08201,pm_0153,0,168,0.0721,0.0504,1,False
53,8202,0,vm_08202,pm_0668,0,260,0.4008,0.009,2,False
53,8203,0,vm_08203,pm_0706,0,124,0.1501,0.0161,3,False
53,8204,0,vm_08204,pm_0305,0,130,0.0758,0.0612,1,False
53,8205,0,vm_08205,pm_0523,0,233,0.1804,0.0108,3,False
53,8206,0,vm_08206,pm_0541,0,153,0.0753,0.0529,1,False
53,8207,0,vm_08207,pm_0355,0,124,0.1014,0.0455,1,False
53,8208,0,vm_08208,pm_0069,0,99,0.059,0.0398,1,False
53,8209,0,vm_08209,pm_0664,0,52,0.0317,0.0623,1,False
53,8210,0,vm_08210,pm_0302,0,127,0.0516,0.0585,1,False
53,8211,0,vm_08211,pm_0059,0,13,0.0946,0.0493,1,False
53,8212,0,vm_08212,pm_0277,0,4,0.2019,0.0138,3,False
53,8213,0,vm_08213,pm_0797,0,249,0.0608,0.0614,1,False
53,8214,0,vm_08214,pm_0109,0,26,0.3579,0.0218,2,False
53,8215,0,vm_08215,pm_0746,0,124,0.071,0.0453,1,False
53,8216,0,vm_08216,pm_0423,0,28,0.496,0.012,2,False
53,8217,0,vm_08217,pm_0469,0,2,0.5704,0.0146,2,False
53,8218,0,vm_08218,pm_0073,0,227,0.0795,0.057,1,False
53,8219,0,vm_08219,pm_0179,0,136,0.0851,0.0633,1,False
53,8220,0,vm_08220,pm_0506,0,256,0.117,0.014,3,False
53,8221,0,vm_08221,pm_0404,0,239,0.2104,0.0136,3,False
53,8222,0,vm_08222,pm_0343,0,278,0.0659,0.0747,1,False
53,8223,0,vm_08223,pm_0382,0,159,0.0761,0.0408,1,False
53,8224,0,vm_08224,pm_0613,0,5,0.1411,0.0139,3,False
53,8225,0,vm_08225,pm_0522,0,142,0.0711,0.0502,1,False
53,8226,0,vm_08226,pm_0524,0,180,0.5791,0.0146,2,False
53,8227,0,vm_08227,pm_0506,0,29,0.0406,0.0631,1,False
53,8228,0,vm_08228,pm_0034,0,252,0.1253,0.0657,1,False
53,8229,0,vm_08229,pm_0244,0,39,0.1119,0.0152,3,False
53,8230,0,vm_08230,pm_0689,0,186,0.2757,0.0169,2,False
53,8231,0,vm_08231,pm_0443,0,226,0.049,0.0556,1,False
53,8232,0,vm_08232,pm_0393,0,219,0.4877,0.0135,2,False
53,8233,0,vm_08233,pm_0007,0,42,0.0686,0.0127,3,False
53,8234,0,vm_08234,pm_0360,0,143,0.0997,0.0166,3,False
53,8235,0,vm_08235,pm_0222,0,277,0.0328,0.0466,1,False
53,8236,0,vm_08236,pm_0674,0,173,0.3292,0.0226,2,False
53,8237,0,vm_08237,pm_0725,0,246,0.0734,0.0095,3,False
53,8238,0,vm_08238,pm_0734,0,172,0.0778,0.0183,3,False
53,8239,0,vm_08239,pm_0197,0,40,0.2125,0.0119,3,False
53,8240,0,vm_08240,pm_0241,0,49,0.045,0.0735,1,False
53,8241,0,vm_08241,pm_0244,0,179,0.0925,0.0131,3,False
53,8242,0,vm_08242,pm_0155,0,158,0.1357,0.0154,3,False
53,8243,0,vm_08243,pm_0086,0,36,0.0488,0.0588,1,False
53,8244,0,vm_08244,pm_0142,0,26,0.2742,0.0178,2,False
53,8245,0,vm_08245,pm_0059,0,255,0.0439,0.062,1,False
53,8246,0,vm_08246,pm_0271,0,277,0.0892,0.0163,3,False
53,8247,0,vm_08247,pm_0061,0,248,0.0465,0.0604,1,False
53,8248,0,vm_08248,pm_0470,0,180,0.1883,0.0153,3,False
53,8249,0,vm_08249,pm_0099,0,16,0.1636,0.0166,3,False
53,8250,0,vm_08250,pm_0349,0,124,0.1069,0.0133,3,False
54,8251,0,vm_08251,pm_0371,0,211,0.2252,0.0107,3,False
54,8252,0,vm_08252,pm_0383,0,236,0.1329,0.0137,3,False
54,8253,0,vm_08253,pm_0111,0,298,0.0984,0.0628,1,False
54,8254,0,vm_08254,pm_0477,0,199,0.152,0.0142,3,False
54,8255,0,vm_08255,pm_0216,0,180,0.277,0.0129,2,False
54,8256,0,vm_08256,pm_0195,0,129,0.139,0.0149,3,False
54,8257,0,vm_08257,pm_0014,0,120,0.0599,0.0647,1,False
54,8258,0,vm_08258,pm_0187,0,186,0.0804,0.0156,3,False
54,8259,0,vm_08259,pm_0454,0,226,0.2087,0.0141,3,False
54,8260,0,vm_08260,pm_0504,0,161,0.1019,0.0115,3,False
54,8261,0,vm_08261,pm_0086,0,111,0.0674,0.0684,1,False
54,8262,0,vm_08262,pm_0539,0,133,0.0717,0.0526,1,False
54,8263,0,vm_08263,pm_0665,0,185,0.1519,0.0126,3,False
54,8264,0,vm_08264,pm_0605,0,174,0.0574,0.0623,1,False
54,8265,0,vm_08265,pm_0367,0,260,0.0909,0.0103,3,False
54,8266,0,vm_08266,pm_0619,0,268,0.0773,0.0606,1,False
54,8267,0,vm_08267,pm_0314,0,281,0.0793,0.0161,3,False
54,8268,0,vm_08268,pm_0651,0,223,0.0419,0.0404,1,False
54,8269,0,vm_08269,pm_0644,0,251,0.1665,0.0145,3,False
54,8270,0,vm_08270,pm_0463,0,63,0.1099,0.0116,3,False
54,8271,0,vm_08271,pm_0674,0,123,0.0709,0.0614,1,False
54,8272,0,vm_08272,pm_0769,0,69,0.1062,0.0693,1,False
54,8273,0,vm_08273,pm_0741,0,237,0.094,0.0604,1,False
54,8274,0,vm_08274,pm_0678,0,74,0.1181,0.0125,3,False
54,8275,0,vm_08275,pm_0577,0,9,0.5117,0.0207,2,False
54,8276,0,vm_08276,pm_0571,0,267,0.1443,0.0164,3,False
54,8277,0,vm_08277,pm_0136,0,87,0.5355,0.0188,2,False
54,8278,0,vm_08278,pm_0675,0,49,0.2936,0.0169,2,False
54,8279,0,vm_08279,pm_0160,0,142,0.0644,0.0594,1,False
54,8280,0,vm_08280,pm_0472,0,58,0.0625,0.0719,1,False
54,8281,0,vm_08281,pm_0768,0,210,0.0789,0.0332,1,False
54,8282,0,vm_08282,pm_0395,0,71,0.0892,0.0121,3,False
54,8283,0,vm_08283,pm_0334,0,243,0.1039,0.0183,3,False
54,8284,0,vm_08284,pm_0347,0,238,0.0703,0.0588,1,False
54,8285,0,vm_08285,pm_0015,0,189,0.2224,0.0108,3,False
54,8286,0,vm_08286,pm_0159,0,49,0.1413,0.0126,3,False
54,8287,0,vm_08287,pm_0489,0,204,0.4461,0.0126,2,False
54,8288,0,vm_08288,pm_0248,0,53,0.083,0.0621,1,False
54,8289,0,vm_08289,pm_0082,0,223,0.075,0.067,1,False
54,8290,0,vm_08290,pm_0120,0,155,0.3612,0.009,2,False
54,8291,0,vm_08291,pm_0134,0,50,0.1058,0.0103,3,False
54,8292,0,vm_08292,pm_0766,0,240,0.1645,0.0188,3,False
54,8293,0,vm_08293,pm_0172,0,160,0.0719,0.059,1,False
54,8294,0,vm_08294,pm_0773,0,128,0.031,0.0539,1,False
54,8295,0,vm_08295,pm_0490,0,84,0.1967,0.0173,3,False
54,8296,0,vm_08296,pm_0688,0,68,0.1547,0.0084,3,False
54,8297,0,vm_08297,pm_0382,0,54,0.0518,0.0167,3,False
54,8298,0,vm_08298,pm_0509,0,84,0.1157,0.017,3,False
54,8299,0,vm_08299,pm_0711,0,79,0.08,0.056,1,False
54,8300,0,vm_08300,pm_0574,0,219,0.1367,0.0139,3,False
54,8301,0,vm_08301,pm_0649,0,109,0.1288,0.0152,3,False
55,8302,0,vm_08302,pm_0187,0,252,0.0585,0.0513,1,False
55,8303,0,vm_08303,pm_0651,0,163,0.1012,0.0191,3,False
55,8304,0,vm_08304,pm_0275,0,102,0.0404,0.0442,1,False
55,8305,0,vm_08305,pm_0670,0,112,0.1137,0.0486,1,False
55,8306,0,vm_08306,pm_0546,0,251,0.0375,0.0592,1,False
55,8307,0,vm_08307,pm_0452,0,151,0.0707,0.0652,1,False
55,8308,0,vm_08308,pm_0286,0,250,0.0928,0.0457,1,False
55,8309,0,vm_08309,pm_0615,0,87,0.5842,0.0125,2,False
55,8310,0,vm_08310,pm_0446,0,99,0.3624,0.0159,2,False
55,8311,0,vm_08311,pm_0390,0,119,0.4904,0.0176,2,False
55,8312,0,vm_08312,pm_0196,0,203,0.0665,0.0603,1,False
55,8313,0,vm_08313,pm_0135,0,148,0.0463,0.0681,1,False
55,8314,0,vm_08314,pm_0081,0,200,0.1499,0.0186,3,False
55,8315,0,vm_08315,pm_0695,0,294,0.0789,0.0636,1,False
55,8316,0,vm_08316,pm_0566,0,2,0.0275,0.0577,1,False
55,8317,0,vm_08317,pm_0625,0,67,0.123,0.0091,3,False
55,8318,0,vm_08318,pm_0218,0,153,0.1807,0.0183,3,False
55,8319,0,vm_08319,pm_0586,0,181,0.1097,0.0127,3,False
55,8320,0,vm_08320,pm_0585,0,12,0.3254,0.0142,2,False
55,8321,0,vm_08321,pm_0084,0,188,0.0598,0.0744,1,False
55,8322,0,vm_08322,pm_0437,0,19,0.2244,0.0158,3,False
55,8323,0,vm_08323,pm_0594,0,282,0.0627,0.0453,1,False
55,8324,0,vm_08324,pm_0100,0,9,0.36,0.0159,2,False
55,8325,0,vm_08325,pm_0595,0,187,0.0768,0.0422,1,False
55,8326,0,vm_08326,pm_0124,0,18,0.0681,0.0138,3,False
55,8327,0,vm_08327,pm_0448,0,142,0.0928,0.0624,1,False
55,8328,0,vm_08328,pm_0373,0,102,0.1146,0.0138,3,False
55,8329,0,vm_08329,pm_0752,0,240,0.0794,0.0159,3,False
55,8330,0,vm_08330,pm_0569,0,151,0.2876,0.0137,2,False
55,8331,0,vm_08331,pm_0517,0,271,0.1198,0.0152,3,False
55,8332,0,vm_08332,pm_0692,0,187,0.1543,0.0135,3,False
55,8333,0,vm_08333,pm_0183,0,209,0.1614,0.0116,3,False
55,8334,0,vm_08334,pm_0268,0,176,0.3856,0.0246,2,False
55,8335,0,vm_08335,pm_0048,0,193,0.1349,0.0205,3,False
55,8336,0,vm_08336,pm_0009,0,176,0.3684,0.0191,2,False
55,8337,0,vm_08337,pm_0361,0,65,0.0714,0.0102,3,False
55,8338,0,vm_08338,pm_0633,0,1,0.3751,0.0184,2,False
55,8339,0,vm_08339,pm_0492,0,270,0.48,0.0154,2,False
55,8340,0,vm_08340,pm_0188,0,59,0.1967,0.0115,3,False
55,8341,0,vm_08341,pm_0215,0,42,0.0677,0.0108,3,False
55,8342,0,vm_08342,pm_0180,0,92,0.2098,0.0131,2,False
55,8343,0,vm_08343,pm_0585,0,225,0.0944,0.074,1,False
55,8344,0,vm_08344,pm_0097,0,285,0.3806,0.017,2,False
55,8345,0,vm_08345,pm_0738,0,62,0.2237,0.0171,3,False
55,8346,0,vm_08346,pm_0009,0,279,0.0816,0.0154,3,False
55,8347,0,vm_08347,pm_0507,0,13,0.1369,0.0131,3,False
55,8348,0,vm_08348,pm_0291,0,27,0.0682,0.0653,1,False
55,8349,0,vm_08349,pm_0534,0,141,0.7015,0.0091,2,False
55,8350,0,vm_08350,pm_0762,0,107,0.127,0.013,3,False
55,8351,0,vm_08351,pm_0438,0,289,0.2211,0.0154,3,False
55,8352,0,vm_08352,pm_0426,0,77,0.0503,0.0681,1,False
55,8353,0,vm_08353,pm_0640,0,246,0.1312,0.0162,3,False
55,8354,0,vm_08354,pm_0646,0,11,0.4693,0.0171,2,False
55,8355,0,vm_08355,pm_0585,0,183,0.0689,0.0449,1,False
55,8356,0,vm_08356,pm_0081,0,295,0.098,0.061,1,False
56,8357,0,vm_08357,pm_0702,0,239,0.0299,0.0675,1,False
56,8358,0,vm_08358,pm_0482,0,262,0.5306,0.0177,2,False
56,8359,0,vm_08359,pm_0510,0,72,0.0618,0.039,1,False
56,8360,0,vm_08360,pm_0065,0,67,0.0493,0.0548,1,False
56,8361,0,vm_08361,pm_0265,0,286,0.1046,0.0162,3,False
56,8362,0,vm_08362,pm_0181,0,219,0.0622,0.0328,1,False
56,8363,0,vm_08363,pm_0771,0,46,0.0664,0.051,1,False
56,8364,0,vm_08364,pm_0165,0,57,0.4251,0.0248,2,False
56,8365,0,vm_08365,pm_0778,0,23,0.4719,0.0219,2,False
56,8366,0,vm_08366,pm_0305,0,289,0.1749,0.0146,3,False
56,8367,0,vm_08367,pm_0598,0,23,0.3951,0.0137,2,False
56,8368,0,vm_08368,pm_0612,0,63,0.1191,0.0131,3,False
56,8369,0,vm_08369,pm_0680,0,254,0.1666,0.0135,3,False
56,8370,0,vm_08370,pm_0699,0,147,0.0666,0.0612,1,False
56,8371,0,vm_08371,pm_0575,0,115,0.0668,0.0545,1,False
56,8372,0,vm_08372,pm_0431,0,97,0.2931,0.0166,2,False
56,8373,0,vm_08373,pm_0412,0,238,0.0804,0.0596,1,False
56,8374,0,vm_08374,pm_0610,0,282,0.2219,0.0204,3,False
56,8375,0,vm_08375,pm_0047,0,299,0.6583,0.0124,2,False
56,8376,0,vm_08376,pm_0304,0,92,0.0704,0.0365,1,False
56,8377,0,vm_08377,pm_0493,0,64,0.0383,0.0502,1,False
56,8378,0,vm_08378,pm_0172,0,173,0.0946,0.0696,1,False
56,8379,0,vm_08379,pm_0386,0,234,0.2895,0.0207,2,False
56,8380,0,vm_08380,pm_0680,0,166,0.4602,0.0127,2,False
56,8381,0,vm_08381,pm_0363,0,236,0.6767,0.0216,2,False
56,8382,0,vm_08382,pm_0068,0,6,0.0536,0.0494,1,False
56,8383,0,vm_08383,pm_0688,0,42,0.1093,0.0197,3,False
56,8384,0,vm_08384,pm_0390,0,275,0.0556,0.0114,3,False
56,8385,0,vm_08385,pm_0335,0,152,0.0396,0.0739,1,False
56,8386,0,vm_08386,pm_0399,0,42,0.4633,0.0182,2,False
56,8387,0,vm_08387,pm_0666,0,212,0.2309,0.0164,3,False
56,8388,0,vm_08388,pm_0782,0,200,0.0599,0.0602,1,False
56,8389,0,vm_08389,pm_0768,0,154,0.234,0.0104,3,False
56,8390,0,vm_08390,pm_0069,0,219,0.071,0.0526,1,False
56,8391,0,vm_08391,pm_0503,0,152,0.1031,0.0208,3,False
56,8392,0,vm_08392,pm_0672,0,35,0.0694,0.0624,1,False
56,8393,0,vm_08393,pm_0539,0,225,0.1025,0.0107,3,False
56,8394,0,vm_08394,pm_0377,0,120,0.168,0.0124,3,False
56,8395,0,vm_08395,pm_0725,0,8,0.0836,0.0071,3,False
56,8396,0,vm_08396,pm_0523,0,180,0.1798,0.0195,3,False
56,8397,0,vm_08397,pm_0309,0,20,0.1209,0.0128,3,False
56,8398,0,vm_08398,pm_0623,0,271,0.4274,0.0109,2,False
56,8399,0,vm_08399,pm_0428,0,193,0.0479,0.0123,3,False
56,8400,0,vm_08400,pm_0654,0,25,0.133,0.0155,3,False
56,8401,0,vm_08401,pm_0280,0,284,0.5562,0.014,2,False
57,8402,0,vm_08402,pm_0477,0,97,0.1599,0.014,3,False
57,8403,0,vm_08403,pm_0539,0,218,0.1177,0.0127,3,False
57,8404,0,vm_08404,pm_0022,0,272,0.2766,0.0139,2,False
57,8405,0,vm_08405,pm_0295,0,287,0.359,0.0135,2,False
57,8406,0,vm_08406,pm_0030,0,65,0.04,0.0593,1,False
57,8407,0,vm_08407,pm_0249,0,110,0.0731,0.0698,1,False
57,8408,0,vm_08408,pm_0216,0,211,0.0424,0.0472,1,False
57,8409,0,vm_08409,pm_0350,0,170,0.433,0.0211,2,False
57,8410,0,vm_08410,pm_0282,0,58,0.097,0.0609,1,False
57,8411,0,vm_08411,pm_0479,0,29,0.4423,0.0106,2,False
57,8412,0,vm_08412,pm_0291,0,266,0.1026,0.0191,3,False
57,8413,0,vm_08413,pm_0597,0,153,0.037,0.0421,1,False
57,8414,0,vm_08414,pm_0786,0,1,0.4589,0.0165,2,False
57,8415,0,vm_08415,pm_0546,0,168,0.0811,0.046,1,False
57,8416,0,vm_08416,pm_0277,0,213,0.0969,0.0589,1,False
57,8417,0,vm_08417,pm_0601,0,250,0.1432,0.0122,3,False
57,8418,0,vm_08418,pm_0309,0,30,0.3262,0.021,2,False
57,8419,0,vm_08419,pm_0610,0,182,0.0521,0.0127,3,False
57,8420,0,vm_08420,pm_0228,0,188,0.0543,0.0691,1,False
57,8421,0,vm_08421,pm_0147,0,212,0.5011,0.0149,2,False
57,8422,0,vm_08422,pm_0066,0,126,0.0557,0.0584,1,False
57,8423,0,vm_08423,pm_0415,0,291,0.0682,0.0521,1,False
57,8424,0,vm_08424,pm_0498,0,295,0.0977,0.0498,1,False
57,8425,0,vm_08425,pm_0290,0,22,0.0505,0.0662,1,False
57,8426,0,vm_08426,pm_0576,0,17,0.0657,0.0437,1,False
57,8427,0,vm_08427,pm_0573,0,78,0.0699,0.0671,1,False
57,8428,0,vm_08428,pm_0681,0,33,0.1729,0.0187,3,False
57,8429,0,vm_08429,pm_0387,0,106,0.0733,0.0811,1,False
57,8430,0,vm_08430,pm_0211,0,198,0.039,0.0541,1,False
57,8431,0,vm_08431,pm_0150,0,190,0.048,0.0632,1,False
57,8432,0,vm_08432,pm_0616,0,231,0.0895,0.0117,3,False
57,8433,0,vm_08433,pm_0562,0,61,0.0548,0.0743,1,False
57,8434,0,vm_08434,pm_0331,0,41,0.0739,0.0148,3,False
57,8435,0,vm_08435,pm_0653,0,23,0.1402,0.0071,3,False
57,8436,0,vm_08436,pm_0374,0,162,0.0565,0.0678,1,False
57,8437,0,vm_08437,pm_0743,0,182,0.3612,0.0173,2,False
57,8438,0,vm_08438,pm_0639,0,94,0.079,0.0634,1,False
57,8439,0,vm_08439,pm_0568,0,82,0.1162,0.0203,3,False
57,8440,0,vm_08440,pm_0791,0,92,0.2852,0.0109,2,False
57,8441,0,vm_08441,pm_0273,0,277,0.0624,0.047,1,False
57,8442,0,vm_08442,pm_0668,0,104,0.0846,0.058,1,False
57,8443,0,vm_08443,pm_0268,0,84,0.2799,0.0197,3,False
57,8444,0,vm_08444,pm_0501,0,60,0.3831,0.0218,2,False
57,8445,0,vm_08445,pm_0142,0,207,0.0905,0.0675,1,False
57,8446,0,vm_08446,pm_0548,0,157,0.1696,0.0104,3,False
57,8447,0,vm_08447,pm_0151,0,68,0.224,0.0212,2,False
57,8448,0,vm_08448,pm_0195,0,261,0.1865,0.0128,3,False
57,8449,0,vm_08449,pm_0080,0,233,0.0911,0.052,1,False
57,8450,0,vm_08450,pm_0134,0,138,0.1064,0.0128,3,False
57,8451,0,vm_08451,pm_0572,0,279,0.1825,0.016,3,False
57,8452,0,vm_08452,pm_0329,0,230,0.097,0.0617,1,False
57,8453,0,vm_08453,pm_0147,0,50,0.129,0.0186,3,False
58,8454,0,vm_08454,pm_0655,0,238,0.5679,0.0186,2,False
58,8455,0,vm_08455,pm_0198,0,18,0.1759,0.0126,3,False
58,8456,0,vm_08456,pm_0324,0,177,0.0988,0.0609,1,False
58,8457,0,vm_08457,pm_0359,0,208,0.1061,0.0151,3,False
58,8458,0,vm_08458,pm_0774,0,130,0.0655,0.0794,1,False
58,8459,0,vm_08459,pm_0577,0,230,0.114,0.0118,3,False
58,8460,0,vm_08460,pm_0173,0,91,0.0633,0.053,1,False
58,8461,0,vm_08461,pm_0437,0,30,0.1702,0.0168,3,False
58,8462,0,vm_08462,pm_0203,0,248,0.0976,0.0141,3,False
58,8463,0,vm_08463,pm_0235,0,123,0.0386,0.0722,1,False
58,8464,0,vm_08464,pm_0453,0,135,0.1341,0.0125,3,False
58,8465,0,vm_08465,pm_0219,0,272,0.1743,0.0094,3,False
58,8466,0,vm_08466,pm_0040,0,99,0.0599,0.0399,1,False
58,8467,0,vm_08467,pm_0755,0,218,0.3733,0.018,2,False
58,8468,0,vm_08468,pm_0304,0,103,0.3509,0.021,2,False
58,8469,0,vm_08469,pm_0497,0,300,0.0862,0.0576,1,False
58,8470,0,vm_08470,pm_0589,0,96,0.0474,0.0639,1,False
58,8471,0,vm_08471,pm_0014,0,202,0.0629,0.0611,1,False
58,8472,0,vm_08472,pm_0545,0,20,0.055,0.037,1,False
58,8473,0,vm_08473,pm_0722,0,197,0.5429,0.0182,2,False
58,8474,0,vm_08474,pm_0159,0,111,0.0489,0.0529,1,False
58,8475,0,vm_08475,pm_0522,0,148,0.1377,0.0103,3,False
58,8476,0,vm_08476,pm_0534,0,242,0.1605,0.0208,3,False
58,8477,0,vm_08477,pm_0479,0,182,0.0507,0.0553,1,False
58,8478,0,vm_08478,pm_0715,0,283,0.1696,0.0078,3,False
58,8479,0,vm_08479,pm_0082,0,299,0.1615,0.0164,3,False
58,8480,0,vm_08480,pm_0795,0,88,0.0909,0.0154,3,False
58,8481,0,vm_08481,pm_0509,0,221,0.0986,0.0654,1,False
58,8482,0,vm_08482,pm_0125,0,247,0.0802,0.0487,1,False
58,8483,0,vm_08483,pm_0156,0,176,0.1238,0.0186,3,False
58,8484,0,vm_08484,pm_0220,0,117,0.0953,0.0107,3,False
58,8485,0,vm_08485,pm_0390,0,173,0.1026,0.0133,3,False
58,8486,0,vm_08486,pm_0186,0,218,0.1483,0.0108,3,False
58,8487,0,vm_08487,pm_0412,0,217,0.0342,0.0453,1,False
58,8488,0,vm_08488,pm_0113,0,76,0.3158,0.0181,2,False
58,8489,0,vm_08489,pm_0325,0,87,0.0904,0.0592,1,False
58,8490,0,vm_08490,pm_0586,0,77,0.0468,0.0625,1,False
58,8491,0,vm_08491,pm_0480,0,200,0.0626,0.0197,3,False
58,8492,0,vm_08492,pm_0740,0,63,0.1029,0.0424,1,False
58,8493,0,vm_08493,pm_0157,0,3,0.4711,0.018,2,False
58,8494,0,vm_08494,pm_0045,0,82,0.2027,0.0187,3,False
58,8495,0,vm_08495,pm_0066,0,192,0.0951,0.0624,1,False
58,8496,0,vm_08496,pm_0684,0,5,0.1261,0.0195,3,False
58,8497,0,vm_08497,pm_0727,0,192,0.1637,0.0137,3,False
58,8498,0,vm_08498,pm_0520,0,216,0.3973,0.0108,2,False
58,8499,0,vm_08499,pm_0583,0,21,0.0662,0.071,1,False
58,8500,0,vm_08500,pm_0459,0,144,0.0426,0.0528,1,False
59,8501,0,vm_08501,pm_0715,0,284,0.3079,0.0259,2,False
59,8502,0,vm_08502,pm_0780,0,144,0.0512,0.0655,1,False
59,8503,0,vm_08503,pm_0331,0,1,0.066,0.0623,1,False
59,8504,0,vm_08504,pm_0012,0,287,0.1689,0.0161,3,False
59,8505,0,vm_08505,pm_0240,0,224,0.0454,0.0762,1,False
59,8506,0,vm_08506,pm_0636,0,213,0.2056,0.0158,3,False
59,8507,0,vm_08507,pm_0520,0,165,0.043,0.0514,1,False
59,8508,0,vm_08508,pm_0536,0,140,0.1844,0.0119,3,False
59,8509,0,vm_08509,pm_0742,0,63,0.1701,0.019,3,False
59,8510,0,vm_08510,pm_0189,0,211,0.0778,0.0531,1,False
59,8511,0,vm_08511,pm_0506,0,288,0.0907,0.0516,1,False
59,8512,0,vm_08512,pm_0620,0,97,0.1549,0.0154,3,False
59,8513,0,vm_08513,pm_0135,0,165,0.0797,0.0159,3,False
59,8514,0,vm_08514,pm_0211,0,125,0.1456,0.014,3,False
59,8515,0,vm_08515,pm_0621,0,156,0.063,0.0596,1,False
59,8516,0,vm_08516,pm_0390,0,249,0.0794,0.0377,1,False
59,8517,0,vm_08517,pm_0032,0,60,0.1809,0.0208,3,False
59,8518,0,vm_08518,pm_0709,0,31,0.1303,0.0164,3,False
59,8519,0,vm_08519,pm_0088,0,273,0.5426,0.018,2,False
59,8520,0,vm_08520,pm_0757,0,300,0.1292,0.0126,3,False
59,8521,0,vm_08521,pm_0032,0,20,0.2872,0.0225,2,False
59,8522,0,vm_08522,pm_0466,0,11,0.5667,0.0136,2,False
59,8523,0,vm_08523,pm_0625,0,243,0.0958,0.0643,1,False
59,8524,0,vm_08524,pm_0336,0,102,0.3214,0.0128,2,False
59,8525,0,vm_08525,pm_0171,0,275,0.5694,0.0105,2,False
59,8526,0,vm_08526,pm_0504,0,6,0.1041,0.0508,1,False
59,8527,0,vm_08527,pm_0479,0,129,0.4825,0.0183,2,False
59,8528,0,vm_08528,pm_0430,0,298,0.0726,0.0134,3,False
59,8529,0,vm_08529,pm_0795,0,96,0.0792,0.0149,3,False
59,8530,0,vm_08530,pm_0774,0,276,0.1259,0.0137,3,False
59,8531,0,vm_08531,pm_0732,0,284,0.1402,0.0185,3,False
59,8532,0,vm_08532,pm_0566,0,287,0.0362,0.0679,1,False
59,8533,0,vm_08533,pm_0752,0,172,0.547,0.0171,2,False
59,8534,0,vm_08534,pm_0371,0,204,0.0865,0.0183,3,False
59,8535,0,vm_08535,pm_0296,0,102,0.6743,0.011,2,False
59,8536,0,vm_08536,pm_0650,0,112,0.0749,0.069,1,False
59,8537,0,vm_08537,pm_0729,0,130,0.0513,0.0548,1,False
59,8538,0,vm_08538,pm_0158,0,38,0.1492,0.0105,3,False
59,8539,0,vm_08539,pm_0634,0,7,0.3648,0.012,2,False
59,8540,0,vm_08540,pm_0055,0,45,0.1747,0.0118,3,False
60,8541,0,vm_08541,pm_0527,0,193,0.108,0.0093,3,False
60,8542,0,vm_08542,pm_0590,0,5,0.1426,0.0156,3,False
60,8543,0,vm_08543,pm_0672,0,57,0.1234,0.0125,3,False
60,8544,0,vm_08544,pm_0653,0,168,0.1276,0.0123,3,False
60,8545,0,vm_08545,pm_0123,0,121,0.1041,0.0573,1,False
60,8546,0,vm_08546,pm_0333,0,248,0.398,0.0193,2,False
60,8547,0,vm_08547,pm_0696,0,206,0.1438,0.0142,3,False
60,8548,0,vm_08548,pm_0640,0,114,0.0704,0.0609,1,False
60,8549,0,vm_08549,pm_0573,0,238,0.0795,0.0635,1,False
60,8550,0,vm_08550,pm_0644,0,53,0.0915,0.0555,1,False
60,8551,0,vm_08551,pm_0257,0,75,0.1767,0.011,3,False
60,8552,0,vm_08552,pm_0376,0,168,0.0556,0.0552,1,False
60,8553,0,vm_08553,pm_0142,0,47,0.111,0.0171,3,False
60,8554,0,vm_08554,pm_0039,0,223,0.5452,0.0257,2,False
60,8555,0,vm_08555,pm_0068,0,69,0.3628,0.0252,2,False
60,8556,0,vm_08556,pm_0348,0,154,0.1549,0.0135,3,False
60,8557,0,vm_08557,pm_0269,0,46,0.0539,0.0702,1,False
60,8558,0,vm_08558,pm_0434,0,278,0.083,0.011,3,False
60,8559,0,vm_08559,pm_0321,0,201,0.0841,0.0127,3,False
60,8560,0,vm_08560,pm_0361,0,141,0.1692,0.0151,3,False
60,8561,0,vm_08561,pm_0271,0,125,0.0668,0.0677,1,False
60,8562,0,vm_08562,pm_0078,0,152,0.1513,0.013,3,False
60,8563,0,vm_08563,pm_0270,0,64,0.0975,0.012,3,False
60,8564,0,vm_08564,pm_0452,0,95,0.1815,0.0116,3,False
60,8565,0,vm_08565,pm_0660,0,180,0.5535,0.0117,2,False
60,8566,0,vm_08566,pm_0429,0,177,0.3572,0.01,2,False
60,8567,0,vm_08567,pm_0458,0,128,0.1586,0.0107,3,False
60,8568,0,vm_08568,pm_0555,0,38,0.1035,0.0198,3,False
60,8569,0,vm_08569,pm_0721,0,299,0.4612,0.015,2,False
60,8570,0,vm_08570,pm_0298,0,132,0.1269,0.0596,1,False
60,8571,0,vm_08571,pm_0445,0,108,0.0468,0.0613,1,False
60,8572,0,vm_08572,pm_0379,0,71,0.0292,0.0693,1,False
60,8573,0,vm_08573,pm_0595,0,207,0.0753,0.0551,1,False
60,8574,0,vm_08574,pm_0242,0,64,0.0601,0.0461,1,False
60,8575,0,vm_08575,pm_0475,0,240,0.1499,0.0112,3,False
60,8576,0,vm_08576,pm_0616,0,78,0.0714,0.0648,1,False
60,8577,0,vm_08577,pm_0001,0,87,0.0739,0.0132,3,False
60,8578,0,vm_08578,pm_0025,0,177,0.0769,0.0698,1,False
61,8579,0,vm_08579,pm_0048,0,261,0.072,0.0714,1,False
61,8580,0,vm_08580,pm_0011,0,65,0.0526,0.0533,1,False
61,8581,0,vm_08581,pm_0308,0,104,0.0701,0.0711,1,False
61,8582,0,vm_08582,pm_0728,0,97,0.1174,0.0127,3,False
61,8583,0,vm_08583,pm_0279,0,95,0.1509,0.0074,3,False
61,8584,0,vm_08584,pm_0304,0,45,0.0844,0.0613,1,False
61,8585,0,vm_08585,pm_0242,0,30,0.371,0.0235,2,False
61,8586,0,vm_08586,pm_0644,0,203,0.351,0.0121,2,False
61,8587,0,vm_08587,pm_0100,0,147,0.1281,0.0184,3,False
61,8588,0,vm_08588,pm_0187,0,131,0.1823,0.0124,3,False
61,8589,0,vm_08589,pm_0066,0,185,0.4974,0.0182,2,False
61,8590,0,vm_08590,pm_0258,0,188,0.0724,0.0166,3,False
61,8591,0,vm_08591,pm_0242,0,126,0.1736,0.0135,3,False
61,8592,0,vm_08592,pm_0373,0,296,0.0538,0.065,1,False
61,8593,0,vm_08593,pm_0759,0,86,0.0712,0.0576,1,False
61,8594,0,vm_08594,pm_0136,0,120,0.1814,0.0136,3,False
61,8595,0,vm_08595,pm_0410,0,134,0.2417,0.0116,3,False
61,8596,0,vm_08596,pm_0721,0,198,0.5612,0.0207,2,False
61,8597,0,vm_08597,pm_0378,0,170,0.3401,0.0163,2,False
61,8598,0,vm_08598,pm_0738,0,259,0.0623,0.049,1,False
61,8599,0,vm_08599,pm_0249,0,123,0.3812,0.0174,2,False
61,8600,0,vm_08600,pm_0162,0,241,0.1715,0.0159,3,False
61,8601,0,vm_08601,pm_0650,0,70,0.4659,0.0133,2,False
61,8602,0,vm_08602,pm_0796,0,58,0.1872,0.0118,3,False
61,8603,0,vm_08603,pm_0116,0,108,0.1167,0.0159,3,False
61,8604,0,vm_08604,pm_0783,0,40,0.0891,0.0572,1,False
61,8605,0,vm_08605,pm_0642,0,285,0.5068,0.0246,2,False
61,8606,0,vm_08606,pm_0552,0,145,0.3943,0.0152,2,False
61,8607,0,vm_08607,pm_0741,0,285,0.0849,0.0132,3,False
61,8608,0,vm_08608,pm_0139,0,51,0.0771,0.0567,1,False
61,8609,0,vm_08609,pm_0311,0,175,0.1049,0.0111,3,False
61,8610,0,vm_08610,pm_0192,0,278,0.1664,0.0157,3,False
61,8611,0,vm_08611,pm_0238,0,164,0.3064,0.0163,2,False
61,8612,0,vm_08612,pm_0627,0,251,0.1827,0.015,3,False
61,8613,0,vm_08613,pm_0694,0,102,0.0929,0.013,3,False
61,8614,0,vm_08614,pm_0698,0,52,0.0864,0.0663,1,False
61,8615,0,vm_08615,pm_0322,0,254,0.0808,0.0498,1,False
61,8616,0,vm_08616,pm_0376,0,172,0.1801,0.0105,3,False
61,8617,0,vm_08617,pm_0017,0,250,0.1024,0.0166,3,False
61,8618,0,vm_08618,pm_0620,0,176,0.0878,0.0506,1,False
61,8619,0,vm_08619,pm_0358,0,48,0.0896,0.0483,1,False
61,8620,0,vm_08620,pm_0115,0,110,0.065,0.0672,1,False
61,8621,0,vm_08621,pm_0771,0,209,0.1271,0.0118,3,False
61,8622,0,vm_08622,pm_0506,0,247,0.0603,0.0656,1,False
61,8623,0,vm_08623,pm_0312,0,174,0.4453,0.0147,2,False
61,8624,0,vm_08624,pm_0066,0,106,0.143,0.0111,3,False
62,8625,0,vm_08625,pm_0152,0,152,0.0534,0.0616,1,False
62,8626,0,vm_08626,pm_0078,0,154,0.2043,0.0148,3,False
62,8627,0,vm_08627,pm_0650,0,139,0.0595,0.0655,1,False
62,8628,0,vm_08628,pm_0545,0,150,0.0853,0.0168,3,False
62,8629,0,vm_08629,pm_0081,0,272,0.1031,0.0602,1,False
62,8630,0,vm_08630,pm_0451,0,43,0.1246,0.0155,3,False
62,8631,0,vm_08631,pm_0311,0,70,0.1443,0.017,3,False
62,8632,0,vm_08632,pm_0345,0,124,0.0625,0.0541,1,False
62,8633,0,vm_08633,pm_0616,0,151,0.0884,0.0777,1,False
62,8634,0,vm_08634,pm_0370,0,219,0.5809,0.009,2,False
62,8635,0,vm_08635,pm_0432,0,214,0.0803,0.0676,1,False
62,8636,0,vm_08636,pm_0381,0,143,0.0862,0.0099,3,False
62,8637,0,vm_08637,pm_0013,0,106,0.1785,0.02,3,False
62,8638,0,vm_08638,pm_0089,0,280,0.309,0.012,2,False
62,8639,0,vm_08639,pm_0082,0,63,0.1395,0.0135,3,False
62,8640,0,vm_08640,pm_0227,0,283,0.1598,0.0146,3,False
62,8641,0,vm_08641,pm_0521,0,264,0.1637,0.0151,3,False
62,8642,0,vm_08642,pm_0127,0,5,0.491,0.0189,2,False
62,8643,0,vm_08643,pm_0483,0,167,0.0686,0.0638,1,False
62,8644,0,vm_08644,pm_0203,0,172,0.0399,0.0523,1,False
62,8645,0,vm_08645,pm_0106,0,118,0.4075,0.009,2,False
62,8646,0,vm_08646,pm_0182,0,225,0.342,0.018,2,False
62,8647,0,vm_08647,pm_0207,0,173,0.2909,0.0141,2,False
62,8648,0,vm_08648,pm_0374,0,128,0.0393,0.062,1,False
62,8649,0,vm_08649,pm_0222,0,186,0.091,0.0112,3,False
62,8650,0,vm_08650,pm_0754,0,62,0.073,0.0731,1,False
62,8651,0,vm_08651,pm_0567,0,273,0.0601,0.0585,1,False
62,8652,0,vm_08652,pm_0514,0,85,0.3947,0.0238,2,False
62,8653,0,vm_08653,pm_0572,0,209,0.0423,0.0556,1,False
62,8654,0,vm_08654,pm_0030,0,192,0.1465,0.014,3,False
62,8655,0,vm_08655,pm_0699,0,237,0.0599,0.0344,1,False
62,8656,0,vm_08656,pm_0440,0,19,0.4672,0.0154,2,False
62,8657,0,vm_08657,pm_0251,0,181,0.6194,0.0193,2,False
62,8658,0,vm_08658,pm_0094,0,47,0.0702,0.0677,1,False
62,8659,0,vm_08659,pm_0717,0,227,0.0567,0.0666,1,False
62,8660,0,vm_08660,pm_0449,0,53,0.1339,0.0091,3,False
62,8661,0,vm_08661,pm_0129,0,101,0.355,0.015,2,False
62,8662,0,vm_08662,pm_0168,0,88,0.5272,0.0179,2,False
62,8663,0,vm_08663,pm_0409,0,143,0.0805,0.0583,1,False
62,8664,0,vm_08664,pm_0627,0,147,0.4035,0.0151,2,False
62,8665,0,vm_08665,pm_0487,0,229,0.3635,0.009,2,False
62,8666,0,vm_08666,pm_0587,0,249,0.5762,0.0189,2,False
62,8667,0,vm_08667,pm_0155,0,224,0.111,0.0123,3,False
62,8668,0,vm_08668,pm_0534,0,160,0.0581,0.0545,1,False
63,8669,0,vm_08669,pm_0408,0,167,0.0946,0.0416,1,False
63,8670,0,vm_08670,pm_0235,0,109,0.1649,0.0101,3,False
63,8671,0,vm_08671,pm_0482,0,260,0.2056,0.011,3,False
63,8672,0,vm_08672,pm_0636,0,172,0.0815,0.063,1,False
63,8673,0,vm_08673,pm_0710,0,296,0.5617,0.0147,2,False
63,8674,0,vm_08674,pm_0495,0,242,0.0735,0.0504,1,False
63,8675,0,vm_08675,pm_0507,0,208,0.0796,0.0673,1,False
63,8676,0,vm_08676,pm_0399,0,242,0.0622,0.0537,1,False
63,8677,0,vm_08677,pm_0748,0,253,0.0661,0.0633,1,False
63,8678,0,vm_08678,pm_0601,0,81,0.0905,0.0211,3,False
63,8679,0,vm_08679,pm_0321,0,30,0.3076,0.0188,2,False
63,8680,0,vm_08680,pm_0350,0,3,0.0981,0.0552,1,False
63,8681,0,vm_08681,pm_0285,0,193,0.0493,0.0478,1,False
63,8682,0,vm_08682,pm_0393,0,55,0.1071,0.0145,3,False
63,8683,0,vm_08683,pm_0077,0,260,0.063,0.0616,1,False
63,8684,0,vm_08684,pm_0787,0,80,0.1008,0.0172,3,False
63,8685,0,vm_08685,pm_0281,0,53,0.0613,0.0576,1,False
63,8686,0,vm_08686,pm_0015,0,95,0.1293,0.0158,3,False
63,8687,0,vm_08687,pm_0113,0,256,0.0696,0.066,1,False
63,8688,0,vm_08688,pm_0650,0,203,0.0518,0.0611,1,False
63,8689,0,vm_08689,pm_0508,0,210,0.0406,0.0623,1,False
63,8690,0,vm_08690,pm_0483,0,125,0.0552,0.0705,1,False
63,8691,0,vm_08691,pm_0289,0,6,0.401,0.0136,2,False
63,8692,0,vm_08692,pm_0009,0,124,0.0972,0.0166,3,False
63,8693,0,vm_08693,pm_0244,0,270,0.0702,0.0555,1,False
63,8694,0,vm_08694,pm_0563,0,107,0.0809,0.0576,1,False
63,8695,0,vm_08695,pm_0740,0,259,0.6831,0.018,2,False
63,8696,0,vm_08696,pm_0278,0,69,0.1449,0.0119,3,False
63,8697,0,vm_08697,pm_0466,0,37,0.1841,0.0125,3,False
63,8698,0,vm_08698,pm_0188,0,174,0.1211,0.0116,3,False
63,8699,0,vm_08699,pm_0417,0,187,0.3221,0.0125,2,False
63,8700,0,vm_08700,pm_0532,0,226,0.3291,0.0097,2,False
63,8701,0,vm_08701,pm_0708,0,257,0.1386,0.0148,3,False
63,8702,0,vm_08702,pm_0518,0,196,0.1798,0.018,3,False
63,8703,0,vm_08703,pm_0690,0,7,0.0605,0.065,1,False
63,8704,0,vm_08704,pm_0556,0,50,0.0298,0.066,1,False
63,8705,0,vm_08705,pm_0371,0,221,0.0601,0.0525,1,False
63,8706,0,vm_08706,pm_0448,0,18,0.674,0.0166,2,False
63,8707,0,vm_08707,pm_0012,0,246,0.0978,0.0149,3,False
63,8708,0,vm_08708,pm_0785,0,30,0.6022,0.0152,2,False
63,8709,0,vm_08709,pm_0010,0,79,0.0423,0.0517,1,False
63,8710,0,vm_08710,pm_0215,0,21,0.1052,0.0163,3,False
64,8711,0,vm_08711,pm_0712,0,288,0.1102,0.0162,3,False
64,8712,0,vm_08712,pm_0466,0,241,0.07,0.0724,1,False
64,8713,0,vm_08713,pm_0307,0,213,0.1214,0.0161,3,False
64,8714,0,vm_08714,pm_0293,0,199,0.3559,0.0174,2,False
64,8715,0,vm_08715,pm_0326,0,164,0.1786,0.0129,3,False
64,8716,0,vm_08716,pm_0070,0,139,0.2305,0.0093,3,False
64,8717,0,vm_08717,pm_0280,0,284,0.6781,0.0142,2,False
64,8718,0,vm_08718,pm_0630,0,12,0.1211,0.0164,3,False
64,8719,0,vm_08719,pm_0372,0,25,0.2538,0.0143,3,False
64,8720,0,vm_08720,pm_0112,0,21,0.678,0.0146,2,False
64,8721,0,vm_08721,pm_0294,0,75,0.0853,0.0578,1,False
64,8722,0,vm_08722,pm_0063,0,91,0.1815,0.016,3,False
64,8723,0,vm_08723,pm_0165,0,265,0.0683,0.0563,1,False
64,8724,0,vm_08724,pm_0484,0,47,0.0687,0.0688,1,False
64,8725,0,vm_08725,pm_0417,0,169,0.1342,0.0192,3,False
64,8726,0,vm_08726,pm_0221,0,244,0.1812,0.0128,3,False
64,8727,0,vm_08727,pm_0798,0,227,0.0448,0.0713,1,False
64,8728,0,vm_08728,pm_0165,0,186,0.0409,0.0649,1,False
64,8729,0,vm_08729,pm_0248,0,167,0.0553,0.0561,1,False
64,8730,0,vm_08730,pm_0160,0,202,0.0888,0.067,1,False
64,8731,0,vm_08731,pm_0607,0,5,0.0702,0.0595,1,False
64,8732,0,vm_08732,pm_0434,0,131,0.0838,0.0155,3,False
64,8733,0,vm_08733,pm_0305,0,244,0.0531,0.0755,1,False
64,8734,0,vm_08734,pm_0481,0,90,0.4136,0.0207,2,False
64,8735,0,vm_08735,pm_0298,0,125,0.075,0.0696,1,False
64,8736,0,vm_08736,pm_0158,0,241,0.1329,0.0114,3,False
64,8737,0,vm_08737,pm_0554,0,248,0.0775,0.0605,1,False
64,8738,0,vm_08738,pm_0316,0,6,0.0623,0.0543,1,False
64,8739,0,vm_08739,pm_0061,0,87,0.0816,0.0794,1,False
64,8740,0,vm_08740,pm_0348,0,85,0.0941,0.0128,3,False
64,8741,0,vm_08741,pm_0445,0,144,0.1387,0.0176,3,False
64,8742,0,vm_08742,pm_0733,0,197,0.4285,0.0095,2,False
64,8743,0,vm_08743,pm_0139,0,163,0.4088,0.0175,2,False
64,8744,0,vm_08744,pm_0069,0,144,0.0662,0.0517,1,False
64,8745,0,vm_08745,pm_0520,0,0,0.2763,0.012,2,False
64,8746,0,vm_08746,pm_0436,0,119,0.4742,0.015,2,False
64,8747,0,vm_08747,pm_0626,0,66,0.0357,0.0697,1,False
64,8748,0,vm_08748,pm_0402,0,48,0.0639,0.073,1,False
64,8749,0,vm_08749,pm_0737,0,286,0.0932,0.064,1,False
64,8750,0,vm_08750,pm_0747,0,23,0.038,0.0745,1,False
64,8751,0,vm_08751,pm_0133,0,210,0.162,0.013,3,False
64,8752,0,vm_08752,pm_0363,0,292,0.0737,0.0635,1,False
64,8753,0,vm_08753,pm_0700,0,62,0.0609,0.0591,1,False
64,8754,0,vm_08754,pm_0046,0,55,0.0638,0.0791,1,False
64,8755,0,vm_08755,pm_0559,0,17,0.0954,0.0117,3,False
64,8756,0,vm_08756,pm_0487,0,76,0.0919,0.007,3,False
64,8757,0,vm_08757,pm_0512,0,259,0.0719,0.0758,1,False
65,8758,0,vm_08758,pm_0035,0,120,0.0624,0.0561,1,False
65,8759,0,vm_08759,pm_0209,0,183,0.1082,0.0577,1,False
65,8760,0,vm_08760,pm_0076,0,47,0.3775,0.0269,2,False
65,8761,0,vm_08761,pm_0254,0,146,0.0402,0.0473,1,False
65,8762,0,vm_08762,pm_0741,0,281,0.2357,0.0162,3,False
65,8763,0,vm_08763,pm_0364,0,293,0.3611,0.02,2,False
65,8764,0,vm_08764,pm_0670,0,79,0.0798,0.0207,3,False
65,8765,0,vm_08765,pm_0119,0,235,0.0498,0.0658,1,False
65,8766,0,vm_08766,pm_0305,0,228,0.2049,0.0183,3,False
65,8767,0,vm_08767,pm_0712,0,283,0.1723,0.0125,3,False
65,8768,0,vm_08768,pm_0016,0,60,0.0507,0.0638,1,False
65,8769,0,vm_08769,pm_0776,0,219,0.0886,0.0657,1,False
65,8770,0,vm_08770,pm_0370,0,88,0.0361,0.0876,1,False
65,8771,0,vm_08771,pm_0686,0,263,0.08,0.0504,1,False
65,8772,0,vm_08772,pm_0646,0,227,0.0476,0.0626,1,False
65,8773,0,vm_08773,pm_0398,0,102,0.3853,0.0126,2,False
65,8774,0,vm_08774,pm_0242,0,87,0.5557,0.0191,2,False
65,8775,0,vm_08775,pm_0168,0,22,0.1407,0.015,3,False
65,8776,0,vm_08776,pm_0714,0,292,0.064,0.051,1,False
65,8777,0,vm_08777,pm_0756,0,266,0.1048,0.0111,3,False
65,8778,0,vm_08778,pm_0167,0,16,0.075,0.0719,1,False
65,8779,0,vm_08779,pm_0391,0,284,0.0943,0.0127,3,False
65,8780,0,vm_08780,pm_0129,0,161,0.0531,0.0631,1,False
65,8781,0,vm_08781,pm_0189,0,77,0.0691,0.0536,1,False
65,8782,0,vm_08782,pm_0543,0,121,0.1297,0.0124,3,False
65,8783,0,vm_08783,pm_0157,0,111,0.0656,0.0611,1,False
65,8784,0,vm_08784,pm_0577,0,238,0.1777,0.0117,3,False
65,8785,0,vm_08785,pm_0612,0,209,0.4014,0.0178,2,False
65,8786,0,vm_08786,pm_0641,0,1,0.5209,0.0111,2,False
65,8787,0,vm_08787,pm_0713,0,202,0.3371,0.022,2,False
65,8788,0,vm_08788,pm_0797,0,286,0.1716,0.0131,3,False
65,8789,0,vm_08789,pm_0015,0,116,0.0901,0.0496,1,False
65,8790,0,vm_08790,pm_0649,0,299,0.2031,0.0107,3,False
65,8791,0,vm_08791,pm_0472,0,113,0.1239,0.0137,3,False
65,8792,0,vm_08792,pm_0551,0,73,0.0765,0.0789,1,False
65,8793,0,vm_08793,pm_0074,0,240,0.0369,0.0773,1,False
65,8794,0,vm_08794,pm_0031,0,53,0.138,0.0182,3,False
65,8795,0,vm_08795,pm_0241,0,158,0.5747,0.01,2,False
66,8796,0,vm_08796,pm_0481,0,108,0.0759,0.0632,1,False
66,8797,0,vm_08797,pm_0777,0,279,0.0487,0.0578,1,False
66,8798,0,vm_08798,pm_0270,0,152,0.5049,0.0203,2,False
66,8799,0,vm_08799,pm_0646,0,162,0.1114,0.0523,1,False
66,8800,0,vm_08800,pm_0428,0,56,0.4082,0.0159,2,False
66,8801,0,vm_08801,pm_0505,0,213,0.0959,0.012,3,False
66,8802,0,vm_08802,pm_0730,0,27,0.051,0.0677,1,False
66,8803,0,vm_08803,pm_0705,0,203,0.4718,0.0256,2,False
66,8804,0,vm_08804,pm_0021,0,32,0.1381,0.0152,3,False
66,8805,0,vm_08805,pm_0194,0,121,0.1391,0.0106,3,False
66,8806,0,vm_08806,pm_0483,0,15,0.1637,0.0159,3,False
66,8807,0,vm_08807,pm_0468,0,153,0.4894,0.019,2,False
66,8808,0,vm_08808,pm_0617,0,217,0.1006,0.0161,3,False
66,8809,0,vm_08809,pm_0063,0,104,0.0546,0.0681,1,False
66,8810,0,vm_08810,pm_0785,0,76,0.1029,0.0521,1,False
66,8811,0,vm_08811,pm_0412,0,86,0.1125,0.0738,1,False
66,8812,0,vm_08812,pm_0739,0,30,0.1026,0.064,1,False
66,8813,0,vm_08813,pm_0058,0,99,0.1468,0.0131,3,False
66,8814,0,vm_08814,pm_0115,0,154,0.0458,0.0678,1,False
66,8815,0,vm_08815,pm_0045,0,291,0.1294,0.0101,3,False
66,8816,0,vm_08816,pm_0006,0,105,0.1812,0.0143,3,False
66,8817,0,vm_08817,pm_0665,0,229,0.0908,0.0131,3,False
66,8818,0,vm_08818,pm_0256,0,2,0.0863,0.0639,1,False
66,8819,0,vm_08819,pm_0297,0,221,0.4383,0.0155,2,False
66,8820,0,vm_08820,pm_0520,0,120,0.0865,0.0509,1,False
66,8821,0,vm_08821,pm_0644,0,159,0.0607,0.059,1,False
66,8822,0,vm_08822,pm_0661,0,270,0.1562,0.0123,3,False
66,8823,0,vm_08823,pm_0148,0,193,0.1046,0.0436,1,False
66,8824,0,vm_08824,pm_0226,0,217,0.0803,0.0724,1,False
66,8825,0,vm_08825,pm_0411,0,190,0.0813,0.0154,3,False
66,8826,0,vm_08826,pm_0533,0,251,0.0783,0.0575,1,False
66,8827,0,vm_08827,pm_0370,0,225,0.1475,0.01,3,False
66,8828,0,vm_08828,pm_0199,0,0,0.0836,0.0554,1,False
66,8829,0,vm_08829,pm_0056,0,132,0.0633,0.0449,1,False
66,8830,0,vm_08830,pm_0709,0,89,0.0579,0.0504,1,False
66,8831,0,vm_08831,pm_0162,0,5,0.0717,0.0396,1,False
66,8832,0,vm_08832,pm_0178,0,243,0.3553,0.0146,2,False
66,8833,0,vm_08833,pm_0690,0,132,0.2018,0.019,3,False
66,8834,0,vm_08834,pm_0688,0,115,0.5182,0.0182,2,False
67,8835,0,vm_08835,pm_0611,0,72,0.2313,0.0191,3,False
67,8836,0,vm_08836,pm_0341,0,155,0.0902,0.0455,1,False
67,8837,0,vm_08837,pm_0466,0,210,0.5055,0.0116,2,False
67,8838,0,vm_08838,pm_0351,0,68,0.1763,0.0119,3,False
67,8839,0,vm_08839,pm_0112,0,299,0.096,0.0102,3,False
67,8840,0,vm_08840,pm_0582,0,143,0.0958,0.0587,1,False
67,8841,0,vm_08841,pm_0745,0,198,0.3548,0.0159,2,False
67,8842,0,vm_08842,pm_0585,0,205,0.1602,0.0206,3,False
67,8843,0,vm_08843,pm_0165,0,200,0.0776,0.0703,1,False
67,8844,0,vm_08844,pm_0710,0,238,0.1938,0.0112,3,False
67,8845,0,vm_08845,pm_0751,0,67,0.0431,0.0728,1,False
67,8846,0,vm_08846,pm_0614,0,170,0.0974,0.0166,3,False
67,8847,0,vm_08847,pm_0782,0,296,0.1136,0.0161,3,False
67,8848,0,vm_08848,pm_0742,0,69,0.1423,0.0131,3,False
67,8849,0,vm_08849,pm_0319,0,286,0.6133,0.0192,2,False
67,8850,0,vm_08850,pm_0769,0,16,0.0531,0.0497,1,False
67,8851,0,vm_08851,pm_0478,0,136,0.1425,0.016,3,False
67,8852,0,vm_08852,pm_0533,0,218,0.4093,0.0194,2,False
67,8853,0,vm_08853,pm_0175,0,5,0.0413,0.0499,1,False
67,8854,0,vm_08854,pm_0795,0,197,0.1237,0.011,3,False
67,8855,0,vm_08855,pm_0306,0,131,0.2634,0.0141,2,False
67,8856,0,vm_08856,pm_0666,0,183,0.0721,0.0586,1,False
67,8857,0,vm_08857,pm_0440,0,17,0.0809,0.0721,1,False
67,8858,0,vm_08858,pm_0015,0,212,0.0506,0.0724,1,False
67,8859,0,vm_08859,pm_0539,0,47,0.5437,0.0131,2,False
67,8860,0,vm_08860,pm_0260,0,28,0.1575,0.0178,3,False
67,8861,0,vm_08861,pm_0230,0,152,0.4619,0.009,2,False
67,8862,0,vm_08862,pm_0521,0,237,0.1864,0.0167,3,False
67,8863,0,vm_08863,pm_0428,0,264,0.2233,0.0161,3,False
67,8864,0,vm_08864,pm_0679,0,198,0.0871,0.0142,3,False
67,8865,0,vm_08865,pm_0714,0,13,0.1012,0.0433,1,False
67,8866,0,vm_08866,pm_0096,0,275,0.1439,0.0162,3,False
67,8867,0,vm_08867,pm_0035,0,9,0.5286,0.0187,2,False
67,8868,0,vm_08868,pm_0204,0,138,0.3798,0.019,2,False
67,8869,0,vm_08869,pm_0663,0,166,0.1959,0.0137,3,False
67,8870,0,vm_08870,pm_0453,0,146,0.0736,0.0566,1,False
67,8871,0,vm_08871,pm_0145,0,244,0.1108,0.0117,3,False
67,8872,0,vm_08872,pm_0525,0,69,0.0298,0.0665,1,False
67,8873,0,vm_08873,pm_0129,0,103,0.1346,0.016,3,False
68,8874,0,vm_08874,pm_0239,0,228,0.0441,0.0591,1,False
68,8875,0,vm_08875,pm_0249,0,137,0.1015,0.0123,3,False
68,8876,0,vm_08876,pm_0021,0,35,0.0429,0.055,1,False
68,8877,0,vm_08877,pm_0355,0,117,0.0778,0.0675,1,False
68,8878,0,vm_08878,pm_0131,0,254,0.0496,0.0617,1,False
68,8879,0,vm_08879,pm_0578,0,19,0.0748,0.0692,1,False
68,8880,0,vm_08880,pm_0208,0,297,0.0623,0.0601,1,False
68,8881,0,vm_08881,pm_0796,0,20,0.0736,0.0208,3,False
68,8882,0,vm_08882,pm_0096,0,255,0.339,0.0128,2,False
68,8883,0,vm_08883,pm_0266,0,247,0.0975,0.0697,1,False
68,8884,0,vm_08884,pm_0562,0,165,0.0845,0.0624,1,False
68,8885,0,vm_08885,pm_0021,0,254,0.1049,0.0163,3,False
68,8886,0,vm_08886,pm_0632,0,77,0.1137,0.0159,3,False
68,8887,0,vm_08887,pm_0038,0,279,0.1025,0.0063,3,False
68,8888,0,vm_08888,pm_0667,0,281,0.2389,0.006,3,False
68,8889,0,vm_08889,pm_0716,0,33,0.0901,0.0637,1,False
68,8890,0,vm_08890,pm_0226,0,98,0.0681,0.0631,1,False
68,8891,0,vm_08891,pm_0205,0,142,0.0904,0.0794,1,False
68,8892,0,vm_08892,pm_0443,0,54,0.1443,0.0139,3,False
68,8893,0,vm_08893,pm_0792,0,2,0.1261,0.0137,3,False
68,8894,0,vm_08894,pm_0420,0,218,0.2573,0.009,2,False
68,8895,0,vm_08895,pm_0106,0,210,0.0718,0.07,1,False
68,8896,0,vm_08896,pm_0374,0,148,0.0396,0.047,1,False
68,8897,0,vm_08897,pm_0570,0,231,0.0635,0.0431,1,False
68,8898,0,vm_08898,pm_0258,0,87,0.3889,0.0182,2,False
68,8899,0,vm_08899,pm_0583,0,210,0.0941,0.0649,1,False
68,8900,0,vm_08900,pm_0442,0,222,0.1561,0.0178,3,False
68,8901,0,vm_08901,pm_0433,0,295,0.0886,0.0649,1,False
68,8902,0,vm_08902,pm_0639,0,147,0.2275,0.0136,3,False
68,8903,0,vm_08903,pm_0515,0,206,0.1096,0.0075,3,False
68,8904,0,vm_08904,pm_0630,0,226,0.079,0.0156,3,False
68,8905,0,vm_08905,pm_0273,0,183,0.0686,0.0099,3,False
68,8906,0,vm_08906,pm_0179,0,40,0.1041,0.0102,3,False
68,8907,0,vm_08907,pm_0411,0,181,0.0972,0.0164,3,False
68,8908,0,vm_08908,pm_0681,0,43,0.1351,0.0165,3,False
69,8909,0,vm_08909,pm_0037,0,209,0.4713,0.0216,2,False
69,8910,0,vm_08910,pm_0411,0,249,0.1234,0.0129,3,False
69,8911,0,vm_08911,pm_0008,0,83,0.1245,0.0081,3,False
69,8912,0,vm_08912,pm_0105,0,138,0.1311,0.0185,3,False
69,8913,0,vm_08913,pm_0582,0,230,0.0965,0.0147,3,False
69,8914,0,vm_08914,pm_0188,0,11,0.087,0.0481,1,False
69,8915,0,vm_08915,pm_0375,0,272,0.0815,0.0542,1,False
69,8916,0,vm_08916,pm_0423,0,89,0.5694,0.0222,2,False
69,8917,0,vm_08917,pm_0494,0,24,0.5332,0.013,2,False
69,8918,0,vm_08918,pm_0697,0,25,0.1672,0.0095,3,False
69,8919,0,vm_08919,pm_0510,0,152,0.6589,0.0122,2,False
69,8920,0,vm_08920,pm_0038,0,59,0.3113,0.0179,2,False
69,8921,0,vm_08921,pm_0518,0,59,0.3613,0.0134,2,False
69,8922,0,vm_08922,pm_0696,0,282,0.0861,0.0614,1,False
69,8923,0,vm_08923,pm_0563,0,170,0.1274,0.014,3,False
69,8924,0,vm_08924,pm_0309,0,75,0.1346,0.0138,3,False
69,8925,0,vm_08925,pm_0393,0,275,0.0802,0.0561,1,False
69,8926,0,vm_08926,pm_0542,0,207,0.1389,0.0143,3,False
69,8927,0,vm_08927,pm_0096,0,154,0.0711,0.0117,3,False
69,8928,0,vm_08928,pm_0541,0,179,0.0413,0.0687,1,False
69,8929,0,vm_08929,pm_0761,0,81,0.0468,0.0551,1,False
69,8930,0,vm_08930,pm_0235,0,9,0.2005,0.0101,3,False
69,8931,0,vm_08931,pm_0492,0,242,0.0484,0.0479,1,False
69,8932,0,vm_08932,pm_0160,0,177,0.0738,0.0587,1,False
69,8933,0,vm_08933,pm_0459,0,285,0.0879,0.049,1,False
69,8934,0,vm_08934,pm_0325,0,256,0.1469,0.0175,3,False
69,8935,0,vm_08935,pm_0353,0,3,0.1443,0.0131,3,False
69,8936,0,vm_08936,pm_0016,0,214,0.1132,0.0122,3,False
69,8937,0,vm_08937,pm_0039,0,29,0.0751,0.0694,1,False
69,8938,0,vm_08938,pm_0550,0,64,0.1414,0.014,3,False
69,8939,0,vm_08939,pm_0768,0,123,0.0761,0.0692,1,False
70,8940,0,vm_08940,pm_0311,0,284,0.0649,0.0711,1,False
70,8941,0,vm_08941,pm_0093,0,152,0.52,0.0133,2,False
70,8942,0,vm_08942,pm_0262,0,39,0.064,0.0658,1,False
70,8943,0,vm_08943,pm_0623,0,25,0.1336,0.0116,3,False
70,8944,0,vm_08944,pm_0099,0,272,0.2162,0.0131,3,False
70,8945,0,vm_08945,pm_0395,0,158,0.0595,0.0569,1,False
70,8946,0,vm_08946,pm_0587,0,188,0.2215,0.0167,3,False
70,8947,0,vm_08947,pm_0105,0,263,0.1257,0.0121,3,False
70,8948,0,vm_08948,pm_0548,0,68,0.1958,0.0098,3,False
70,8949,0,vm_08949,pm_0357,0,0,0.0495,0.063,1,False
70,8950,0,vm_08950,pm_0537,0,78,0.3962,0.0217,2,False
70,8951,0,vm_08951,pm_0619,0,227,0.0876,0.0671,1,False
70,8952,0,vm_08952,pm_0761,0,45,0.1637,0.0181,3,False
70,8953,0,vm_08953,pm_0339,0,107,0.0796,0.0834,1,False
70,8954,0,vm_08954,pm_0553,0,123,0.4223,0.024,2,False
70,8955,0,vm_08955,pm_0330,0,147,0.0887,0.0642,1,False
70,8956,0,vm_08956,pm_0371,0,251,0.0929,0.0493,1,False
70,8957,0,vm_08957,pm_0455,0,1,0.1708,0.02,3,False
70,8958,0,vm_08958,pm_0502,0,221,0.1015,0.0161,3,False
70,8959,0,vm_08959,pm_0485,0,188,0.0947,0.0156,3,False
70,8960,0,vm_08960,pm_0282,0,70,0.2253,0.0151,3,False
70,8961,0,vm_08961,pm_0610,0,96,0.0769,0.0694,1,False
70,8962,0,vm_08962,pm_0154,0,231,0.5406,0.009,2,False
70,8963,0,vm_08963,pm_0161,0,29,0.3313,0.0212,2,False
70,8964,0,vm_08964,pm_0056,0,29,0.0274,0.068,1,False
70,8965,0,vm_08965,pm_0271,0,214,0.3686,0.0187,2,False
70,8966,0,vm_08966,pm_0559,0,172,0.055,0.0114,3,False
70,8967,0,vm_08967,pm_0303,0,279,0.1143,0.0092,3,False
70,8968,0,vm_08968,pm_0708,0,210,0.2303,0.0184,3,False
70,8969,0,vm_08969,pm_0211,0,124,0.4671,0.0128,2,False
70,8970,0,vm_08970,pm_0371,0,79,0.0468,0.0456,1,False
70,8971,0,vm_08971,pm_0114,0,183,0.0688,0.0617,1,False
71,8972,0,vm_08972,pm_0075,0,14,0.1812,0.0123,3,False
71,8973,0,vm_08973,pm_0712,0,10,0.076,0.0695,1,False
71,8974,0,vm_08974,pm_0196,0,88,0.0665,0.0729,1,False
71,8975,0,vm_08975,pm_0299,0,2,0.5111,0.0115,2,False
71,8976,0,vm_08976,pm_0459,0,23,0.3954,0.0153,2,False
71,8977,0,vm_08977,pm_0689,0,88,0.0735,0.0803,1,False
71,8978,0,vm_08978,pm_0299,0,8,0.1053,0.0174,3,False
71,8979,0,vm_08979,pm_0285,0,45,0.1545,0.0127,3,False
71,8980,0,vm_08980,pm_0362,0,93,0.0964,0.054,1,False
71,8981,0,vm_08981,pm_0465,0,70,0.0938,0.006,3,False
71,8982,0,vm_08982,pm_0778,0,187,0.1153,0.0151,3,False
71,8983,0,vm_08983,pm_0098,0,138,0.1779,0.01,3,False
71,8984,0,vm_08984,pm_0727,0,9,0.4243,0.0222,2,False
71,8985,0,vm_08985,pm_0721,0,2,0.0678,0.0835,1,False
71,8986,0,vm_08986,pm_0062,0,18,0.2359,0.019,3,False
71,8987,0,vm_08987,pm_0113,0,129,0.0472,0.0491,1,False
71,8988,0,vm_08988,pm_0288,0,220,0.2257,0.0136,3,False
71,8989,0,vm_08989,pm_0657,0,129,0.1746,0.0085,3,False
71,8990,0,vm_08990,pm_0188,0,112,0.1895,0.0098,3,False
71,8991,0,vm_08991,pm_0535,0,137,0.0859,0.0767,1,False
71,8992,0,vm_08992,pm_0248,0,42,0.0724,0.0699,1,False
71,8993,0,vm_08993,pm_0110,0,217,0.0405,0.0466,1,False
71,8994,0,vm_08994,pm_0350,0,57,0.3927,0.0169,2,False
71,8995,0,vm_08995,pm_0760,0,112,0.0487,0.0611,1,False
72,8996,0,vm_08996,pm_0290,0,187,0.3328,0.0192,2,False
72,8997,0,vm_08997,pm_0265,0,121,0.0682,0.0654,1,False
72,8998,0,vm_08998,pm_0107,0,84,0.1449,0.0141,3,False
72,8999,0,vm_08999,pm_0298,0,105,0.0559,0.0589,1,False
72,9000,0,vm_09000,pm_0449,0,98,0.1827,0.0118,3,False
72,9001,0,vm_09001,pm_0237,0,8,0.127,0.014,3,False
72,9002,0,vm_09002,pm_0607,0,5,0.4604,0.0119,2,False
72,9003,0,vm_09003,pm_0625,0,107,0.0926,0.0157,3,False
72,9004,0,vm_09004,pm_0239,0,151,0.2749,0.009,2,False
72,9005,0,vm_09005,pm_0110,0,236,0.1444,0.0169,3,False
72,9006,0,vm_09006,pm_0201,0,26,0.0983,0.0529,1,False
72,9007,0,vm_09007,pm_0299,0,118,0.062,0.055,1,False
72,9008,0,vm_09008,pm_0167,0,210,0.3663,0.0205,2,False
72,9009,0,vm_09009,pm_0543,0,99,0.2562,0.0142,2,False
72,9010,0,vm_09010,pm_0378,0,2,0.4464,0.0201,2,False
72,9011,0,vm_09011,pm_0656,0,293,0.1279,0.077,1,False
72,9012,0,vm_09012,pm_0059,0,16,0.1283,0.049,1,False
72,9013,0,vm_09013,pm_0049,0,105,0.096,0.0481,1,False
72,9014,0,vm_09014,pm_0650,0,229,0.0496,0.0689,1,False
72,9015,0,vm_09015,pm_0473,0,176,0.0652,0.0533,1,False
72,9016,0,vm_09016,pm_0192,0,83,0.0667,0.0822,1,False
72,9017,0,vm_09017,pm_0619,0,262,0.0852,0.0522,1,False
72,9018,0,vm_09018,pm_0792,0,195,0.2246,0.0149,3,False
72,9019,0,vm_09019,pm_0151,0,248,0.0739,0.0756,1,False
72,9020,0,vm_09020,pm_0153,0,148,0.1091,0.0156,3,False
72,9021,0,vm_09021,pm_0566,0,205,0.055,0.0657,1,False
72,9022,0,vm_09022,pm_0777,0,80,0.1668,0.0181,3,False
72,9023,0,vm_09023,pm_0396,0,188,0.4164,0.0212,2,False
72,9024,0,vm_09024,pm_0604,0,205,0.0666,0.0517,1,False
72,9025,0,vm_09025,pm_0141,0,268,0.6365,0.0206,2,False
72,9026,0,vm_09026,pm_0722,0,289,0.0517,0.0591,1,False
72,9027,0,vm_09027,pm_0528,0,299,0.3194,0.0168,2,False
73,9028,0,vm_09028,pm_0314,0,254,0.0465,0.054,1,False
73,9029,0,vm_09029,pm_0597,0,7,0.1391,0.0079,3,False
73,9030,0,vm_09030,pm_0361,0,113,0.3195,0.0144,2,False
73,9031,0,vm_09031,pm_0437,0,4,0.0776,0.0804,1,False
73,9032,0,vm_09032,pm_0449,0,72,0.1452,0.0174,3,False
73,9033,0,vm_09033,pm_0210,0,120,0.068,0.0417,1,False
73,9034,0,vm_09034,pm_0286,0,233,0.1152,0.0165,3,False
73,9035,0,vm_09035,pm_0088,0,65,0.3583,0.0159,2,False
73,9036,0,vm_09036,pm_0146,0,229,0.1157,0.0138,3,False
73,9037,0,vm_09037,pm_0372,0,30,0.0773,0.0659,1,False
73,9038,0,vm_09038,pm_0540,0,296,0.1589,0.0126,3,False
73,9039,0,vm_09039,pm_0069,0,50,0.2726,0.0133,3,False
73,9040,0,vm_09040,pm_0707,0,146,0.0657,0.0775,1,False
73,9041,0,vm_09041,pm_0057,0,94,0.0671,0.0582,1,False
73,9042,0,vm_09042,pm_0474,0,37,0.0878,0.0452,1,False
73,9043,0,vm_09043,pm_0747,0,197,0.1382,0.0127,3,False
73,9044,0,vm_09044,pm_0788,0,240,0.0579,0.0715,1,False
73,9045,0,vm_09045,pm_0010,0,172,0.569,0.013,2,False
73,9046,0,vm_09046,pm_0197,0,255,0.0599,0.0531,1,False
73,9047,0,vm_09047,pm_0353,0,40,0.0972,0.0658,1,False
73,9048,0,vm_09048,pm_0790,0,128,0.4354,0.0154,2,False
73,9049,0,vm_09049,pm_0568,0,53,0.1861,0.0125,3,False
73,9050,0,vm_09050,pm_0056,0,85,0.7357,0.0128,2,False
73,9051,0,vm_09051,pm_0373,0,211,0.1789,0.0153,3,False
73,9052,0,vm_09052,pm_0127,0,268,0.4101,0.0176,2,False
73,9053,0,vm_09053,pm_0417,0,295,0.0764,0.0568,1,False
73,9054,0,vm_09054,pm_0086,0,20,0.0635,0.084,1,False
73,9055,0,vm_09055,pm_0442,0,214,0.3143,0.0173,2,False
74,9056,0,vm_09056,pm_0350,0,188,0.2265,0.0165,3,False
74,9057,0,vm_09057,pm_0491,0,160,0.183,0.0166,3,False
74,9058,0,vm_09058,pm_0678,0,200,0.0721,0.0635,1,False
74,9059,0,vm_09059,pm_0607,0,28,0.1004,0.0574,1,False
74,9060,0,vm_09060,pm_0612,0,243,0.0498,0.064,1,False
74,9061,0,vm_09061,pm_0190,0,182,0.2385,0.0177,3,False
74,9062,0,vm_09062,pm_0607,0,31,0.1045,0.016,3,False
74,9063,0,vm_09063,pm_0146,0,266,0.1468,0.0135,3,False
74,9064,0,vm_09064,pm_0789,0,35,0.0352,0.059,1,False
74,9065,0,vm_09065,pm_0479,0,92,0.3642,0.0191,2,False
74,9066,0,vm_09066,pm_0155,0,158,0.6437,0.0218,2,False
74,9067,0,vm_09067,pm_0194,0,179,0.0887,0.0717,1,False
74,9068,0,vm_09068,pm_0211,0,217,0.4656,0.019,2,False
74,9069,0,vm_09069,pm_0702,0,226,0.0621,0.0417,1,False
74,9070,0,vm_09070,pm_0064,0,211,0.025,0.0613,1,False
74,9071,0,vm_09071,pm_0285,0,162,0.1748,0.0101,3,False
74,9072,0,vm_09072,pm_0555,0,157,0.2241,0.0114,3,False
74,9073,0,vm_09073,pm_0005,0,109,0.7308,0.0175,2,False
74,9074,0,vm_09074,pm_0570,0,54,0.403,0.0099,2,False
74,9075,0,vm_09075,pm_0028,0,213,0.0775,0.0559,1,False
74,9076,0,vm_09076,pm_0118,0,14,0.1675,0.0101,3,False
74,9077,0,vm_09077,pm_0555,0,152,0.0698,0.0135,3,False
74,9078,0,vm_09078,pm_0364,0,19,0.102,0.0085,3,False
74,9079,0,vm_09079,pm_0069,0,51,0.0964,0.0151,3,False
75,9080,0,vm_09080,pm_0181,0,83,0.0485,0.061,1,False
75,9081,0,vm_09081,pm_0686,0,223,0.0799,0.049,1,False
75,9082,0,vm_09082,pm_0680,0,128,0.3569,0.0181,2,False
75,9083,0,vm_09083,pm_0318,0,15,0.0972,0.0702,1,False
75,9084,0,vm_09084,pm_0630,0,273,0.1697,0.0103,3,False
75,9085,0,vm_09085,pm_0401,0,76,0.0765,0.0332,1,False
75,9086,0,vm_09086,pm_0012,0,299,0.0253,0.0605,1,False
75,9087,0,vm_09087,pm_0001,0,91,0.0706,0.0499,1,False
75,9088,0,vm_09088,pm_0339,0,269,0.1113,0.0167,3,False
75,9089,0,vm_09089,pm_0338,0,51,0.0447,0.0604,1,False
75,9090,0,vm_09090,pm_0563,0,120,0.1779,0.0121,3,False
75,9091,0,vm_09091,pm_0044,0,49,0.5236,0.0178,2,False
75,9092,0,vm_09092,pm_0414,0,272,0.0531,0.0532,1,False
75,9093,0,vm_09093,pm_0459,0,119,0.4457,0.0235,2,False
75,9094,0,vm_09094,pm_0503,0,94,0.0977,0.0062,3,False
75,9095,0,vm_09095,pm_0008,0,148,0.381,0.0163,2,False
75,9096,0,vm_09096,pm_0212,0,288,0.1903,0.0086,3,False
75,9097,0,vm_09097,pm_0252,0,256,0.086,0.0561,1,False
75,9098,0,vm_09098,pm_0147,0,183,0.0825,0.0557,1,False
75,9099,0,vm_09099,pm_0171,0,259,0.1201,0.0173,3,False
75,9100,0,vm_09100,pm_0310,0,149,0.0793,0.0616,1,False
75,9101,0,vm_09101,pm_0347,0,204,0.3321,0.0192,2,False
75,9102,0,vm_09102,pm_0368,0,171,0.1578,0.0141,3,False
75,9103,0,vm_09103,pm_0030,0,221,0.0443,0.0492,1,False
75,9104,0,vm_09104,pm_0134,0,167,0.1221,0.0141,3,False
75,9105,0,vm_09105,pm_0468,0,243,0.0802,0.0667,1,False
75,9106,0,vm_09106,pm_0240,0,217,0.0459,0.0547,1,False
76,9107,0,vm_09107,pm_0367,0,55,0.0978,0.0529,1,False
76,9108,0,vm_09108,pm_0723,0,62,0.1096,0.0182,3,False
76,9109,0,vm_09109,pm_0556,0,102,0.1,0.0826,1,False
76,9110,0,vm_09110,pm_0183,0,166,0.0844,0.0127,3,False
76,9111,0,vm_09111,pm_0701,0,6,0.1142,0.0181,3,False
76,9112,0,vm_09112,pm_0555,0,141,0.2952,0.0198,2,False
76,9113,0,vm_09113,pm_0423,0,124,0.3812,0.0244,2,False
76,9114,0,vm_09114,pm_0503,0,89,0.4998,0.0141,2,False
76,9115,0,vm_09115,pm_0072,0,215,0.0942,0.0542,1,False
76,9116,0,vm_09116,pm_0568,0,122,0.3165,0.0159,2,False
76,9117,0,vm_09117,pm_0597,0,185,0.2443,0.0139,3,False
76,9118,0,vm_09118,pm_0275,0,152,0.1737,0.0146,3,False
76,9119,0,vm_09119,pm_0127,0,248,0.138,0.0172,3,False
76,9120,0,vm_09120,pm_0571,0,113,0.1299,0.017,3,False
76,9121,0,vm_09121,pm_0638,0,95,0.1313,0.014,3,False
76,9122,0,vm_09122,pm_0793,0,197,0.413,0.0154,2,False
76,9123,0,vm_09123,pm_0057,0,2,0.102,0.0146,3,False
76,9124,0,vm_09124,pm_0730,0,148,0.1023,0.0171,3,False
76,9125,0,vm_09125,pm_0220,0,110,0.0717,0.0465,1,False
76,9126,0,vm_09126,pm_0588,0,19,0.153,0.0115,3,False
76,9127,0,vm_09127,pm_0035,0,202,0.422,0.0156,2,False
76,9128,0,vm_09128,pm_0419,0,181,0.1533,0.0119,3,False
76,9129,0,vm_09129,pm_0097,0,226,0.1434,0.0121,3,False
76,9130,0,vm_09130,pm_0732,0,291,0.0655,0.0211,3,False
76,9131,0,vm_09131,pm_0442,0,75,0.1034,0.0628,1,False
76,9132,0,vm_09132,pm_0509,0,222,0.1038,0.015,3,False
76,9133,0,vm_09133,pm_0707,0,35,0.3817,0.0118,2,False
77,9134,0,vm_09134,pm_0060,0,299,0.0503,0.0651,1,False
77,9135,0,vm_09135,pm_0328,0,89,0.0802,0.0147,3,False
77,9136,0,vm_09136,pm_0094,0,28,0.3189,0.0172,2,False
77,9137,0,vm_09137,pm_0088,0,175,0.0895,0.0166,3,False
77,9138,0,vm_09138,pm_0181,0,219,0.0617,0.0547,1,False
77,9139,0,vm_09139,pm_0588,0,135,0.3264,0.0156,2,False
77,9140,0,vm_09140,pm_0244,0,174,0.139,0.0085,3,False
77,9141,0,vm_09141,pm_0586,0,125,0.5192,0.0181,2,False
77,9142,0,vm_09142,pm_0012,0,170,0.0804,0.0737,1,False
77,9143,0,vm_09143,pm_0300,0,265,0.2071,0.012,3,False
77,9144,0,vm_09144,pm_0311,0,133,0.3595,0.0208,2,False
77,9145,0,vm_09145,pm_0363,0,271,0.1442,0.0078,3,False
77,9146,0,vm_09146,pm_0417,0,25,0.687,0.0191,2,False
77,9147,0,vm_09147,pm_0305,0,276,0.0508,0.0509,1,False
77,9148,0,vm_09148,pm_0580,0,99,0.3688,0.0178,2,False
77,9149,0,vm_09149,pm_0738,0,29,0.3396,0.0176,2,False
77,9150,0,vm_09150,pm_0644,0,132,0.3171,0.0173,2,False
77,9151,0,vm_09151,pm_0479,0,138,0.5061,0.0169,2,False
77,9152,0,vm_09152,pm_0656,0,190,0.3852,0.0204,2,False
77,9153,0,vm_09153,pm_0088,0,186,0.074,0.0531,1,False
77,9154,0,vm_09154,pm_0152,0,139,0.4219,0.0159,2,False
77,9155,0,vm_09155,pm_0450,0,236,0.0602,0.0686,1,False
77,9156,0,vm_09156,pm_0220,0,296,0.1011,0.054,1,False
77,9157,0,vm_09157,pm_0118,0,199,0.2081,0.0083,3,False
77,9158,0,vm_09158,pm_0619,0,283,0.0921,0.0164,3,False
78,9159,0,vm_09159,pm_0504,0,79,0.1032,0.0145,3,False
78,9160,0,vm_09160,pm_0486,0,258,0.0588,0.0679,1,False
78,9161,0,vm_09161,pm_0242,0,100,0.1299,0.0121,3,False
78,9162,0,vm_09162,pm_0203,0,31,0.1479,0.013,3,False
78,9163,0,vm_09163,pm_0142,0,276,0.2514,0.0108,3,False
78,9164,0,vm_09164,pm_0563,0,120,0.0379,0.081,1,False
78,9165,0,vm_09165,pm_0554,0,54,0.1098,0.0149,3,False
78,9166,0,vm_09166,pm_0187,0,17,0.0745,0.0116,3,False
78,9167,0,vm_09167,pm_0125,0,120,0.0813,0.0134,3,False
78,9168,0,vm_09168,pm_0269,0,109,0.049,0.0702,1,False
78,9169,0,vm_09169,pm_0242,0,60,0.06,0.0728,1,False
78,9170,0,vm_09170,pm_0344,0,263,0.0657,0.043,1,False
78,9171,0,vm_09171,pm_0687,0,267,0.0393,0.0607,1,False
78,9172,0,vm_09172,pm_0238,0,296,0.1462,0.0139,3,False
78,9173,0,vm_09173,pm_0048,0,126,0.0936,0.0653,1,False
78,9174,0,vm_09174,pm_0200,0,136,0.0775,0.0759,1,False
78,9175,0,vm_09175,pm_0057,0,77,0.0577,0.0625,1,False
78,9176,0,vm_09176,pm_0429,0,206,0.0679,0.059,1,False
78,9177,0,vm_09177,pm_0052,0,183,0.0599,0.0634,1,False
78,9178,0,vm_09178,pm_0419,0,88,0.1058,0.0179,3,False
78,9179,0,vm_09179,pm_0219,0,228,0.2913,0.0228,2,False
78,9180,0,vm_09180,pm_0592,0,63,0.1034,0.0641,1,False
78,9181,0,vm_09181,pm_0310,0,54,0.3338,0.0195,2,False
78,9182,0,vm_09182,pm_0142,0,292,0.7849,0.0161,2,False
78,9183,0,vm_09183,pm_0417,0,280,0.0784,0.0585,1,False
78,9184,0,vm_09184,pm_0046,0,278,0.1399,0.0137,3,False
78,9185,0,vm_09185,pm_0610,0,187,0.1303,0.0142,3,False
78,9186,0,vm_09186,pm_0080,0,190,0.251,0.0133,3,False
78,9187,0,vm_09187,pm_0013,0,272,0.0511,0.0143,3,False
78,9188,0,vm_09188,pm_0365,0,94,0.0624,0.0572,1,False
78,9189,0,vm_09189,pm_0456,0,89,0.1144,0.0159,3,False
79,9190,0,vm_09190,pm_0150,0,246,0.1553,0.0136,3,False
79,9191,0,vm_09191,pm_0784,0,74,0.1765,0.0178,3,False
79,9192,0,vm_09192,pm_0185,0,61,0.0524,0.0652,1,False
79,9193,0,vm_09193,pm_0435,0,221,0.1154,0.0128,3,False
79,9194,0,vm_09194,pm_0590,0,266,0.173,0.01,3,False
79,9195,0,vm_09195,pm_0401,0,120,0.1452,0.0113,3,False
79,9196,0,vm_09196,pm_0444,0,27,0.0556,0.0588,1,False
79,9197,0,vm_09197,pm_0417,0,273,0.135,0.0164,3,False
79,9198,0,vm_09198,pm_0321,0,22,0.1521,0.0134,3,False
79,9199,0,vm_09199,pm_0781,0,98,0.1099,0.0211,3,False
79,9200,0,vm_09200,pm_0523,0,284,0.3356,0.0211,2,False
79,9201,0,vm_09201,pm_0003,0,109,0.1535,0.0124,3,False
79,9202,0,vm_09202,pm_0241,0,202,0.4168,0.0162,2,False
79,9203,0,vm_09203,pm_0276,0,105,0.119,0.019,3,False
79,9204,0,vm_09204,pm_0485,0,45,0.3834,0.0214,2,False
80,9205,0,vm_09205,pm_0715,0,256,0.1371,0.0149,3,False
80,9206,0,vm_09206,pm_0064,0,143,0.0905,0.0621,1,False
80,9207,0,vm_09207,pm_0059,0,24,0.3798,0.0149,2,False
80,9208,0,vm_09208,pm_0013,0,61,0.1508,0.0159,3,False
80,9209,0,vm_09209,pm_0194,0,229,0.1302,0.0099,3,False
80,9210,0,vm_09210,pm_0708,0,81,0.0992,0.0118,3,False
80,9211,0,vm_09211,pm_0575,0,210,0.0989,0.0174,3,False
80,9212,0,vm_09212,pm_0009,0,196,0.1295,0.0111,3,False
80,9213,0,vm_09213,pm_0718,0,197,0.0473,0.0697,1,False
80,9214,0,vm_09214,pm_0507,0,161,0.0483,0.0487,1,False
80,9215,0,vm_09215,pm_0566,0,207,0.0689,0.0524,1,False
80,9216,0,vm_09216,pm_0051,0,43,0.0506,0.0616,1,False
80,9217,0,vm_09217,pm_0125,0,287,0.3928,0.0173,2,False
80,9218,0,vm_09218,pm_0221,0,278,0.1643,0.0148,3,False
80,9219,0,vm_09219,pm_0061,0,274,0.1095,0.0131,3,False
80,9220,0,vm_09220,pm_0395,0,220,0.0827,0.0879,1,False
80,9221,0,vm_09221,pm_0568,0,284,0.0565,0.0659,1,False
80,9222,0,vm_09222,pm_0382,0,145,0.1747,0.0155,3,False
80,9223,0,vm_09223,pm_0378,0,68,0.3343,0.0165,2,False
80,9224,0,vm_09224,pm_0545,0,139,0.0728,0.0687,1,False
80,9225,0,vm_09225,pm_0511,0,9,0.0872,0.0124,3,False
80,9226,0,vm_09226,pm_0706,0,110,0.1093,0.0159,3,False
80,9227,0,vm_09227,pm_0525,0,36,0.0538,0.0463,1,False
80,9228,0,vm_09228,pm_0469,0,80,0.0778,0.0104,3,False
80,9229,0,vm_09229,pm_0752,0,95,0.0829,0.0714,1,False
80,9230,0,vm_09230,pm_0430,0,54,0.1446,0.0141,3,False
80,9231,0,vm_09231,pm_0783,0,131,0.4529,0.0147,2,False
80,9232,0,vm_09232,pm_0599,0,222,0.0555,0.0538,1,False
80,9233,0,vm_09233,pm_0373,0,62,0.087,0.0098,3,False
80,9234,0,vm_09234,pm_0494,0,11,0.316,0.0167,2,False
80,9235,0,vm_09235,pm_0352,0,145,0.1141,0.0155,3,False
80,9236,0,vm_09236,pm_0068,0,263,0.0838,0.0579,1,False
80,9237,0,vm_09237,pm_0353,0,31,0.086,0.0641,1,False
81,9238,0,vm_09238,pm_0120,0,48,0.0217,0.0605,1,False
81,9239,0,vm_09239,pm_0084,0,186,0.5007,0.009,2,False
81,9240,0,vm_09240,pm_0197,0,98,0.1204,0.0137,3,False
81,9241,0,vm_09241,pm_0256,0,166,0.0728,0.0427,1,False
81,9242,0,vm_09242,pm_0675,0,212,0.0654,0.0161,3,False
81,9243,0,vm_09243,pm_0606,0,198,0.2041,0.0126,3,False
81,9244,0,vm_09244,pm_0714,0,245,0.0792,0.015,3,False
81,9245,0,vm_09245,pm_0552,0,153,0.2962,0.0106,2,False
81,9246,0,vm_09246,pm_0410,0,95,0.1708,0.0143,3,False
81,9247,0,vm_09247,pm_0509,0,62,0.4817,0.0159,2,False
81,9248,0,vm_09248,pm_0219,0,193,0.4105,0.0153,2,False
81,9249,0,vm_09249,pm_0331,0,271,0.0762,0.0513,1,False
81,9250,0,vm_09250,pm_0466,0,89,0.0667,0.0545,1,False
81,9251,0,vm_09251,pm_0741,0,271,0.0532,0.03,1,False
81,9252,0,vm_09252,pm_0512,0,84,0.1269,0.0142,3,False
81,9253,0,vm_09253,pm_0756,0,294,0.038,0.0492,1,False
81,9254,0,vm_09254,pm_0058,0,35,0.0603,0.0437,1,False
81,9255,0,vm_09255,pm_0674,0,17,0.0492,0.0097,3,False
81,9256,0,vm_09256,pm_0166,0,76,0.0911,0.0499,1,False
81,9257,0,vm_09257,pm_0563,0,48,0.0561,0.0532,1,False
81,9258,0,vm_09258,pm_0062,0,235,0.051,0.0713,1,False
81,9259,0,vm_09259,pm_0366,0,43,0.1091,0.0143,3,False
81,9260,0,vm_09260,pm_0106,0,108,0.0317,0.0426,1,False
81,9261,0,vm_09261,pm_0551,0,128,0.3882,0.0202,2,False
81,9262,0,vm_09262,pm_0723,0,6,0.381,0.009,2,False
81,9263,0,vm_09263,pm_0019,0,111,0.1686,0.0147,3,False
82,9264,0,vm_09264,pm_0351,0,212,0.1272,0.0106,3,False
82,9265,0,vm_09265,pm_0303,0,65,0.0801,0.0162,3,False
82,9266,0,vm_09266,pm_0048,0,30,0.0339,0.0661,1,False
82,9267,0,vm_09267,pm_0207,0,294,0.0692,0.0632,1,False
82,9268,0,vm_09268,pm_0137,0,264,0.0846,0.0345,1,False
82,9269,0,vm_09269,pm_0714,0,296,0.077,0.0816,1,False
82,9270,0,vm_09270,pm_0502,0,13,0.0962,0.0479,1,False
82,9271,0,vm_09271,pm_0343,0,57,0.0795,0.0537,1,False
82,9272,0,vm_09272,pm_0414,0,241,0.4194,0.0231,2,False
82,9273,0,vm_09273,pm_0236,0,247,0.1851,0.0144,3,False
82,9274,0,vm_09274,pm_0723,0,97,0.0645,0.0641,1,False
82,9275,0,vm_09275,pm_0741,0,161,0.1223,0.0204,3,False
82,9276,0,vm_09276,pm_0037,0,246,0.0747,0.0513,1,False
82,9277,0,vm_09277,pm_0287,0,3,0.0423,0.0424,1,False
82,9278,0,vm_09278,pm_0705,0,260,0.3698,0.015,2,False
82,9279,0,vm_09279,pm_0549,0,44,0.0492,0.0588,1,False
82,9280,0,vm_09280,pm_0620,0,210,0.0646,0.0659,1,False
82,9281,0,vm_09281,pm_0039,0,243,0.5319,0.0204,2,False
82,9282,0,vm_09282,pm_0782,0,202,0.1441,0.0155,3,False
83,9283,0,vm_09283,pm_0562,0,202,0.1024,0.0154,3,False
83,9284,0,vm_09284,pm_0143,0,26,0.109,0.0669,1,False
83,9285,0,vm_09285,pm_0030,0,117,0.1139,0.0166,3,False
83,9286,0,vm_09286,pm_0150,0,225,0.1176,0.012,3,False
83,9287,0,vm_09287,pm_0148,0,204,0.1966,0.0176,3,False
83,9288,0,vm_09288,pm_0472,0,246,0.0802,0.0201,3,False
83,9289,0,vm_09289,pm_0141,0,48,0.4026,0.0156,2,False
83,9290,0,vm_09290,pm_0140,0,252,0.1031,0.0518,1,False
83,9291,0,vm_09291,pm_0016,0,77,0.3288,0.0134,2,False
83,9292,0,vm_09292,pm_0434,0,256,0.3273,0.0195,2,False
83,9293,0,vm_09293,pm_0335,0,119,0.4066,0.0151,2,False
83,9294,0,vm_09294,pm_0229,0,34,0.4841,0.0196,2,False
83,9295,0,vm_09295,pm_0332,0,142,0.1509,0.0104,3,False
83,9296,0,vm_09296,pm_0286,0,196,0.184,0.0178,3,False
83,9297,0,vm_09297,pm_0774,0,259,0.1857,0.0124,3,False
83,9298,0,vm_09298,pm_0075,0,83,0.1294,0.0159,3,False
83,9299,0,vm_09299,pm_0569,0,191,0.1658,0.0127,3,False
83,9300,0,vm_09300,pm_0487,0,21,0.059,0.0311,1,False
83,9301,0,vm_09301,pm_0062,0,23,0.0763,0.0624,1,False
83,9302,0,vm_09302,pm_0178,0,74,0.276,0.0251,2,False
83,9303,0,vm_09303,pm_0158,0,133,0.2031,0.0185,3,False
84,9304,0,vm_09304,pm_0231,0,166,0.3335,0.0149,2,False
84,9305,0,vm_09305,pm_0176,0,109,0.1328,0.0151,3,False
84,9306,0,vm_09306,pm_0413,0,89,0.064,0.0503,1,False
84,9307,0,vm_09307,pm_0598,0,36,0.0799,0.0618,1,False
84,9308,0,vm_09308,pm_0404,0,50,0.1846,0.0203,3,False
84,9309,0,vm_09309,pm_0698,0,59,0.0447,0.0675,1,False
84,9310,0,vm_09310,pm_0527,0,71,0.0496,0.0504,1,False
84,9311,0,vm_09311,pm_0421,0,127,0.035,0.0602,1,False
84,9312,0,vm_09312,pm_0438,0,61,0.0926,0.0536,1,False
84,9313,0,vm_09313,pm_0775,0,178,0.202,0.014,3,False
84,9314,0,vm_09314,pm_0322,0,27,0.0752,0.0525,1,False
84,9315,0,vm_09315,pm_0548,0,239,0.4149,0.0168,2,False
84,9316,0,vm_09316,pm_0509,0,231,0.0668,0.0625,1,False
84,9317,0,vm_09317,pm_0690,0,152,0.2198,0.0186,3,False
84,9318,0,vm_09318,pm_0388,0,6,0.0844,0.071,1,False
84,9319,0,vm_09319,pm_0177,0,64,0.0925,0.0107,3,False
84,9320,0,vm_09320,pm_0739,0,122,0.1456,0.0097,3,False
84,9321,0,vm_09321,pm_0327,0,35,0.1038,0.0601,1,False
85,9322,0,vm_09322,pm_0725,0,237,0.2181,0.0177,3,False
85,9323,0,vm_09323,pm_0643,0,72,0.1128,0.0096,3,False
85,9324,0,vm_09324,pm_0484,0,29,0.3402,0.0176,2,False
85,9325,0,vm_09325,pm_0025,0,226,0.0561,0.0669,1,False
85,9326,0,vm_09326,pm_0066,0,284,0.189,0.0153,3,False
85,9327,0,vm_09327,pm_0479,0,4,0.2149,0.0159,3,False
85,9328,0,vm_09328,pm_0484,0,64,0.0532,0.0592,1,False
85,9329,0,vm_09329,pm_0526,0,234,0.0483,0.0552,1,False
85,9330,0,vm_09330,pm_0454,0,114,0.1271,0.0134,3,False
85,9331,0,vm_09331,pm_0330,0,245,0.1023,0.0164,3,False
85,9332,0,vm_09332,pm_0564,0,16,0.1379,0.0094,3,False
85,9333,0,vm_09333,pm_0413,0,36,0.3461,0.0152,2,False
85,9334,0,vm_09334,pm_0613,0,218,0.1305,0.0193,3,False
85,9335,0,vm_09335,pm_0672,0,136,0.0742,0.0578,1,False
85,9336,0,vm_09336,pm_0589,0,245,0.0579,0.0588,1,False
85,9337,0,vm_09337,pm_0464,0,37,0.1168,0.0179,3,False
85,9338,0,vm_09338,pm_0467,0,250,0.1619,0.0152,3,False
86,9339,0,vm_09339,pm_0116,0,52,0.077,0.0607,1,False
86,9340,0,vm_09340,pm_0438,0,202,0.5687,0.0241,2,False
86,9341,0,vm_09341,pm_0198,0,48,0.1444,0.0089,3,False
86,9342,0,vm_09342,pm_0365,0,121,0.3454,0.0139,2,False
86,9343,0,vm_09343,pm_0141,0,15,0.1501,0.0128,3,False
86,9344,0,vm_09344,pm_0082,0,268,0.1687,0.0182,3,False
86,9345,0,vm_09345,pm_0271,0,235,0.0577,0.0532,1,False
86,9346,0,vm_09346,pm_0310,0,120,0.1133,0.0161,3,False
86,9347,0,vm_09347,pm_0228,0,138,0.1438,0.0181,3,False
86,9348,0,vm_09348,pm_0566,0,86,0.2036,0.0153,3,False
86,9349,0,vm_09349,pm_0731,0,129,0.1899,0.0142,3,False
86,9350,0,vm_09350,pm_0468,0,251,0.1487,0.0099,3,False
86,9351,0,vm_09351,pm_0302,0,274,0.075,0.0589,1,False
86,9352,0,vm_09352,pm_0759,0,300,0.0561,0.0609,1,False
86,9353,0,vm_09353,pm_0017,0,46,0.1869,0.0141,3,False
86,9354,0,vm_09354,pm_0261,0,78,0.0673,0.0723,1,False
86,9355,0,vm_09355,pm_0124,0,297,0.0666,0.0685,1,False
86,9356,0,vm_09356,pm_0013,0,218,0.1592,0.0175,3,False
87,9357,0,vm_09357,pm_0798,0,110,0.1151,0.0167,3,False
87,9358,0,vm_09358,pm_0423,0,226,0.0603,0.0581,1,False
87,9359,0,vm_09359,pm_0037,0,274,0.1359,0.0121,3,False
87,9360,0,vm_09360,pm_0423,0,255,0.2148,0.0169,3,False
87,9361,0,vm_09361,pm_0125,0,38,0.5253,0.0121,2,False
87,9362,0,vm_09362,pm_0562,0,134,0.0922,0.0141,3,False
87,9363,0,vm_09363,pm_0389,0,294,0.454,0.0125,2,False
87,9364,0,vm_09364,pm_0366,0,97,0.0852,0.0547,1,False
87,9365,0,vm_09365,pm_0529,0,33,0.0833,0.0564,1,False
87,9366,0,vm_09366,pm_0308,0,67,0.3857,0.009,2,False
87,9367,0,vm_09367,pm_0405,0,190,0.3851,0.0186,2,False
87,9368,0,vm_09368,pm_0621,0,198,0.0694,0.0073,3,False
87,9369,0,vm_09369,pm_0509,0,47,0.1759,0.0136,3,False
87,9370,0,vm_09370,pm_0733,0,258,0.0951,0.0142,3,False
87,9371,0,vm_09371,pm_0185,0,212,0.1084,0.0179,3,False
87,9372,0,vm_09372,pm_0464,0,161,0.0812,0.0619,1,False
88,9373,0,vm_09373,pm_0077,0,112,0.0936,0.0618,1,False
88,9374,0,vm_09374,pm_0284,0,136,0.0687,0.0133,3,False
88,9375,0,vm_09375,pm_0160,0,11,0.0599,0.0634,1,False
88,9376,0,vm_09376,pm_0003,0,237,0.0546,0.0538,1,False
88,9377,0,vm_09377,pm_0469,0,283,0.1103,0.017,3,False
88,9378,0,vm_09378,pm_0757,0,175,0.3392,0.0131,2,False
88,9379,0,vm_09379,pm_0370,0,224,0.1497,0.0107,3,False
88,9380,0,vm_09380,pm_0775,0,74,0.0901,0.0575,1,False
88,9381,0,vm_09381,pm_0390,0,134,0.051,0.0585,1,False
88,9382,0,vm_09382,pm_0661,0,81,0.0659,0.068,1,False
88,9383,0,vm_09383,pm_0366,0,82,0.3201,0.0165,2,False
88,9384,0,vm_09384,pm_0201,0,141,0.0859,0.052,1,False
88,9385,0,vm_09385,pm_0692,0,208,0.3566,0.0144,2,False
88,9386,0,vm_09386,pm_0520,0,214,0.1307,0.0067,3,False
88,9387,0,vm_09387,pm_0097,0,254,0.142,0.0176,3,False
88,9388,0,vm_09388,pm_0418,0,187,0.0482,0.0522,1,False
88,9389,0,vm_09389,pm_0734,0,246,0.5744,0.0128,2,False
88,9390,0,vm_09390,pm_0027,0,254,0.4601,0.0135,2,False
88,9391,0,vm_09391,pm_0549,0,161,0.1264,0.0155,3,False
88,9392,0,vm_09392,pm_0148,0,166,0.0806,0.0137,3,False
89,9393,0,vm_09393,pm_0490,0,77,0.0518,0.0606,1,False
89,9394,0,vm_09394,pm_0710,0,174,0.1385,0.0127,3,False
89,9395,0,vm_09395,pm_0503,0,19,0.0701,0.0615,1,False
89,9396,0,vm_09396,pm_0096,0,95,0.073,0.0563,1,False
89,9397,0,vm_09397,pm_0312,0,179,0.0259,0.0556,1,False
89,9398,0,vm_09398,pm_0497,0,94,0.3242,0.0204,2,False
89,9399,0,vm_09399,pm_0570,0,70,0.5831,0.0109,2,False
89,9400,0,vm_09400,pm_0078,0,189,0.053,0.0656,1,False
89,9401,0,vm_09401,pm_0506,0,131,0.0975,0.0142,3,False
89,9402,0,vm_09402,pm_0723,0,138,0.0419,0.0644,1,False
89,9403,0,vm_09403,pm_0062,0,274,0.3911,0.0243,2,False
89,9404,0,vm_09404,pm_0185,0,101,0.0682,0.0429,1,False
90,9405,0,vm_09405,pm_0668,0,282,0.0364,0.0522,1,False
90,9406,0,vm_09406,pm_0449,0,28,0.3318,0.017,2,False
90,9407,0,vm_09407,pm_0569,0,17,0.0781,0.059,1,False
90,9408,0,vm_09408,pm_0769,0,243,0.5074,0.0104,2,False
90,9409,0,vm_09409,pm_0742,0,174,0.0595,0.0642,1,False
90,9410,0,vm_09410,pm_0235,0,88,0.3749,0.0204,2,False
90,9411,0,vm_09411,pm_0796,0,19,0.0668,0.0521,1,False
90,9412,0,vm_09412,pm_0487,0,17,0.1823,0.016,3,False
90,9413,0,vm_09413,pm_0751,0,37,0.1061,0.0084,3,False
90,9414,0,vm_09414,pm_0733,0,88,0.0643,0.03,1,False
90,9415,0,vm_09415,pm_0184,0,149,0.3583,0.0232,2,False
90,9416,0,vm_09416,pm_0012,0,203,0.0622,0.0646,1,False
90,9417,0,vm_09417,pm_0069,0,232,0.1437,0.0175,3,False
90,9418,0,vm_09418,pm_0444,0,103,0.0992,0.0705,1,False
90,9419,0,vm_09419,pm_0798,0,110,0.4455,0.009,2,False
91,9420,0,vm_09420,pm_0117,0,224,0.376,0.0229,2,False
91,9421,0,vm_09421,pm_0238,0,220,0.1768,0.0185,3,False
91,9422,0,vm_09422,pm_0184,0,25,0.344,0.0139,2,False
91,9423,0,vm_09423,pm_0785,0,63,0.0978,0.0094,3,False
91,9424,0,vm_09424,pm_0594,0,253,0.0692,0.0618,1,False
91,9425,0,vm_09425,pm_0492,0,248,0.1994,0.0119,3,False
91,9426,0,vm_09426,pm_0021,0,223,0.1147,0.0134,3,False
91,9427,0,vm_09427,pm_0569,0,130,0.0859,0.0429,1,False
91,9428,0,vm_09428,pm_0547,0,29,0.1095,0.0127,3,False
91,9429,0,vm_09429,pm_0200,0,274,0.6755,0.0188,2,False
91,9430,0,vm_09430,pm_0565,0,9,0.1553,0.0125,3,False
91,9431,0,vm_09431,pm_0019,0,88,0.1488,0.0095,3,False
91,9432,0,vm_09432,pm_0284,0,146,0.0716,0.0684,1,False
91,9433,0,vm_09433,pm_0537,0,126,0.1152,0.011,3,False
91,9434,0,vm_09434,pm_0467,0,185,0.0564,0.0658,1,False
91,9435,0,vm_09435,pm_0223,0,123,0.05,0.0728,1,False
91,9436,0,vm_09436,pm_0695,0,106,0.0743,0.0622,1,False
92,9437,0,vm_09437,pm_0054,0,5,0.1365,0.0166,3,False
92,9438,0,vm_09438,pm_0309,0,50,0.0793,0.0503,1,False
92,9439,0,vm_09439,pm_0141,0,135,0.0408,0.0555,1,False
92,9440,0,vm_09440,pm_0645,0,1,0.1653,0.0143,3,False
92,9441,0,vm_09441,pm_0597,0,17,0.0613,0.0791,1,False
92,9442,0,vm_09442,pm_0124,0,248,0.0641,0.0635,1,False
92,9443,0,vm_09443,pm_0257,0,184,0.1082,0.0615,1,False
92,9444,0,vm_09444,pm_0079,0,221,0.1086,0.0476,1,False
92,9445,0,vm_09445,pm_0491,0,227,0.5364,0.0176,2,False
92,9446,0,vm_09446,pm_0327,0,193,0.0646,0.0306,1,False
92,9447,0,vm_09447,pm_0722,0,209,0.1144,0.0226,3,False
92,9448,0,vm_09448,pm_0032,0,298,0.0968,0.0095,3,False
92,9449,0,vm_09449,pm_0320,0,71,0.0488,0.0603,1,False
92,9450,0,vm_09450,pm_0578,0,116,0.0801,0.0467,1,False
92,9451,0,vm_09451,pm_0501,0,263,0.6772,0.0195,2,False
92,9452,0,vm_09452,pm_0225,0,4,0.0946,0.0132,3,False
92,9453,0,vm_09453,pm_0055,0,268,0.0824,0.0546,1,False
92,9454,0,vm_09454,pm_0342,0,6,0.0628,0.0696,1,False
92,9455,0,vm_09455,pm_0323,0,20,0.0977,0.0116,3,False
93,9456,0,vm_09456,pm_0161,0,36,0.0952,0.0685,1,False
93,9457,0,vm_09457,pm_0434,0,172,0.0367,0.049,1,False
93,9458,0,vm_09458,pm_0777,0,61,0.1763,0.0077,3,False
93,9459,0,vm_09459,pm_0168,0,205,0.1919,0.0187,3,False
93,9460,0,vm_09460,pm_0089,0,100,0.0651,0.0617,1,False
93,9461,0,vm_09461,pm_0744,0,118,0.1442,0.01,3,False
93,9462,0,vm_09462,pm_0263,0,178,0.0607,0.0681,1,False
93,9463,0,vm_09463,pm_0067,0,131,0.1743,0.0121,3,False
94,9464,0,vm_09464,pm_0526,0,74,0.5713,0.009,2,False
94,9465,0,vm_09465,pm_0429,0,289,0.1344,0.0128,3,False
94,9466,0,vm_09466,pm_0110,0,44,0.1694,0.0137,3,False
94,9467,0,vm_09467,pm_0115,0,143,0.1779,0.0155,3,False
94,9468,0,vm_09468,pm_0492,0,136,0.0881,0.015,3,False
94,9469,0,vm_09469,pm_0604,0,207,0.4473,0.013,2,False
94,9470,0,vm_09470,pm_0306,0,230,0.066,0.0612,1,False
94,9471,0,vm_09471,pm_0766,0,271,0.564,0.0116,2,False
94,9472,0,vm_09472,pm_0727,0,94,0.1546,0.015,3,False
94,9473,0,vm_09473,pm_0230,0,260,0.1152,0.0138,3,False
94,9474,0,vm_09474,pm_0060,0,126,0.0562,0.0685,1,False
94,9475,0,vm_09475,pm_0271,0,166,0.1062,0.012,3,False
94,9476,0,vm_09476,pm_0791,0,17,0.2006,0.0157,3,False
94,9477,0,vm_09477,pm_0140,0,147,0.1051,0.0148,3,False
94,9478,0,vm_09478,pm_0472,0,246,0.2299,0.0192,3,False
94,9479,0,vm_09479,pm_0030,0,129,0.0367,0.0557,1,False
94,9480,0,vm_09480,pm_0121,0,295,0.0617,0.0539,1,False
94,9481,0,vm_09481,pm_0460,0,265,0.0561,0.0383,1,False
94,9482,0,vm_09482,pm_0654,0,41,0.0376,0.0503,1,False
95,9483,0,vm_09483,pm_0325,0,202,0.1233,0.0159,3,False
95,9484,0,vm_09484,pm_0609,0,180,0.139,0.0192,3,False
95,9485,0,vm_09485,pm_0037,0,180,0.1763,0.0139,3,False
95,9486,0,vm_09486,pm_0377,0,295,0.1387,0.0102,3,False
95,9487,0,vm_09487,pm_0169,0,143,0.0591,0.059,1,False
95,9488,0,vm_09488,pm_0641,0,60,0.0585,0.03,1,False
95,9489,0,vm_09489,pm_0456,0,208,0.0234,0.0571,1,False
95,9490,0,vm_09490,pm_0600,0,165,0.0833,0.0685,1,False
95,9491,0,vm_09491,pm_0535,0,299,0.467,0.009,2,False
95,9492,0,vm_09492,pm_0037,0,142,0.0694,0.0712,1,False
95,9493,0,vm_09493,pm_0102,0,60,0.0592,0.0719,1,False
95,9494,0,vm_09494,pm_0196,0,262,0.0503,0.0498,1,False
95,9495,0,vm_09495,pm_0404,0,123,0.1071,0.0144,3,False
95,9496,0,vm_09496,pm_0469,0,237,0.6247,0.0153,2,False
95,9497,0,vm_09497,pm_0038,0,29,0.3892,0.0166,2,False
95,9498,0,vm_09498,pm_0621,0,254,0.7002,0.0227,2,False
95,9499,0,vm_09499,pm_0107,0,89,0.108,0.0164,3,False
96,9500,0,vm_09500,pm_0688,0,138,0.0781,0.0725,1,False
96,9501,0,vm_09501,pm_0731,0,206,0.3558,0.0103,2,False
96,9502,0,vm_09502,pm_0272,0,92,0.1195,0.012,3,False
96,9503,0,vm_09503,pm_0550,0,133,0.6487,0.0148,2,False
96,9504,0,vm_09504,pm_0733,0,203,0.1074,0.0099,3,False
96,9505,0,vm_09505,pm_0399,0,109,0.0595,0.0479,1,False
96,9506,0,vm_09506,pm_0525,0,37,0.3106,0.019,2,False
96,9507,0,vm_09507,pm_0021,0,21,0.0802,0.0558,1,False
96,9508,0,vm_09508,pm_0299,0,224,0.1235,0.0114,3,False
96,9509,0,vm_09509,pm_0063,0,167,0.0565,0.07,1,False
96,9510,0,vm_09510,pm_0357,0,134,0.0881,0.0627,1,False
96,9511,0,vm_09511,pm_0465,0,109,0.4233,0.0112,2,False
96,9512,0,vm_09512,pm_0760,0,223,0.3094,0.0114,2,False
96,9513,0,vm_09513,pm_0379,0,167,0.0511,0.055,1,False
97,9514,0,vm_09514,pm_0329,0,106,0.1058,0.0147,3,False
97,9515,0,vm_09515,pm_0343,0,23,0.1156,0.0121,3,False
97,9516,0,vm_09516,pm_0249,0,296,0.0611,0.0646,1,False
97,9517,0,vm_09517,pm_0359,0,210,0.6533,0.0187,2,False
97,9518,0,vm_09518,pm_0131,0,170,0.1075,0.0148,3,False
97,9519,0,vm_09519,pm_0541,0,68,0.2914,0.0166,2,False
97,9520,0,vm_09520,pm_0115,0,221,0.035,0.0609,1,False
97,9521,0,vm_09521,pm_0515,0,152,0.0535,0.0659,1,False
97,9522,0,vm_09522,pm_0097,0,280,0.2073,0.0148,3,False
97,9523,0,vm_09523,pm_0565,0,200,0.074,0.0186,3,False
97,9524,0,vm_09524,pm_0198,0,218,0.111,0.0106,3,False
98,9525,0,vm_09525,pm_0686,0,103,0.0323,0.0491,1,False
98,9526,0,vm_09526,pm_0160,0,298,0.4898,0.0101,2,False
98,9527,0,vm_09527,pm_0750,0,229,0.1396,0.0215,3,False
98,9528,0,vm_09528,pm_0567,0,53,0.0854,0.0583,1,False
98,9529,0,vm_09529,pm_0402,0,188,0.1603,0.0132,3,False
98,9530,0,vm_09530,pm_0016,0,221,0.1944,0.0134,3,False
98,9531,0,vm_09531,pm_0219,0,74,0.0558,0.0701,1,False
98,9532,0,vm_09532,pm_0636,0,171,0.1462,0.0131,3,False
99,9533,0,vm_09533,pm_0218,0,41,0.038,0.0684,1,False
99,9534,0,vm_09534,pm_0045,0,156,0.1218,0.015,3,False
99,9535,0,vm_09535,pm_0456,0,80,0.4296,0.0212,2,False
99,9536,0,vm_09536,pm_0757,0,207,0.3095,0.0182,2,False
99,9537,0,vm_09537,pm_0646,0,85,0.1122,0.0112,3,False
99,9538,0,vm_09538,pm_0177,0,231,0.1167,0.0137,3,False
99,9539,0,vm_09539,pm_0618,0,176,0.0442,0.0559,1,False
99,9540,0,vm_09540,pm_0586,0,106,0.0817,0.0168,3,False
99,9541,0,vm_09541,pm_0606,0,138,0.0744,0.0594,1,False
99,9542,0,vm_09542,pm_0690,0,101,0.0483,0.0712,1,False
100,9543,0,vm_09543,pm_0595,0,29,0.0651,0.0603,1,False
100,9544,0,vm_09544,pm_0081,0,193,0.239,0.0146,2,False
100,9545,0,vm_09545,pm_0196,0,243,0.0512,0.0508,1,False
100,9546,0,vm_09546,pm_0420,0,184,0.0794,0.0578,1,False
100,9547,0,vm_09547,pm_0014,0,292,0.0959,0.0649,1,False
100,9548,0,vm_09548,pm_0028,0,246,0.0441,0.0498,1,False
100,9549,0,vm_09549,pm_0311,0,117,0.358,0.0185,2,False
100,9550,0,vm_09550,pm_0254,0,72,0.1851,0.0121,3,False
100,9551,0,vm_09551,pm_0329,0,68,0.073,0.0575,1,False
100,9552,0,vm_09552,pm_0609,0,241,0.0862,0.0141,3,False
100,9553,0,vm_09553,pm_0509,0,151,0.1196,0.0118,3,False
100,9554,0,vm_09554,pm_0540,0,93,0.1776,0.0101,3,False
101,9555,0,vm_09555,pm_0348,0,270,0.1578,0.0169,3,False
101,9556,0,vm_09556,pm_0479,0,228,0.1411,0.0121,3,False
101,9557,0,vm_09557,pm_0445,0,29,0.071,0.0563,1,False
101,9558,0,vm_09558,pm_0783,0,112,0.2643,0.009,2,False
101,9559,0,vm_09559,pm_0165,0,147,0.1438,0.0109,3,False
101,9560,0,vm_09560,pm_0337,0,56,0.0921,0.0128,3,False
101,9561,0,vm_09561,pm_0072,0,176,0.1743,0.0073,3,False
101,9562,0,vm_09562,pm_0097,0,55,0.0334,0.0489,1,False
101,9563,0,vm_09563,pm_0721,0,264,0.1886,0.012,3,False
101,9564,0,vm_09564,pm_0104,0,236,0.3214,0.0178,2,False
101,9565,0,vm_09565,pm_0398,0,277,0.0447,0.0588,1,False
101,9566,0,vm_09566,pm_0420,0,76,0.0558,0.0755,1,False
101,9567,0,vm_09567,pm_0353,0,123,0.0876,0.012,3,False
102,9568,0,vm_09568,pm_0694,0,27,0.0694,0.0092,3,False
102,9569,0,vm_09569,pm_0784,0,141,0.3306,0.02,2,False
102,9570,0,vm_09570,pm_0179,0,157,0.109,0.0109,3,False
102,9571,0,vm_09571,pm_0188,0,166,0.0898,0.0443,1,False
102,9572,0,vm_09572,pm_0216,0,184,0.0424,0.0501,1,False
102,9573,0,vm_09573,pm_0074,0,11,0.1116,0.0583,1,False
102,9574,0,vm_09574,pm_0331,0,168,0.0851,0.0716,1,False
102,9575,0,vm_09575,pm_0662,0,105,0.0657,0.0661,1,False
102,9576,0,vm_09576,pm_0562,0,253,0.0686,0.0484,1,False
102,9577,0,vm_09577,pm_0439,0,97,0.1641,0.0172,3,False
102,9578,0,vm_09578,pm_0683,0,118,0.1911,0.0119,3,False
102,9579,0,vm_09579,pm_0019,0,225,0.0474,0.0614,1,False
103,9580,0,vm_09580,pm_0761,0,151,0.0932,0.0719,1,False
103,9581,0,vm_09581,pm_0382,0,202,0.0711,0.066,1,False
103,9582,0,vm_09582,pm_0604,0,162,0.2578,0.0149,2,False
103,9583,0,vm_09583,pm_0111,0,296,0.0339,0.0551,1,False
103,9584,0,vm_09584,pm_0539,0,121,0.0581,0.0376,1,False
103,9585,0,vm_09585,pm_0707,0,15,0.1598,0.0103,3,False
103,9586,0,vm_09586,pm_0773,0,105,0.1821,0.0116,3,False
104,9587,0,vm_09587,pm_0445,0,261,0.0547,0.0482,1,False
104,9588,0,vm_09588,pm_0523,0,19,0.6453,0.0196,2,False
104,9589,0,vm_09589,pm_0716,0,243,0.0448,0.0676,1,False
104,9590,0,vm_09590,pm_0262,0,243,0.1293,0.011,3,False
104,9591,0,vm_09591,pm_0458,0,211,0.3718,0.0098,2,False
104,9592,0,vm_09592,pm_0190,0,223,0.0422,0.0668,1,False
104,9593,0,vm_09593,pm_0729,0,261,0.1115,0.0099,3,False
104,9594,0,vm_09594,pm_0694,0,219,0.0324,0.0482,1,False
104,9595,0,vm_09595,pm_0721,0,7,0.096,0.0633,1,False
104,9596,0,vm_09596,pm_0159,0,13,0.0534,0.0707,1,False
104,9597,0,vm_09597,pm_0417,0,129,0.3158,0.0174,2,False
104,9598,0,vm_09598,pm_0431,0,21,0.0571,0.0651,1,False
104,9599,0,vm_09599,pm_0121,0,224,0.0811,0.0605,1,False
104,9600,0,vm_09600,pm_0562,0,234,0.0885,0.0516,1,False
104,9601,0,vm_09601,pm_0053,0,198,0.0675,0.0533,1,False
104,9602,0,vm_09602,pm_0736,0,133,0.1704,0.0172,3,False
104,9603,0,vm_09603,pm_0619,0,177,0.052,0.073,1,False
105,9604,0,vm_09604,pm_0640,0,43,0.0408,0.059,1,False
105,9605,0,vm_09605,pm_0093,0,7,0.1098,0.017,3,False
105,9606,0,vm_09606,pm_0294,0,279,0.137,0.0173,3,False
105,9607,0,vm_09607,pm_0500,0,26,0.1491,0.0134,3,False
105,9608,0,vm_09608,pm_0566,0,50,0.5087,0.0135,2,False
105,9609,0,vm_09609,pm_0152,0,68,0.1044,0.05,1,False
105,9610,0,vm_09610,pm_0353,0,280,0.1435,0.0123,3,False
105,9611,0,vm_09611,pm_0550,0,43,0.169,0.0151,3,False
105,9612,0,vm_09612,pm_0533,0,174,0.0832,0.0561,1,False
105,9613,0,vm_09613,pm_0495,0,118,0.062,0.0095,3,False
106,9614,0,vm_09614,pm_0130,0,268,0.051,0.0433,1,False
106,9615,0,vm_09615,pm_0661,0,180,0.1356,0.0161,3,False
106,9616,0,vm_09616,pm_0084,0,52,0.1641,0.0137,3,False
106,9617,0,vm_09617,pm_0149,0,292,0.1673,0.0176,3,False
106,9618,0,vm_09618,pm_0166,0,190,0.1544,0.0152,3,False
106,9619,0,vm_09619,pm_0365,0,193,0.2045,0.0174,3,False
106,9620,0,vm_09620,pm_0015,0,39,0.0632,0.053,1,False
106,9621,0,vm_09621,pm_0340,0,77,0.5744,0.0128,2,False
106,9622,0,vm_09622,pm_0334,0,188,0.1271,0.0687,1,False
106,9623,0,vm_09623,pm_0244,0,94,0.0596,0.052,1,False
106,9624,0,vm_09624,pm_0471,0,24,0.159,0.0183,3,False
106,9625,0,vm_09625,pm_0363,0,102,0.0612,0.0495,1,False
106,9626,0,vm_09626,pm_0387,0,158,0.0329,0.0511,1,False
107,9627,0,vm_09627,pm_0330,0,207,0.0874,0.0153,3,False
107,9628,0,vm_09628,pm_0762,0,93,0.1044,0.0196,3,False
107,9629,0,vm_09629,pm_0195,0,38,0.0939,0.0627,1,False
107,9630,0,vm_09630,pm_0297,0,163,0.0746,0.0623,1,False
107,9631,0,vm_09631,pm_0414,0,54,0.0701,0.0693,1,False
107,9632,0,vm_09632,pm_0593,0,71,0.1555,0.0129,3,False
107,9633,0,vm_09633,pm_0755,0,41,0.0422,0.0626,1,False
107,9634,0,vm_09634,pm_0165,0,131,0.1908,0.0102,3,False
107,9635,0,vm_09635,pm_0067,0,20,0.0483,0.0566,1,False
107,9636,0,vm_09636,pm_0455,0,0,0.0832,0.03,1,False
107,9637,0,vm_09637,pm_0179,0,165,0.1458,0.0105,3,False
107,9638,0,vm_09638,pm_0645,0,59,0.0428,0.0472,1,False
107,9639,0,vm_09639,pm_0195,0,75,0.4429,0.0135,2,False
107,9640,0,vm_09640,pm_0227,0,90,0.0783,0.0567,1,False
108,9641,0,vm_09641,pm_0188,0,206,0.5935,0.0162,2,False
108,9642,0,vm_09642,pm_0261,0,87,0.6152,0.0119,2,False
108,9643,0,vm_09643,pm_0607,0,81,0.1079,0.074,1,False
108,9644,0,vm_09644,pm_0168,0,16,0.054,0.0705,1,False
108,9645,0,vm_09645,pm_0575,0,209,0.0621,0.0655,1,False
108,9646,0,vm_09646,pm_0129,0,52,0.0867,0.0133,3,False
108,9647,0,vm_09647,pm_0009,0,127,0.1169,0.0123,3,False
108,9648,0,vm_09648,pm_0357,0,145,0.57,0.0135,2,False
108,9649,0,vm_09649,pm_0258,0,247,0.1544,0.019,3,False
109,9650,0,vm_09650,pm_0424,0,0,0.0651,0.0506,1,False
109,9651,0,vm_09651,pm_0261,0,40,0.0587,0.0511,1,False
109,9652,0,vm_09652,pm_0705,0,72,0.0738,0.0664,1,False
109,9653,0,vm_09653,pm_0542,0,159,0.0714,0.047,1,False
109,9654,0,vm_09654,pm_0718,0,211,0.0707,0.0465,1,False
109,9655,0,vm_09655,pm_0715,0,295,0.5071,0.0203,2,False
109,9656,0,vm_09656,pm_0029,0,138,0.5289,0.0145,2,False
109,9657,0,vm_09657,pm_0481,0,42,0.1743,0.0148,3,False
109,9658,0,vm_09658,pm_0642,0,178,0.0576,0.051,1,False
110,9659,0,vm_09659,pm_0568,0,188,0.1082,0.0192,3,False
110,9660,0,vm_09660,pm_0303,0,245,0.1183,0.0227,3,False
110,9661,0,vm_09661,pm_0706,0,297,0.4915,0.0208,2,False
110,9662,0,vm_09662,pm_0592,0,153,0.0385,0.0637,1,False
110,9663,0,vm_09663,pm_0462,0,103,0.0582,0.0547,1,False
110,9664,0,vm_09664,pm_0145,0,10,0.0311,0.0533,1,False
111,9665,0,vm_09665,pm_0768,0,24,0.057,0.0547,1,False
111,9666,0,vm_09666,pm_0410,0,295,0.095,0.0138,3,False
111,9667,0,vm_09667,pm_0653,0,24,0.0445,0.0472,1,False
111,9668,0,vm_09668,pm_0244,0,83,0.062,0.071,1,False
111,9669,0,vm_09669,pm_0486,0,105,0.1587,0.0113,3,False
111,9670,0,vm_09670,pm_0092,0,240,0.1425,0.0094,3,False
111,9671,0,vm_09671,pm_0136,0,118,0.4307,0.0183,2,False
111,9672,0,vm_09672,pm_0256,0,107,0.0948,0.0152,3,False
111,9673,0,vm_09673,pm_0615,0,179,0.0592,0.0479,1,False
111,9674,0,vm_09674,pm_0545,0,130,0.0517,0.0514,1,False
112,9675,0,vm_09675,pm_0744,0,294,0.059,0.041,1,False
112,9676,0,vm_09676,pm_0572,0,90,0.4119,0.0184,2,False
112,9677,0,vm_09677,pm_0765,0,240,0.1474,0.0133,3,False
112,9678,0,vm_09678,pm_0304,0,246,0.0594,0.0644,1,False
112,9679,0,vm_09679,pm_0491,0,167,0.442,0.0149,2,False
112,9680,0,vm_09680,pm_0639,0,222,0.0604,0.0672,1,False
113,9681,0,vm_09681,pm_0288,0,277,0.3468,0.0139,2,False
113,9682,0,vm_09682,pm_0141,0,189,0.0924,0.0702,1,False
113,9683,0,vm_09683,pm_0032,0,18,0.0771,0.076,1,False
113,9684,0,vm_09684,pm_0406,0,13,0.1042,0.008,3,False
113,9685,0,vm_09685,pm_0784,0,242,0.5123,0.0171,2,False
113,9686,0,vm_09686,pm_0558,0,108,0.4422,0.0147,2,False
113,9687,0,vm_09687,pm_0672,0,189,0.0451,0.065,1,False
114,9688,0,vm_09688,pm_0348,0,217,0.0561,0.0604,1,False
114,9689,0,vm_09689,pm_0782,0,298,0.0499,0.0803,1,False
114,9690,0,vm_09690,pm_0275,0,235,0.2288,0.0127,3,False
114,9691,0,vm_09691,pm_0548,0,167,0.12,0.0169,3,False
114,9692,0,vm_09692,pm_0725,0,267,0.3028,0.0185,2,False
114,9693,0,vm_09693,pm_0335,0,192,0.0636,0.0577,1,False
114,9694,0,vm_09694,pm_0026,0,241,0.1071,0.016,3,False
114,9695,0,vm_09695,pm_0347,0,161,0.4638,0.016,2,False
114,9696,0,vm_09696,pm_0334,0,278,0.457,0.0208,2,False
115,9697,0,vm_09697,pm_0388,0,134,0.0754,0.0688,1,False
116,9698,0,vm_09698,pm_0174,0,192,0.1051,0.0129,3,False
116,9699,0,vm_09699,pm_0415,0,88,0.4136,0.0105,2,False
116,9700,0,vm_09700,pm_0760,0,41,0.1068,0.0124,3,False
116,9701,0,vm_09701,pm_0719,0,92,0.0501,0.0151,3,False
116,9702,0,vm_09702,pm_0304,0,214,0.0524,0.0541,1,False
116,9703,0,vm_09703,pm_0523,0,0,0.1178,0.014,3,False
116,9704,0,vm_09704,pm_0250,0,163,0.078,0.0139,3,False
116,9705,0,vm_09705,pm_0398,0,105,0.0526,0.0543,1,False
116,9706,0,vm_09706,pm_0081,0,231,0.0719,0.0575,1,False
116,9707,0,vm_09707,pm_0386,0,45,0.0584,0.0589,1,False
116,9708,0,vm_09708,pm_0437,0,204,0.359,0.0136,2,False
117,9709,0,vm_09709,pm_0261,0,20,0.0666,0.0584,1,False
117,9710,0,vm_09710,pm_0130,0,176,0.4309,0.0187,2,False
117,9711,0,vm_09711,pm_0778,0,166,0.1005,0.0474,1,False
118,9712,0,vm_09712,pm_0295,0,293,0.1244,0.011,3,False
118,9713,0,vm_09713,pm_0230,0,264,0.0973,0.0564,1,False
118,9714,0,vm_09714,pm_0179,0,275,0.0682,0.0691,1,False
118,9715,0,vm_09715,pm_0713,0,7,0.3693,0.011,2,False
118,9716,0,vm_09716,pm_0111,0,269,0.6779,0.0116,2,False
119,9717,0,vm_09717,pm_0541,0,211,0.0653,0.0447,1,False
119,9718,0,vm_09718,pm_0736,0,162,0.0835,0.0621,1,False
119,9719,0,vm_09719,pm_0364,0,44,0.0519,0.0505,1,False
119,9720,0,vm_09720,pm_0136,0,232,0.1959,0.0175,3,False
119,9721,0,vm_09721,pm_0013,0,52,0.0872,0.0114,3,False
119,9722,0,vm_09722,pm_0447,0,232,0.4455,0.0179,2,False
119,9723,0,vm_09723,pm_0091,0,170,0.1996,0.0147,3,False
119,9724,0,vm_09724,pm_0739,0,5,0.1512,0.0076,3,False
120,9725,0,vm_09725,pm_0543,0,43,0.071,0.0664,1,False
120,9726,0,vm_09726,pm_0043,0,90,0.131,0.0181,3,False
120,9727,0,vm_09727,pm_0704,0,195,0.0932,0.0107,3,False
120,9728,0,vm_09728,pm_0122,0,3,0.0701,0.0583,1,False
120,9729,0,vm_09729,pm_0490,0,120,0.0549,0.0514,1,False
120,9730,0,vm_09730,pm_0105,0,62,0.088,0.0723,1,False
120,9731,0,vm_09731,pm_0776,0,91,0.0682,0.0589,1,False
120,9732,0,vm_09732,pm_0114,0,246,0.2329,0.0172,3,False
121,9733,0,vm_09733,pm_0321,0,218,0.3851,0.0116,2,False
121,9734,0,vm_09734,pm_0646,0,230,0.223,0.0136,3,False
121,9735,0,vm_09735,pm_0371,0,293,0.1364,0.0119,3,False
121,9736,0,vm_09736,pm_0789,0,187,0.1149,0.0176,3,False
121,9737,0,vm_09737,pm_0750,0,167,0.215,0.0183,3,False
121,9738,0,vm_09738,pm_0465,0,263,0.0694,0.0679,1,False
121,9739,0,vm_09739,pm_0074,0,104,0.0519,0.0496,1,False
122,9740,0,vm_09740,pm_0614,0,223,0.128,0.0127,3,False
122,9741,0,vm_09741,pm_0603,0,114,0.0806,0.0444,1,False
122,9742,0,vm_09742,pm_0264,0,234,0.0267,0.0625,1,False
122,9743,0,vm_09743,pm_0054,0,271,0.1174,0.0137,3,False
122,9744,0,vm_09744,pm_0234,0,273,0.1365,0.0167,3,False
122,9745,0,vm_09745,pm_0504,0,229,0.0997,0.0711,1,False
122,9746,0,vm_09746,pm_0672,0,216,0.1323,0.0105,3,False
123,9747,0,vm_09747,pm_0488,0,33,0.137,0.0108,3,False
123,9748,0,vm_09748,pm_0392,0,196,0.0533,0.0582,1,False
123,9749,0,vm_09749,pm_0222,0,213,0.0273,0.0918,1,False
123,9750,0,vm_09750,pm_0525,0,45,0.157,0.0106,3,False
124,9751,0,vm_09751,pm_0172,0,239,0.0577,0.0568,1,False
124,9752,0,vm_09752,pm_0627,0,253,0.0514,0.052,1,False
124,9753,0,vm_09753,pm_0213,0,227,0.4165,0.0098,2,False
124,9754,0,vm_09754,pm_0125,0,220,0.0801,0.0139,3,False
125,9755,0,vm_09755,pm_0391,0,165,0.1207,0.0614,1,False
125,9756,0,vm_09756,pm_0743,0,72,0.083,0.0609,1,False
125,9757,0,vm_09757,pm_0679,0,224,0.0348,0.0733,1,False
125,9758,0,vm_09758,pm_0052,0,85,0.194,0.0101,3,False
125,9759,0,vm_09759,pm_0486,0,80,0.0878,0.0703,1,False
126,9760,0,vm_09760,pm_0071,0,214,0.336,0.0166,2,False
126,9761,0,vm_09761,pm_0296,0,163,0.1427,0.0192,3,False
126,9762,0,vm_09762,pm_0554,0,239,0.0568,0.0512,1,False
126,9763,0,vm_09763,pm_0347,0,68,0.163,0.0108,3,False
126,9764,0,vm_09764,pm_0479,0,136,0.1415,0.0124,3,False
126,9765,0,vm_09765,pm_0324,0,151,0.1563,0.0126,3,False
126,9766,0,vm_09766,pm_0307,0,96,0.0628,0.0512,1,False
127,9767,0,vm_09767,pm_0642,0,157,0.1082,0.0092,3,False
127,9768,0,vm_09768,pm_0170,0,185,0.1157,0.0125,3,False
127,9769,0,vm_09769,pm_0028,0,167,0.1568,0.0139,3,False
127,9770,0,vm_09770,pm_0625,0,243,0.0655,0.0583,1,False
127,9771,0,vm_09771,pm_0275,0,118,0.1329,0.0144,3,False
127,9772,0,vm_09772,pm_0015,0,195,0.0742,0.0581,1,False
127,9773,0,vm_09773,pm_0185,0,287,0.0467,0.055,1,False
128,9774,0,vm_09774,pm_0754,0,64,0.6364,0.0192,2,False
128,9775,0,vm_09775,pm_0344,0,161,0.1651,0.0071,3,False
128,9776,0,vm_09776,pm_0189,0,84,0.3264,0.0135,2,False
128,9777,0,vm_09777,pm_0730,0,58,0.3675,0.0194,2,False
128,9778,0,vm_09778,pm_0485,0,281,0.1575,0.0087,3,False
128,9779,0,vm_09779,pm_0111,0,149,0.0804,0.0579,1,False
129,9780,0,vm_09780,pm_0202,0,120,0.1,0.0125,3,False
129,9781,0,vm_09781,pm_0317,0,268,0.0379,0.0514,1,False
129,9782,0,vm_09782,pm_0053,0,254,0.0572,0.0686,1,False
130,9783,0,vm_09783,pm_0023,0,223,0.0903,0.016,3,False
130,9784,0,vm_09784,pm_0798,0,54,0.174,0.0142,3,False
130,9785,0,vm_09785,pm_0739,0,135,0.476,0.0221,2,False
131,9786,0,vm_09786,pm_0425,0,189,0.1056,0.0136,3,False
131,9787,0,vm_09787,pm_0432,0,252,0.0557,0.0578,1,False
132,9788,0,vm_09788,pm_0480,0,83,0.0534,0.0558,1,False
132,9789,0,vm_09789,pm_0426,0,176,0.5295,0.0141,2,False
132,9790,0,vm_09790,pm_0603,0,93,0.0646,0.0704,1,False
133,9791,0,vm_09791,pm_0624,0,34,0.0525,0.0532,1,False
133,9792,0,vm_09792,pm_0392,0,211,0.3424,0.0156,2,False
133,9793,0,vm_09793,pm_0572,0,125,0.1057,0.0708,1,False
133,9794,0,vm_09794,pm_0443,0,229,0.0995,0.0439,1,False
134,9795,0,vm_09795,pm_0052,0,167,0.2895,0.0127,2,False
134,9796,0,vm_09796,pm_0693,0,13,0.6129,0.0151,2,False
134,9797,0,vm_09797,pm_0313,0,73,0.1346,0.0177,3,False
134,9798,0,vm_09798,pm_0334,0,51,0.1911,0.0167,3,False
135,9799,0,vm_09799,pm_0144,0,206,0.3333,0.0147,2,False
135,9800,0,vm_09800,pm_0337,0,295,0.1339,0.0144,3,False
135,9801,0,vm_09801,pm_0663,0,42,0.1989,0.0149,3,False
135,9802,0,vm_09802,pm_0179,0,2,0.0563,0.0689,1,False
135,9803,0,vm_09803,pm_0364,0,94,0.0372,0.062,1,False
135,9804,0,vm_09804,pm_0336,0,237,0.1775,0.0174,3,False
136,9805,0,vm_09805,pm_0521,0,166,0.4874,0.0125,2,False
136,9806,0,vm_09806,pm_0062,0,18,0.0928,0.0162,3,False
136,9807,0,vm_09807,pm_0491,0,206,0.1084,0.0137,3,False
136,9808,0,vm_09808,pm_0132,0,229,0.1794,0.0122,3,False
136,9809,0,vm_09809,pm_0530,0,213,0.1269,0.0157,3,False
136,9810,0,vm_09810,pm_0742,0,55,0.4579,0.022,2,False
137,9811,0,vm_09811,pm_0398,0,131,0.0518,0.0575,1,False
137,9812,0,vm_09812,pm_0097,0,8,0.163,0.0126,3,False
137,9813,0,vm_09813,pm_0426,0,230,0.0694,0.0678,1,False
137,9814,0,vm_09814,pm_0321,0,152,0.147,0.0112,3,False
137,9815,0,vm_09815,pm_0139,0,283,0.1903,0.0146,3,False
137,9816,0,vm_09816,pm_0289,0,189,0.1812,0.0159,3,False
137,9817,0,vm_09817,pm_0215,0,15,0.1529,0.0146,3,False
138,9818,0,vm_09818,pm_0225,0,202,0.3074,0.0104,2,False
138,9819,0,vm_09819,pm_0682,0,173,0.0854,0.0663,1,False
139,9820,0,vm_09820,pm_0535,0,167,0.0967,0.0489,1,False
139,9821,0,vm_09821,pm_0551,0,33,0.0792,0.0113,3,False
139,9822,0,vm_09822,pm_0522,0,228,0.1123,0.0173,3,False
139,9823,0,vm_09823,pm_0122,0,0,0.1173,0.0113,3,False
139,9824,0,vm_09824,pm_0564,0,114,0.0534,0.0822,1,False
139,9825,0,vm_09825,pm_0186,0,213,0.3819,0.0117,2,False
139,9826,0,vm_09826,pm_0079,0,253,0.1388,0.0135,3,False
140,9827,0,vm_09827,pm_0487,0,144,0.5077,0.011,2,False
140,9828,0,vm_09828,pm_0133,0,46,0.3187,0.021,2,False
140,9829,0,vm_09829,pm_0361,0,279,0.1377,0.0188,3,False
140,9830,0,vm_09830,pm_0790,0,177,0.0763,0.0154,3,False
140,9831,0,vm_09831,pm_0131,0,212,0.4281,0.019,2,False
141,9832,0,vm_09832,pm_0700,0,284,0.1683,0.0127,3,False
142,9833,0,vm_09833,pm_0223,0,244,0.0536,0.0496,1,False
142,9834,0,vm_09834,pm_0194,0,252,0.2024,0.0156,3,False
142,9835,0,vm_09835,pm_0334,0,205,0.0587,0.0584,1,False
143,9836,0,vm_09836,pm_0542,0,71,0.0991,0.0628,1,False
143,9837,0,vm_09837,pm_0066,0,221,0.1647,0.0174,3,False
144,9838,0,vm_09838,pm_0463,0,214,0.0898,0.0487,1,False
144,9839,0,vm_09839,pm_0330,0,140,0.1884,0.0178,3,False
144,9840,0,vm_09840,pm_0769,0,155,0.2049,0.013,3,False
144,9841,0,vm_09841,pm_0773,0,221,0.0994,0.0122,3,False
144,9842,0,vm_09842,pm_0085,0,230,0.1551,0.0105,3,False
144,9843,0,vm_09843,pm_0632,0,141,0.0679,0.053,1,False
145,9844,0,vm_09844,pm_0275,0,74,0.1161,0.0103,3,False
145,9845,0,vm_09845,pm_0692,0,39,0.0619,0.0796,1,False
147,9846,0,vm_09846,pm_0087,0,272,0.411,0.0127,2,False
147,9847,0,vm_09847,pm_0778,0,69,0.1758,0.0137,3,False
147,9848,0,vm_09848,pm_0463,0,110,0.1256,0.0687,1,False
148,9849,0,vm_09849,pm_0100,0,233,0.099,0.0123,3,False
148,9850,0,vm_09850,pm_0255,0,196,0.3714,0.0152,2,False
148,9851,0,vm_09851,pm_0041,0,198,0.1495,0.0096,3,False
148,9852,0,vm_09852,pm_0414,0,23,0.1217,0.0153,3,False
148,9853,0,vm_09853,pm_0517,0,146,0.0526,0.0593,1,False
149,9854,0,vm_09854,pm_0088,0,61,0.3094,0.016,2,False
150,9855,0,vm_09855,pm_0694,0,66,0.1332,0.0149,3,False
150,9856,0,vm_09856,pm_0673,0,29,0.592,0.0123,2,False
150,9857,0,vm_09857,pm_0421,0,106,0.0472,0.0492,1,False
150,9858,0,vm_09858,pm_0105,0,165,0.4146,0.0115,2,False
150,9859,0,vm_09859,pm_0578,0,120,0.0401,0.0614,1,False
151,9860,0,vm_09860,pm_0061,0,10,0.0322,0.0634,1,False
153,9861,0,vm_09861,pm_0728,0,71,0.1485,0.0177,3,False
153,9862,0,vm_09862,pm_0578,0,252,0.4218,0.0105,2,False
153,9863,0,vm_09863,pm_0352,0,284,0.1731,0.0167,3,False
153,9864,0,vm_09864,pm_0091,0,118,0.0544,0.0186,3,False
154,9865,0,vm_09865,pm_0715,0,7,0.0916,0.0201,3,False
155,9866,0,vm_09866,pm_0497,0,214,0.0539,0.0712,1,False
156,9867,0,vm_09867,pm_0204,0,220,0.6256,0.0134,2,False
156,9868,0,vm_09868,pm_0654,0,79,0.0382,0.0558,1,False
156,9869,0,vm_09869,pm_0213,0,71,0.1992,0.0162,3,False
157,9870,0,vm_09870,pm_0221,0,199,0.0459,0.0545,1,False
157,9871,0,vm_09871,pm_0661,0,172,0.06,0.0686,1,False
157,9872,0,vm_09872,pm_0786,0,288,0.5468,0.0148,2,False
158,9873,0,vm_09873,pm_0752,0,233,0.082,0.0564,1,False
158,9874,0,vm_09874,pm_0543,0,260,0.0667,0.058,1,False
159,9875,0,vm_09875,pm_0208,0,144,0.1322,0.0191,3,False
159,9876,0,vm_09876,pm_0662,0,21,0.0857,0.0556,1,False
159,9877,0,vm_09877,pm_0381,0,77,0.0675,0.0547,1,False
160,9878,0,vm_09878,pm_0596,0,229,0.0629,0.0624,1,False
162,9879,0,vm_09879,pm_0409,0,159,0.1622,0.0103,3,False
162,9880,0,vm_09880,pm_0135,0,13,0.2908,0.0212,2,False
162,9881,0,vm_09881,pm_0671,0,235,0.351,0.009,2,False
163,9882,0,vm_09882,pm_0191,0,147,0.4939,0.0217,2,False
164,9883,0,vm_09883,pm_0653,0,149,0.0735,0.0693,1,False
164,9884,0,vm_09884,pm_0106,0,29,0.1397,0.0152,3,False
164,9885,0,vm_09885,pm_0233,0,160,0.0631,0.057,1,False
165,9886,0,vm_09886,pm_0196,0,260,0.1379,0.0138,3,False
166,9887,0,vm_09887,pm_0440,0,17,0.0918,0.0095,3,False
166,9888,0,vm_09888,pm_0791,0,62,0.1307,0.0121,3,False
166,9889,0,vm_09889,pm_0064,0,134,0.0391,0.0626,1,False
167,9890,0,vm_09890,pm_0356,0,156,0.0925,0.0696,1,False
169,9891,0,vm_09891,pm_0698,0,56,0.0982,0.0078,3,False
169,9892,0,vm_09892,pm_0163,0,264,0.0765,0.0619,1,False
170,9893,0,vm_09893,pm_0122,0,253,0.1191,0.0103,3,False
170,9894,0,vm_09894,pm_0520,0,186,0.0707,0.021,3,False
170,9895,0,vm_09895,pm_0722,0,198,0.12,0.0133,3,False
171,9896,0,vm_09896,pm_0793,0,170,0.0483,0.0446,1,False
171,9897,0,vm_09897,pm_0412,0,5,0.1715,0.0113,3,False
171,9898,0,vm_09898,pm_0212,0,255,0.1674,0.0123,3,False
172,9899,0,vm_09899,pm_0653,0,247,0.2179,0.013,3,False
174,9900,0,vm_09900,pm_0725,0,218,0.0771,0.0757,1,False
175,9901,0,vm_09901,pm_0682,0,3,0.1042,0.045,1,False
175,9902,0,vm_09902,pm_0672,0,0,0.066,0.0702,1,False
175,9903,0,vm_09903,pm_0083,0,30,0.0827,0.054,1,False
175,9904,0,vm_09904,pm_0411,0,116,0.4064,0.0149,2,False
176,9905,0,vm_09905,pm_0569,0,274,0.1154,0.0102,3,False
177,9906,0,vm_09906,pm_0158,0,196,0.0506,0.059,1,False
177,9907,0,vm_09907,pm_0324,0,176,0.0997,0.0135,3,False
178,9908,0,vm_09908,pm_0257,0,286,0.0761,0.0583,1,False
181,9909,0,vm_09909,pm_0301,0,235,0.1078,0.0592,1,False
182,9910,0,vm_09910,pm_0006,0,78,0.0649,0.0773,1,False
182,9911,0,vm_09911,pm_0582,0,242,0.0463,0.054,1,False
183,9912,0,vm_09912,pm_0674,0,204,0.1944,0.0178,3,False
184,9913,0,vm_09913,pm_0518,0,210,0.03,0.0524,1,False
184,9914,0,vm_09914,pm_0636,0,90,0.115,0.0189,3,False
185,9915,0,vm_09915,pm_0724,0,165,0.4176,0.0158,2,False
187,9916,0,vm_09916,pm_0638,0,160,0.0939,0.0127,3,False
189,9917,0,vm_09917,pm_0062,0,5,0.0638,0.0631,1,False
189,9918,0,vm_09918,pm_0384,0,140,0.0445,0.0844,1,False
190,9919,0,vm_09919,pm_0538,0,204,0.0545,0.0647,1,False
190,9920,0,vm_09920,pm_0615,0,19,0.705,0.0112,2,False
191,9921,0,vm_09921,pm_0440,0,99,0.0443,0.0456,1,False
191,9922,0,vm_09922,pm_0341,0,164,0.1311,0.0091,3,False
197,9923,0,vm_09923,pm_0519,0,44,0.1797,0.0075,3,False
198,9924,0,vm_09924,pm_0095,0,226,0.1425,0.0105,3,False
199,9925,0,vm_09925,pm_0431,0,51,0.3184,0.009,2,False
199,9926,0,vm_09926,pm_0527,0,145,0.0496,0.0583,1,False
200,9927,0,vm_09927,pm_0323,0,280,0.4117,0.01,2,False
202,9928,0,vm_09928,pm_0359,0,122,0.246,0.0178,3,False
202,9929,0,vm_09929,pm_0346,0,206,0.1157,0.0105,3,False
205,9930,0,vm_09930,pm_0781,0,296,0.1142,0.013,3,False
212,9931,0,vm_09931,pm_0388,0,101,0.1046,0.0141,3,False
217,9932,0,vm_09932,pm_0049,0,273,0.0286,0.0512,1,False
225,9933,0,vm_09933,pm_0317,0,128,0.0436,0.0437,1,False
256,9934,0,vm_09934,pm_0120,0,166,0.0515,0.0442,1,False
268,9935,0,vm_09935,pm_0682,0,201,0.0491,0.0568,1,False
276,9936,0,vm_09936,pm_0245,0,101,0.0782,0.0371,1,False
284,9937,0,vm_09937,pm_0383,0,70,0.2859,0.0158,2,False
