vm_id,job_id,task_index,start_time,end_time,total_end_time,duration,cpu_max,cpu_min,cpu_avg,cpu_std,cpu_p95,cpi,mai,mem_max,mem_min,mem_avg,mem_assigned,mem_page_cache,mem_canonical,priority,true_cluster,is_ml_set
vm_01876,1876,0,6.33,306.33,709.35,703.02,0.21029,0.09265,0.13467,0.04201,0.19349,1.609,0.025,0.01491,0.00691,0.00991,0.01641,0.00207,0.00952,104,3,True
vm_02067,2067,0,7.1,307.1,13410.83,13403.73,0.45073,0.11442,0.22652,0.11211,0.40589,1.0476,0.0102,0.01791,0.00591,0.00991,0.01881,0.00184,0.00971,234,2,True
vm_01315,1315,0,4.27,304.27,10327.7,10323.44,0.46987,0.08593,0.21391,0.12798,0.41868,1.11,0.0112,0.00931,0.0005,0.00131,0.00978,0.00223,0.00128,48,2,True
vm_01980,1980,0,6.74,306.74,334.68,327.94,0.09544,0.03282,0.05787,0.02087,0.08918,1.6219,0.0602,0.06129,0.02629,0.04129,0.06742,0.01284,0.03923,207,1,True
vm_01430,1430,0,4.73,304.73,1990.94,1986.21,0.49289,0.18651,0.28864,0.10213,0.45204,1.0906,0.0227,0.02024,0.00824,0.01224,0.02125,0.00175,0.012,69,2,True
vm_00112,112,0,0.37,300.37,4344.52,4344.15,0.1492,0.01568,0.06337,0.04769,0.13013,1.9875,0.0249,0.01782,0.00982,0.01282,0.0196,0.00437,0.0123,141,3,True
vm_02094,2094,0,7.19,307.19,6944.85,6937.66,0.08257,0.001,0.03024,0.02907,0.07385,1.9747,0.0376,0.06191,0.02691,0.04191,0.0681,0.00939,0.03981,169,1,True
vm_00421,421,0,1.32,301.32,797.22,795.9,0.08878,0.02667,0.05151,0.0207,0.08257,1.4288,0.0382,0.06583,0.03083,0.04583,0.07242,0.00439,0.04354,145,1,True
vm_00045,45,0,0.14,300.14,1931.17,1931.03,0.07949,0.002,0.01,0.03861,0.06405,1.5987,0.0357,0.01171,0.00371,0.00671,0.01288,0.00505,0.00644,160,3,True
vm_01778,1778,0,6.01,306.01,13017.03,13011.02,0.13762,0.00346,0.05138,0.04792,0.11846,1.0514,0.0367,0.01318,0.00518,0.00818,0.0145,0.00491,0.00785,6,3,True
vm_00949,949,0,2.94,302.94,1947.86,1944.92,0.12119,0.002,0.03612,0.04726,0.10228,1.9323,0.0235,0.01249,0.00449,0.00749,0.01374,0.00251,0.00719,271,3,True
vm_01648,1648,0,5.55,305.55,1971.62,1966.07,0.14024,0.00933,0.05609,0.04675,0.12154,1.8493,0.0151,0.01243,0.00443,0.00743,0.01368,0.00384,0.00713,15,3,True
vm_00197,197,0,0.61,300.61,3010.68,3010.07,0.05568,0.001,0.01694,0.02152,0.04922,1.8251,0.0301,0.04921,0.01421,0.02921,0.05413,0.00909,0.02775,34,1,True
vm_00427,427,0,1.33,301.33,2222.77,2221.44,0.1267,0.002,0.02193,0.0582,0.10342,1.5443,0.045,0.0153,0.0073,0.0103,0.01683,0.00432,0.00989,230,3,True
vm_01763,1763,0,5.97,305.97,10057.24,10051.27,0.0856,0.01597,0.04382,0.02321,0.07863,1.5619,0.0283,0.06282,0.02782,0.04282,0.0691,0.00472,0.04068,162,1,True
vm_00982,982,0,3.07,303.07,577.19,574.12,0.48367,0.10144,0.22885,0.12741,0.4327,0.951,0.0252,0.01677,0.00477,0.00877,0.01761,0.0017,0.0086,125,2,True
vm_01829,1829,0,6.19,306.19,425.72,419.54,0.0414,0.001,0.005,0.02022,0.03533,1.4754,0.0512,0.07447,0.03947,0.05447,0.08192,0.00815,0.05175,109,1,True
vm_02285,2285,0,7.96,307.96,10929.61,10921.65,0.49681,0.1665,0.27661,0.1101,0.45277,0.6354,0.0285,0.01731,0.00531,0.00931,0.01817,0.00192,0.00912,24,2,True
vm_01407,1407,0,4.64,304.64,6526.52,6521.88,0.06493,0.00671,0.03,0.01941,0.05911,2.0193,0.0371,0.07015,0.03515,0.05015,0.07716,0.00334,0.04764,278,1,True
vm_02073,2073,0,7.11,307.11,4008.99,4001.88,0.15979,0.02213,0.0713,0.04917,0.14013,1.6438,0.0366,0.01493,0.00693,0.00993,0.01642,0.00142,0.00953,287,3,True
vm_01643,1643,0,5.53,305.53,10630.31,10624.78,0.08743,0.002,0.01,0.04302,0.07022,1.1783,0.0341,0.01556,0.00756,0.01056,0.01712,0.00301,0.01014,255,3,True
vm_01865,1865,0,6.29,306.29,9896.61,9890.32,0.16674,0.002,0.05113,0.06423,0.14105,1.4493,0.0205,0.01999,0.01199,0.01499,0.02199,0.00196,0.01439,245,3,True
vm_01114,1114,0,3.52,303.52,9718.75,9715.24,0.03088,0.001,0.005,0.01438,0.02657,2.3644,0.0283,0.05523,0.02023,0.03523,0.06075,0.00525,0.03346,182,1,True
vm_01467,1467,0,4.84,304.84,9292.71,9287.87,0.37624,0.03,0.08,0.14812,0.31699,0.6148,0.0292,0.02173,0.00973,0.01373,0.02281,0.00158,0.01345,172,2,True
vm_00669,669,0,2.07,302.07,3431.76,3429.69,0.16205,0.02379,0.07317,0.04938,0.1423,1.99,0.0362,0.01126,0.00326,0.00626,0.01238,0.00591,0.00601,245,3,True
vm_01376,1376,0,4.53,304.53,3648.61,3644.09,0.13944,0.01124,0.05702,0.04579,0.12113,1.7319,0.0489,0.01699,0.00899,0.01199,0.01869,0.00305,0.01151,42,3,True
vm_01086,1086,0,3.44,303.44,12838.86,12835.42,0.05295,0.01918,0.03269,0.01126,0.04957,2.0374,0.0684,0.05287,0.01787,0.03287,0.05815,0.01124,0.03122,70,1,True
vm_01850,1850,0,6.22,306.22,5371.2,5364.98,0.09145,0.002,0.02916,0.03461,0.07761,1.2024,0.0394,0.01418,0.00618,0.00918,0.0156,0.00098,0.00881,241,3,True
vm_01559,1559,0,5.19,305.19,6300.48,6295.29,0.38079,0.03,0.08,0.15039,0.32063,1.3801,0.0069,0.01117,0.0005,0.00317,0.01173,0.00277,0.00311,293,2,True
vm_00633,633,0,1.97,301.97,9121.37,9119.4,0.527,0.19548,0.30599,0.11051,0.4828,0.7852,0.0198,0.01097,0.0005,0.00297,0.01152,0.00346,0.00292,12,2,True
vm_00614,614,0,1.93,301.93,14305.56,14303.64,0.12313,0.002,0.0392,0.04663,0.10448,1.35,0.0351,0.01409,0.00609,0.00909,0.01549,0.00346,0.00872,265,3,True
vm_01573,1573,0,5.25,305.25,786.45,781.2,0.14768,0.002,0.0511,0.05366,0.12622,1.2351,0.049,0.01403,0.00603,0.00903,0.01544,0.00207,0.00867,268,3,True
vm_01884,1884,0,6.36,306.36,9737.92,9731.56,0.17235,0.02877,0.08005,0.05128,0.15184,1.1534,0.0107,0.01577,0.00777,0.01077,0.01735,0.00384,0.01034,262,3,True
vm_00486,486,0,1.52,301.52,7701.74,7700.23,0.096,0.0145,0.0471,0.02717,0.08785,2.4398,0.0396,0.05715,0.02215,0.03715,0.06287,0.00765,0.0353,159,1,True
vm_01041,1041,0,3.28,303.28,3802.9,3799.62,0.08113,0.03193,0.05161,0.0164,0.07621,1.9912,0.0748,0.05286,0.01786,0.03286,0.05815,0.0045,0.03122,60,1,True
vm_00030,30,0,0.11,300.11,849.92,849.81,0.1677,0.00702,0.06441,0.05738,0.14474,1.415,0.0282,0.01278,0.00478,0.00778,0.01406,0.00512,0.00747,292,3,True
vm_00369,369,0,1.16,301.16,819.86,818.7,0.07839,0.01077,0.03781,0.02254,0.07163,1.8862,0.0359,0.06806,0.03306,0.04806,0.07486,0.01088,0.04565,80,1,True
vm_01862,1862,0,6.28,306.28,6227.24,6220.96,0.0383,0.001,0.005,0.0185,0.03275,2.327,0.0409,0.0624,0.0274,0.0424,0.06864,0.00518,0.04028,158,1,True
vm_01092,1092,0,3.46,303.46,5860.13,5856.67,0.19899,0.07552,0.11961,0.0441,0.18135,1.5137,0.048,0.01665,0.00865,0.01165,0.01832,0.00589,0.01119,225,3,True
vm_02212,2212,0,7.65,307.65,5426.84,5419.19,0.06766,0.002,0.01,0.03203,0.05484,1.6435,0.0124,0.01222,0.00422,0.00722,0.01344,0.00562,0.00693,246,3,True
vm_02262,2262,0,7.87,307.87,405.29,397.42,0.03545,0.001,0.005,0.01692,0.03038,1.4236,0.0649,0.06707,0.03207,0.04707,0.07378,0.00989,0.04472,170,1,True
vm_00101,101,0,0.32,300.32,4147.96,4147.63,0.0622,0.001,0.02397,0.02124,0.05583,2.0303,0.0474,0.053,0.018,0.033,0.0583,0.00193,0.03135,73,1,True
vm_02156,2156,0,7.41,307.41,5910.26,5902.85,0.10013,0.03093,0.05861,0.02307,0.09321,1.2568,0.0296,0.05334,0.01834,0.03334,0.05867,0.0081,0.03167,12,1,True
vm_00322,322,0,1.01,301.01,620.35,619.34,0.06372,0.02192,0.03864,0.01393,0.05954,2.2373,0.0612,0.07696,0.04196,0.05696,0.08466,0.0148,0.05412,188,1,True
vm_01316,1316,0,4.28,304.28,888.23,883.95,0.11093,0.002,0.02688,0.04669,0.09225,1.3156,0.0459,0.01589,0.00789,0.01089,0.01748,0.00498,0.01045,63,3,True
vm_02090,2090,0,7.17,307.17,14039.62,14032.45,0.45213,0.03,0.08,0.18606,0.3777,1.101,0.0143,0.01791,0.00591,0.00991,0.01881,0.00348,0.00971,236,2,True
vm_02208,2208,0,7.62,307.62,841.15,833.53,0.52991,0.16974,0.2898,0.12006,0.48189,1.1731,0.018,0.0215,0.0095,0.0135,0.02257,0.00305,0.01323,87,2,True
vm_02047,2047,0,7.01,307.01,652.39,645.38,0.12855,0.01198,0.05361,0.04163,0.1119,1.0676,0.0344,0.00997,0.00197,0.00497,0.01096,0.00395,0.00477,38,3,True
vm_00765,765,0,2.35,302.35,5991.57,5989.22,0.39971,0.08243,0.18819,0.10576,0.35741,0.7102,0.0145,0.02244,0.01044,0.01444,0.02357,0.00488,0.01416,125,2,True
vm_01428,1428,0,4.73,304.73,14087.13,14082.4,0.31135,0.03,0.11579,0.09778,0.27223,1.2822,0.01,0.0136,0.0016,0.0056,0.01428,0.00364,0.00548,151,2,True
vm_00986,986,0,3.09,303.09,439.21,436.11,0.17084,0.03133,0.08115,0.04983,0.15091,1.9139,0.0446,0.01412,0.00612,0.00912,0.01553,0.00356,0.00876,274,3,True
vm_01190,1190,0,3.78,303.78,3773.31,3769.54,0.15498,0.02263,0.0699,0.04727,0.13608,1.3824,0.0169,0.01671,0.00871,0.01171,0.01838,0.00487,0.01124,66,3,True
vm_00708,708,0,2.2,302.2,885.43,883.23,0.02913,0.001,0.00739,0.01208,0.02551,1.8828,0.0239,0.05174,0.01674,0.03174,0.05692,0.01291,0.03016,289,1,True
vm_01235,1235,0,3.95,303.95,10523.89,10519.94,0.08406,0.03018,0.05173,0.01796,0.07867,2.0332,0.0428,0.06825,0.03325,0.04825,0.07508,0.00588,0.04584,139,1,True
vm_00673,673,0,2.09,302.09,4234.32,4232.24,0.06578,0.01785,0.03702,0.01598,0.06099,1.5336,0.0395,0.07625,0.04125,0.05625,0.08387,0.01355,0.05343,274,1,True
vm_00423,423,0,1.33,301.33,529.08,527.75,0.40095,0.08067,0.18743,0.10676,0.35824,1.1336,0.0232,0.01402,0.00202,0.00602,0.01472,0.00426,0.0059,104,2,True
vm_01118,1118,0,3.53,303.53,5012.39,5008.86,0.09603,0.002,0.01497,0.04503,0.07802,1.4815,0.0264,0.01007,0.00207,0.00507,0.01108,0.00355,0.00487,217,3,True
vm_01234,1234,0,3.95,303.95,408.56,404.61,0.05557,0.00247,0.02371,0.0177,0.05026,2.4732,0.0393,0.06441,0.02941,0.04441,0.07085,0.01386,0.04219,33,1,True
vm_01006,1006,0,3.16,303.16,11598.31,11595.15,0.08348,0.002,0.01435,0.0384,0.06812,1.045,0.0163,0.01376,0.00576,0.00876,0.01513,0.00587,0.00841,17,3,True
vm_00248,248,0,0.75,300.75,14240.46,14239.72,0.10492,0.03357,0.06211,0.02379,0.09779,1.5721,0.0344,0.0619,0.0269,0.0419,0.06809,0.00823,0.03981,114,1,True
vm_02100,2100,0,7.21,307.21,7946.57,7939.36,0.04376,0.001,0.01387,0.01661,0.03878,2.4429,0.0677,0.05611,0.02111,0.03611,0.06172,0.01241,0.0343,191,1,True
vm_01279,1279,0,4.15,304.15,446.84,442.69,0.05027,0.001,0.005,0.02515,0.04273,2.4029,0.0678,0.05393,0.01893,0.03393,0.05932,0.01338,0.03223,268,1,True
vm_00964,964,0,2.99,302.99,736.51,733.51,0.13303,0.04245,0.07868,0.03019,0.12397,2.4066,0.0707,0.04983,0.01483,0.02983,0.05481,0.00197,0.02834,163,1,True
vm_01615,1615,0,5.4,305.4,12867.33,12861.93,0.06035,0.001,0.0208,0.02197,0.05376,1.8098,0.0544,0.06428,0.02928,0.04428,0.07071,0.00111,0.04207,20,1,True
vm_00612,612,0,1.93,301.93,2649.25,2647.33,0.18227,0.05135,0.09811,0.04676,0.16357,1.2182,0.0345,0.0111,0.0031,0.0061,0.0122,0.00192,0.00585,77,3,True
vm_00480,480,0,1.5,301.5,7795.95,7794.45,0.09039,0.04725,0.0645,0.01438,0.08607,2.0832,0.0776,0.0506,0.0156,0.0306,0.05566,0.00913,0.02907,205,1,True
vm_01412,1412,0,4.66,304.66,633.21,628.55,0.26554,0.07467,0.14284,0.06817,0.23828,1.5721,0.0381,0.00951,0.00151,0.00451,0.01046,0.00123,0.00433,136,3,True
vm_00230,230,0,0.68,300.68,4307.2,4306.52,0.10099,0.002,0.01,0.05055,0.08077,1.9033,0.0189,0.01261,0.00461,0.00761,0.01387,0.00111,0.0073,8,3,True
vm_01527,1527,0,5.07,305.07,11652.59,11647.52,0.04917,0.001,0.00896,0.02234,0.04247,1.9827,0.0799,0.0717,0.0367,0.0517,0.07887,0.0081,0.04911,73,1,True
vm_00483,483,0,1.51,301.51,420.73,419.22,0.13123,0.03201,0.06745,0.03544,0.11706,1.5324,0.0481,0.01728,0.00928,0.01228,0.01901,0.00538,0.01179,277,3,True
vm_01038,1038,0,3.27,303.27,4162.91,4159.64,0.08754,0.03084,0.05352,0.0189,0.08187,1.5845,0.0575,0.03859,0.005,0.01859,0.04245,0.00459,0.01766,179,1,True
vm_00887,887,0,2.74,302.74,2442.22,2439.48,0.68224,0.21853,0.3731,0.15457,0.62041,0.922,0.0231,0.01647,0.00447,0.00847,0.01729,0.00422,0.0083,136,2,True
vm_02263,2263,0,7.87,307.87,10085.98,10078.11,0.08051,0.02964,0.04999,0.01696,0.07542,2.081,0.0363,0.06072,0.02572,0.04072,0.06679,0.01459,0.03869,195,1,True
vm_00696,696,0,2.16,302.16,5774.46,5772.3,0.08632,0.04158,0.05948,0.01491,0.08185,2.4373,0.0355,0.04272,0.00772,0.02272,0.04699,0.0079,0.02158,84,1,True
vm_00446,446,0,1.39,301.39,7952.46,7951.07,0.09574,0.03331,0.05828,0.02081,0.08949,1.6385,0.0498,0.05859,0.02359,0.03859,0.06445,0.00284,0.03666,19,1,True
vm_02005,2005,0,6.85,306.85,5419.71,5412.87,0.41278,0.03,0.12229,0.14525,0.35468,1.264,0.0124,0.01578,0.00378,0.00778,0.01657,0.00253,0.00763,240,2,True
vm_00675,675,0,2.09,302.09,11117.29,11115.2,0.06228,0.00264,0.0265,0.01988,0.05632,2.1161,0.0656,0.04898,0.01398,0.02898,0.05388,0.00145,0.02753,49,1,True
vm_01365,1365,0,4.48,304.48,10484.93,10480.46,0.26334,0.10334,0.16048,0.05714,0.24048,1.0111,0.0367,0.01316,0.00516,0.00816,0.01448,0.00253,0.00784,235,3,True
vm_01725,1725,0,5.81,305.81,11912.25,11906.44,0.13415,0.002,0.04855,0.04755,0.11513,1.0264,0.0453,0.01327,0.00527,0.00827,0.01459,0.00205,0.00794,145,3,True
vm_01750,1750,0,5.91,305.91,12667.1,12661.19,0.1861,0.02984,0.08565,0.05581,0.16378,1.1306,0.038,0.01411,0.00611,0.00911,0.01552,0.00423,0.00874,71,3,True
vm_01509,1509,0,4.98,304.98,600.11,595.14,0.06001,0.001,0.00954,0.02804,0.0516,1.583,0.0492,0.07184,0.03684,0.05184,0.07903,0.00197,0.04925,136,1,True
vm_01666,1666,0,5.59,305.59,586.59,581.0,0.07298,0.00717,0.03349,0.02194,0.0664,2.3693,0.04,0.03825,0.005,0.01825,0.04207,0.0123,0.01733,251,1,True
vm_01221,1221,0,3.91,303.91,10908.44,10904.53,0.1411,0.04252,0.07773,0.03521,0.12702,1.3245,0.0308,0.01102,0.00302,0.00602,0.01212,0.00498,0.00578,89,3,True
vm_01000,1000,0,3.14,303.14,663.66,660.52,0.11925,0.00244,0.04416,0.04172,0.10256,1.2128,0.0365,0.01049,0.00249,0.00549,0.01154,0.004,0.00527,244,3,True
vm_01106,1106,0,3.51,303.51,901.0,897.5,0.09689,0.03904,0.06218,0.01929,0.09111,2.0187,0.0708,0.07711,0.04211,0.05711,0.08483,0.01279,0.05426,171,1,True
vm_01879,1879,0,6.35,306.35,12988.79,12982.44,0.79499,0.36508,0.50839,0.1433,0.73767,1.3398,0.0106,0.01097,0.0005,0.00297,0.01152,0.00105,0.00291,28,2,True
vm_01656,1656,0,5.57,305.57,9211.82,9206.25,0.17933,0.06446,0.10549,0.04102,0.16292,1.2104,0.0397,0.01773,0.00973,0.01273,0.01951,0.00388,0.01222,133,3,True
vm_01737,1737,0,5.85,305.85,565.51,559.66,0.02467,0.001,0.005,0.01093,0.02139,2.3313,0.0762,0.05771,0.02271,0.03771,0.06348,0.00438,0.03582,250,1,True
vm_00057,57,0,0.2,300.2,579.97,579.78,0.41909,0.05899,0.17902,0.12004,0.37108,0.6809,0.0198,0.01522,0.00322,0.00722,0.01598,0.00284,0.00707,114,2,True
vm_00523,523,0,1.63,301.63,770.25,768.62,0.3473,0.05445,0.15207,0.09762,0.30826,1.3993,0.0288,0.01674,0.00474,0.00874,0.01758,0.00373,0.00857,192,2,True
vm_02052,2052,0,7.02,307.02,789.28,782.26,0.05314,0.001,0.0195,0.01869,0.04753,1.236,0.0441,0.03457,0.005,0.01457,0.03803,0.00334,0.01385,199,1,True
vm_01743,1743,0,5.88,305.88,590.99,585.11,0.09104,0.01834,0.04742,0.02423,0.08377,1.5751,0.0752,0.05285,0.01785,0.03285,0.05813,0.00281,0.03121,299,1,True
vm_01787,1787,0,6.06,306.06,10979.43,10973.37,0.16063,0.02648,0.07439,0.04791,0.14147,1.4666,0.0492,0.01222,0.00422,0.00722,0.01344,0.00596,0.00693,219,3,True
vm_00932,932,0,2.88,302.88,6360.96,6358.07,0.0379,0.001,0.005,0.01828,0.03241,1.6254,0.0587,0.05133,0.01633,0.03133,0.05647,0.00795,0.02977,106,1,True
vm_01867,1867,0,6.29,306.29,530.45,524.16,0.13532,0.04946,0.08012,0.03067,0.12306,1.2354,0.0256,0.00897,0.00097,0.00397,0.00987,0.0049,0.00382,284,3,True
vm_01996,1996,0,6.81,306.81,740.1,733.28,0.09175,0.002,0.0212,0.0392,0.07607,1.5882,0.0212,0.01229,0.00429,0.00729,0.01352,0.00257,0.00699,215,3,True
vm_00530,530,0,1.65,301.65,5118.03,5116.38,0.13339,0.002,0.04202,0.05076,0.11309,1.2103,0.0412,0.01122,0.00322,0.00622,0.01234,0.00186,0.00597,147,3,True
vm_01042,1042,0,3.29,303.29,583.0,579.71,0.0882,0.002,0.01,0.04345,0.07083,1.8345,0.0321,0.01966,0.01166,0.01466,0.02163,0.00281,0.01408,162,3,True
vm_00135,135,0,0.43,300.43,809.67,809.24,0.31237,0.03,0.08,0.11619,0.2659,1.3704,0.0237,0.02044,0.00844,0.01244,0.02146,0.00053,0.01219,6,2,True
vm_00481,481,0,1.51,301.51,12421.52,12420.01,0.3217,0.03,0.11654,0.10258,0.28067,1.06,0.0189,0.01267,0.00067,0.00467,0.0133,0.00242,0.00457,113,2,True
vm_01293,1293,0,4.18,304.18,600.72,596.54,0.10026,0.002,0.01,0.05014,0.0802,1.9057,0.0405,0.0126,0.0046,0.0076,0.01387,0.00569,0.0073,207,3,True
vm_00743,743,0,2.29,302.29,3261.34,3259.05,0.36673,0.07931,0.17512,0.09581,0.32841,1.2794,0.0286,0.01725,0.00525,0.00925,0.01811,0.00107,0.00906,40,2,True
vm_01881,1881,0,6.35,306.35,9719.89,9713.54,0.15198,0.04445,0.08285,0.03841,0.13662,1.8783,0.0445,0.00906,0.00106,0.00406,0.00996,0.00529,0.00389,190,3,True
vm_01288,1288,0,4.17,304.17,367.66,363.49,0.18144,0.03391,0.0866,0.05269,0.16036,1.202,0.0438,0.01346,0.00546,0.00846,0.0148,0.00241,0.00812,178,3,True
vm_01991,1991,0,6.79,306.79,4262.83,4256.05,0.05835,0.01039,0.02957,0.01599,0.05355,2.3865,0.0439,0.06092,0.02592,0.04092,0.06701,0.01086,0.03887,297,1,True
vm_02103,2103,0,7.22,307.22,859.34,852.12,0.36064,0.03,0.11405,0.12329,0.31132,0.8943,0.0141,0.01309,0.00109,0.00509,0.01375,0.00336,0.00499,69,2,True
vm_00283,283,0,0.88,300.88,8073.02,8072.14,0.07746,0.002,0.01,0.03748,0.06247,1.8384,0.0413,0.01312,0.00512,0.00812,0.01444,0.00586,0.0078,104,3,True
vm_01870,1870,0,6.3,306.3,336.08,329.78,0.14507,0.01129,0.05907,0.04778,0.12596,1.1074,0.0407,0.01681,0.00881,0.01181,0.01849,0.00473,0.01133,180,3,True
vm_01826,1826,0,6.18,306.18,1874.83,1868.65,0.09761,0.01215,0.04633,0.02849,0.08907,1.8871,0.0341,0.05554,0.02054,0.03554,0.06109,0.01077,0.03376,130,1,True
vm_01464,1464,0,4.83,304.83,12763.82,12759.0,0.05411,0.001,0.0196,0.01917,0.04836,1.3445,0.0557,0.0474,0.0124,0.0274,0.05213,0.01437,0.02603,275,1,True
vm_02060,2060,0,7.06,307.06,5111.35,5104.29,0.11835,0.02297,0.05703,0.03406,0.10472,1.8583,0.0103,0.01996,0.01196,0.01496,0.02195,0.00598,0.01436,186,3,True
vm_00097,97,0,0.31,300.31,1818.77,1818.46,0.06395,0.001,0.02187,0.02338,0.05694,1.5614,0.0595,0.06747,0.03247,0.04747,0.07421,0.0125,0.04509,34,1,True
vm_01193,1193,0,3.8,303.8,422.39,418.6,0.04747,0.001,0.005,0.02359,0.04039,2.3014,0.0711,0.06612,0.03112,0.04612,0.07273,0.00909,0.04381,127,1,True
vm_01474,1474,0,4.86,304.86,732.59,727.73,0.15631,0.06942,0.10045,0.03103,0.1439,1.194,0.0338,0.0101,0.0021,0.0051,0.01111,0.00501,0.0049,75,3,True
vm_00212,212,0,0.65,300.65,2918.32,2917.67,0.10385,0.00699,0.04158,0.03459,0.09001,1.4227,0.0495,0.00979,0.00179,0.00479,0.01077,0.00242,0.0046,135,3,True
vm_00403,403,0,1.25,301.25,9299.65,9298.4,0.07537,0.001,0.01553,0.03324,0.0654,1.3251,0.061,0.05777,0.02277,0.03777,0.06355,0.00466,0.03589,298,1,True
vm_00509,509,0,1.59,301.59,10320.56,10318.96,0.08684,0.02428,0.0493,0.02085,0.08058,1.6769,0.0468,0.04966,0.01466,0.02966,0.05462,0.0141,0.02817,281,1,True
vm_00650,650,0,2.0,302.0,874.92,872.92,0.05547,0.001,0.01093,0.02474,0.04805,1.4519,0.0454,0.05351,0.01851,0.03351,0.05886,0.00787,0.03184,207,1,True
vm_01442,1442,0,4.77,304.77,321.79,317.01,0.15003,0.002,0.02612,0.06884,0.12249,1.2477,0.0406,0.00998,0.00198,0.00498,0.01098,0.00273,0.00478,61,3,True
vm_00411,411,0,1.29,301.29,5709.07,5707.78,0.06365,0.001,0.01779,0.02548,0.056,1.8389,0.0612,0.07305,0.03805,0.05305,0.08035,0.01392,0.0504,230,1,True
vm_01756,1756,0,5.94,305.94,4529.0,4523.06,0.49159,0.13196,0.25184,0.11988,0.44364,1.1932,0.0297,0.019,0.007,0.011,0.01995,0.0031,0.01078,271,2,True
vm_00462,462,0,1.43,301.43,734.16,732.73,0.09098,0.002,0.01,0.04499,0.07298,1.0286,0.0116,0.01374,0.00574,0.00874,0.01511,0.00121,0.00839,48,3,True
vm_00433,433,0,1.36,301.36,713.27,711.91,0.06154,0.02612,0.04029,0.01181,0.058,2.4675,0.0279,0.04702,0.01202,0.02702,0.05172,0.00648,0.02567,240,1,True
vm_00424,424,0,1.33,301.33,13318.53,13317.21,0.32168,0.07043,0.15418,0.08375,0.28818,0.5027,0.0228,0.02351,0.01151,0.01551,0.02468,0.00304,0.0152,296,2,True
vm_00409,409,0,1.29,301.29,327.25,325.96,0.46199,0.0818,0.20853,0.12673,0.4113,0.9905,0.0126,0.0184,0.0064,0.0104,0.01932,0.00355,0.01019,200,2,True
vm_00622,622,0,1.95,301.95,6635.85,6633.9,0.13391,0.01256,0.0559,0.04334,0.11658,1.2607,0.0367,0.01351,0.00551,0.00851,0.01486,0.00118,0.00817,224,3,True
vm_01655,1655,0,5.57,305.57,10698.5,10692.93,0.09157,0.002,0.01,0.04532,0.07344,1.6001,0.0301,0.01661,0.00861,0.01161,0.01827,0.00584,0.01114,97,3,True
vm_01810,1810,0,6.14,306.14,11032.94,11026.79,0.12653,0.002,0.03316,0.05187,0.10578,1.1057,0.0146,0.01254,0.00454,0.00754,0.01379,0.00522,0.00724,48,3,True
vm_01395,1395,0,4.56,304.56,4073.05,4068.48,0.53889,0.17876,0.29881,0.12004,0.49088,1.3976,0.0273,0.01765,0.00565,0.00965,0.01853,0.00115,0.00946,19,2,True
vm_00465,465,0,1.44,301.44,792.77,791.33,0.35338,0.03,0.08,0.13669,0.2987,0.7955,0.0079,0.01656,0.00456,0.00856,0.01738,0.0006,0.00839,142,2,True
vm_00180,180,0,0.56,300.56,9543.69,9543.13,0.10835,0.002,0.01,0.05464,0.08649,1.8698,0.0408,0.01737,0.00937,0.01237,0.0191,0.00143,0.01187,270,3,True
vm_02247,2247,0,7.81,307.81,769.47,761.66,0.0448,0.01436,0.02653,0.01015,0.04175,2.2464,0.0699,0.05313,0.01813,0.03313,0.05844,0.01484,0.03147,182,1,True
vm_00472,472,0,1.47,301.47,6954.54,6953.08,0.06396,0.01669,0.0356,0.01576,0.05924,1.3384,0.0778,0.05943,0.02443,0.03943,0.06537,0.01471,0.03746,187,1,True
vm_00788,788,0,2.41,302.41,3472.76,3470.35,0.31258,0.03,0.08,0.11629,0.26606,1.124,0.0182,0.0147,0.0027,0.0067,0.01543,0.00243,0.00656,155,2,True
vm_00995,995,0,3.12,303.12,6619.84,6616.72,0.27379,0.03,0.08,0.0969,0.23503,1.3766,0.0258,0.01769,0.00569,0.00969,0.01857,0.00269,0.00949,207,2,True
vm_01966,1966,0,6.69,306.69,9895.41,9888.72,0.05922,0.00476,0.02654,0.01815,0.05377,2.1763,0.0304,0.05329,0.01829,0.03329,0.05862,0.00283,0.03163,288,1,True
vm_01913,1913,0,6.43,306.43,8051.37,8044.94,0.03564,0.001,0.00539,0.01681,0.0306,1.8384,0.0474,0.05958,0.02458,0.03958,0.06553,0.0119,0.0376,40,1,True
vm_00868,868,0,2.66,302.66,14008.11,14005.46,0.1303,0.002,0.04563,0.04704,0.11148,1.4491,0.0468,0.00989,0.00189,0.00489,0.01088,0.00086,0.0047,266,3,True
vm_01568,1568,0,5.24,305.24,13656.78,13651.54,0.08955,0.04894,0.06518,0.01354,0.08549,2.2632,0.0728,0.0635,0.0285,0.0435,0.06985,0.01085,0.04133,92,1,True
vm_01513,1513,0,5.01,305.01,8118.64,8113.63,0.54098,0.11014,0.25375,0.14361,0.48353,1.3469,0.022,0.01736,0.00536,0.00936,0.01823,0.00255,0.00917,78,2,True
vm_01906,1906,0,6.42,306.42,11702.4,11695.98,0.07632,0.00422,0.03306,0.02403,0.06911,2.0005,0.0326,0.05001,0.01501,0.03001,0.05501,0.00437,0.02851,36,1,True
vm_00977,977,0,3.05,303.05,2720.48,2717.43,0.08667,0.01018,0.04078,0.02549,0.07902,1.5029,0.0359,0.07323,0.03823,0.05323,0.08056,0.0054,0.05057,145,1,True
vm_00793,793,0,2.42,302.42,562.98,560.56,0.11517,0.0107,0.04801,0.03731,0.10024,1.6607,0.0408,0.01012,0.00212,0.00512,0.01113,0.00265,0.00491,275,3,True
vm_00219,219,0,0.66,300.66,4200.52,4199.86,0.03926,0.001,0.00901,0.01681,0.03422,1.3034,0.0455,0.05524,0.02024,0.03524,0.06077,0.00521,0.03348,149,1,True
vm_01873,1873,0,6.31,306.31,9910.97,9904.66,0.07748,0.001,0.0311,0.02576,0.06975,1.8123,0.0509,0.05439,0.01939,0.03439,0.05983,0.01259,0.03267,162,1,True
vm_01431,1431,0,4.74,304.74,1830.25,1825.51,0.0882,0.02424,0.04982,0.02132,0.08181,1.6932,0.0217,0.0426,0.0076,0.0226,0.04686,0.01206,0.02147,153,1,True
vm_00417,417,0,1.31,301.31,811.83,810.52,0.07634,0.002,0.01427,0.03449,0.06255,1.6825,0.0302,0.01402,0.00602,0.00902,0.01542,0.00575,0.00866,275,3,True
vm_00255,255,0,0.77,300.77,472.76,471.99,0.07317,0.01021,0.0354,0.02099,0.06688,2.3905,0.0342,0.07145,0.03645,0.05145,0.0786,0.00472,0.04888,144,1,True
vm_01030,1030,0,3.24,303.24,6243.22,6239.98,0.06956,0.01246,0.0353,0.01903,0.06385,1.4359,0.0494,0.0542,0.0192,0.0342,0.05962,0.0143,0.03249,167,1,True
vm_01642,1642,0,5.52,305.52,4469.71,4464.19,0.35722,0.03,0.08,0.13861,0.30178,1.2464,0.0185,0.01072,0.0005,0.00272,0.01125,0.00055,0.00266,198,2,True
vm_00768,768,0,2.36,302.36,7597.23,7594.87,0.12,0.00713,0.04744,0.04031,0.10388,1.4628,0.018,0.01663,0.00863,0.01163,0.01829,0.00211,0.01116,300,3,True
vm_00189,189,0,0.58,300.58,7936.99,7936.41,0.06701,0.002,0.01,0.03167,0.05434,1.6045,0.0287,0.01519,0.00719,0.01019,0.01671,0.00546,0.00978,295,3,True
vm_02018,2018,0,6.89,306.89,840.47,833.58,0.05553,0.001,0.01518,0.02242,0.0488,2.1738,0.0703,0.057,0.022,0.037,0.0627,0.00455,0.03515,182,1,True
vm_01387,1387,0,4.55,304.55,4711.88,4707.32,0.07208,0.001,0.02441,0.02648,0.06414,1.5205,0.0361,0.05152,0.01652,0.03152,0.05667,0.01449,0.02994,272,1,True
vm_00071,71,0,0.24,300.24,7066.01,7065.77,0.1539,0.01164,0.06245,0.0508,0.13358,1.1587,0.0309,0.01066,0.00266,0.00566,0.01173,0.00467,0.00544,74,3,True
vm_00304,304,0,0.96,300.96,6430.08,6429.12,0.09724,0.002,0.0248,0.04024,0.08114,1.2474,0.0161,0.01962,0.01162,0.01462,0.02158,0.00318,0.01403,212,3,True
vm_00533,533,0,1.65,301.65,13247.67,13246.01,0.0894,0.002,0.01,0.04411,0.07176,1.2101,0.0133,0.0126,0.0046,0.0076,0.01386,0.0043,0.00729,85,3,True
vm_01531,1531,0,5.08,305.08,7250.89,7245.81,0.09587,0.01708,0.04522,0.02814,0.08461,1.9034,0.0454,0.00962,0.00162,0.00462,0.01058,0.00475,0.00443,22,3,True
vm_01045,1045,0,3.3,303.3,839.17,835.87,0.23844,0.12569,0.16596,0.04027,0.22233,1.0177,0.0475,0.01216,0.00416,0.00716,0.01338,0.00221,0.00688,57,3,True
vm_01199,1199,0,3.81,303.81,13992.5,13988.69,0.09824,0.002,0.01355,0.04705,0.07942,1.7892,0.0119,0.0196,0.0116,0.0146,0.02156,0.00322,0.01401,299,3,True
vm_00839,839,0,2.58,302.58,659.82,657.24,0.13664,0.002,0.04974,0.04827,0.11733,1.6923,0.044,0.01473,0.00673,0.00973,0.01621,0.00148,0.00934,140,3,True
vm_01860,1860,0,6.27,306.27,2186.04,2179.77,0.34685,0.03,0.08,0.13342,0.29348,1.2317,0.0109,0.01315,0.00115,0.00515,0.01381,0.00153,0.00505,270,2,True
vm_00252,252,0,0.76,300.76,8871.47,8870.71,0.05334,0.02579,0.03681,0.00919,0.05059,2.3184,0.0782,0.07211,0.03711,0.05211,0.07932,0.00281,0.0495,208,1,True
vm_01789,1789,0,6.06,306.06,2464.25,2458.19,0.14323,0.002,0.04482,0.05467,0.12136,1.4719,0.0179,0.01582,0.00782,0.01082,0.0174,0.00372,0.01039,63,3,True
vm_00368,368,0,1.16,301.16,726.23,725.08,0.14273,0.03488,0.0734,0.03852,0.12733,1.2819,0.0474,0.0162,0.0082,0.0112,0.01782,0.00093,0.01075,71,3,True
vm_01732,1732,0,5.84,305.84,3142.08,3136.24,0.31918,0.03,0.08,0.11959,0.27134,1.1992,0.021,0.01247,0.0005,0.00447,0.01309,0.00402,0.00438,3,2,True
vm_00799,799,0,2.43,302.43,844.32,841.89,0.10872,0.00407,0.04145,0.03738,0.09377,1.8415,0.0466,0.01516,0.00716,0.01016,0.01668,0.00554,0.00976,269,3,True
vm_01875,1875,0,6.33,306.33,654.58,648.25,0.05011,0.001,0.01427,0.01991,0.04414,1.5945,0.0251,0.0601,0.0251,0.0401,0.06612,0.00866,0.0381,91,1,True
vm_02040,2040,0,6.99,306.99,387.33,380.34,0.10997,0.002,0.02029,0.04982,0.09004,1.8953,0.023,0.00986,0.00186,0.00486,0.01084,0.00581,0.00466,258,3,True
vm_00367,367,0,1.15,301.15,14137.59,14136.45,0.20789,0.089,0.13146,0.04246,0.1909,1.699,0.0108,0.01403,0.00603,0.00903,0.01543,0.0035,0.00867,131,3,True
vm_01575,1575,0,5.25,305.25,766.38,761.13,0.38543,0.03,0.0904,0.14752,0.32642,0.6711,0.0138,0.01748,0.00548,0.00948,0.01835,0.00167,0.00929,253,2,True
vm_02180,2180,0,7.49,307.49,9983.14,9975.65,0.64769,0.2012,0.35003,0.14883,0.58816,1.234,0.0125,0.00938,0.0005,0.00138,0.00985,0.0047,0.00135,238,2,True
vm_01700,1700,0,5.7,305.7,405.92,400.22,0.06898,0.02018,0.0397,0.01627,0.0641,1.9302,0.0633,0.06715,0.03215,0.04715,0.07387,0.01353,0.0448,149,1,True
vm_00787,787,0,2.41,302.41,4882.96,4880.55,0.36175,0.03,0.08,0.14088,0.3054,1.008,0.0163,0.01604,0.00404,0.00804,0.01685,0.00256,0.00788,287,2,True
vm_00241,241,0,0.72,300.72,9012.09,9011.37,0.0887,0.03906,0.05892,0.01655,0.08373,2.3154,0.0741,0.06969,0.03469,0.04969,0.07666,0.00108,0.0472,129,1,True
vm_01610,1610,0,5.38,305.38,2551.9,2546.52,0.2417,0.10011,0.15068,0.05057,0.22147,1.9915,0.0195,0.01514,0.00714,0.01014,0.01666,0.00273,0.00974,248,3,True
vm_00583,583,0,1.81,301.81,6461.14,6459.33,0.28406,0.03,0.08411,0.09997,0.24407,0.5372,0.0093,0.01116,0.0005,0.00316,0.01172,0.00167,0.0031,43,2,True
vm_00052,52,0,0.18,300.18,5275.89,5275.71,0.03136,0.001,0.0072,0.01342,0.02733,1.2658,0.051,0.05729,0.02229,0.03729,0.06302,0.00586,0.03543,234,1,True
vm_00291,291,0,0.91,300.91,6726.29,6725.39,0.05902,0.001,0.01171,0.02628,0.05113,2.3479,0.0443,0.05708,0.02208,0.03708,0.06279,0.01267,0.03523,280,1,True
vm_00407,407,0,1.27,301.27,338.37,337.1,0.23895,0.08684,0.14117,0.05433,0.21722,1.3298,0.0428,0.01251,0.00451,0.00751,0.01376,0.00181,0.00721,235,3,True
vm_01460,1460,0,4.82,304.82,8274.45,8269.63,0.14717,0.002,0.02749,0.06649,0.12058,1.4668,0.0216,0.01795,0.00995,0.01295,0.01975,0.00411,0.01243,219,3,True
vm_01548,1548,0,5.15,305.15,853.06,847.91,0.20332,0.05802,0.10992,0.05189,0.18257,1.6916,0.0358,0.01046,0.00246,0.00546,0.0115,0.00368,0.00524,43,3,True
vm_01197,1197,0,3.81,303.81,4867.32,4863.51,0.13414,0.00208,0.04924,0.04717,0.11528,1.6211,0.0435,0.01491,0.00691,0.00991,0.01641,0.00337,0.00952,33,3,True
vm_00820,820,0,2.5,302.5,2838.74,2836.24,0.09979,0.00513,0.03893,0.03381,0.08627,1.996,0.0324,0.01075,0.00275,0.00575,0.01182,0.00538,0.00552,203,3,True
vm_01940,1940,0,6.55,306.55,4790.27,4783.72,0.12301,0.002,0.03762,0.04744,0.10404,1.3059,0.0287,0.01069,0.00269,0.00569,0.01176,0.00506,0.00546,130,3,True
vm_00068,68,0,0.24,300.24,12344.02,12343.78,0.04158,0.001,0.0119,0.01649,0.03663,1.2978,0.0517,0.05407,0.01907,0.03407,0.05947,0.01264,0.03236,58,1,True
vm_00209,209,0,0.64,300.64,724.07,723.44,0.33503,0.03,0.08,0.12751,0.28402,1.1372,0.0055,0.01696,0.00496,0.00896,0.01781,0.00339,0.00878,38,2,True
vm_01166,1166,0,3.66,303.66,764.23,760.57,0.14232,0.01004,0.05729,0.04724,0.12342,1.844,0.0462,0.01302,0.00502,0.00802,0.01432,0.00363,0.0077,229,3,True
vm_01972,1972,0,6.71,306.71,7065.0,7058.29,0.11025,0.03703,0.06632,0.02441,0.10293,2.2115,0.0732,0.07287,0.03787,0.05287,0.08016,0.00469,0.05023,13,1,True
vm_01144,1144,0,3.6,303.6,10383.31,10379.71,0.06669,0.001,0.02646,0.02235,0.05999,2.438,0.0732,0.0658,0.0308,0.0458,0.07238,0.01297,0.04351,29,1,True
vm_01978,1978,0,6.73,306.73,8711.0,8704.27,0.12905,0.0521,0.07958,0.02748,0.11806,1.2013,0.0212,0.01504,0.00704,0.01004,0.01654,0.00309,0.00964,20,3,True
vm_02075,2075,0,7.13,307.13,9800.24,9793.12,0.0435,0.001,0.005,0.02139,0.03708,2.2685,0.0613,0.06265,0.02765,0.04265,0.06892,0.00353,0.04052,152,1,True
vm_00945,945,0,2.94,302.94,10816.19,10813.26,0.36938,0.03,0.08,0.14469,0.31151,0.5215,0.007,0.01456,0.00256,0.00656,0.01529,0.00165,0.00643,264,2,True
vm_01371,1371,0,4.5,304.5,7566.91,7562.41,0.03262,0.001,0.00673,0.01438,0.0283,1.7033,0.0379,0.06621,0.03121,0.04621,0.07283,0.00286,0.0439,100,1,True
vm_01265,1265,0,4.08,304.08,641.45,637.37,0.08252,0.015,0.04201,0.0225,0.07576,1.9878,0.0502,0.07053,0.03553,0.05053,0.07758,0.01387,0.048,185,1,True
vm_01034,1034,0,3.26,303.26,557.49,554.22,0.0514,0.002,0.01,0.023,0.0422,1.3467,0.0338,0.01251,0.00451,0.00751,0.01376,0.00356,0.00721,32,3,True
vm_00545,545,0,1.7,301.7,497.66,495.97,0.06429,0.02651,0.04163,0.01259,0.06052,1.514,0.0718,0.063,0.028,0.043,0.0693,0.00985,0.04085,138,1,True
vm_01587,1587,0,5.29,305.29,449.04,443.75,0.10925,0.00337,0.04119,0.03782,0.09413,1.2429,0.0407,0.01476,0.00676,0.00976,0.01624,0.00148,0.00937,56,3,True
vm_01704,1704,0,5.71,305.71,419.3,413.59,0.12089,0.002,0.03856,0.04574,0.1026,1.4136,0.046,0.01754,0.00954,0.01254,0.01929,0.00119,0.01203,115,3,True
vm_02129,2129,0,7.33,307.33,9985.52,9978.19,0.07657,0.001,0.02519,0.02855,0.06801,1.5126,0.0284,0.06774,0.03274,0.04774,0.07451,0.01339,0.04535,126,1,True
vm_01260,1260,0,4.06,304.06,3990.65,3986.59,0.04202,0.002,0.01,0.01779,0.0349,1.2959,0.0468,0.0144,0.0064,0.0094,0.01584,0.00084,0.00903,263,3,True
vm_01768,1768,0,5.98,305.98,855.38,849.4,0.12203,0.00825,0.04888,0.04064,0.10577,1.1155,0.0243,0.01351,0.00551,0.00851,0.01486,0.00554,0.00817,167,3,True
vm_00070,70,0,0.24,300.24,865.82,865.57,0.04645,0.001,0.00571,0.02263,0.03966,2.0289,0.0788,0.05822,0.02322,0.03822,0.06404,0.01155,0.03631,265,1,True
vm_02195,2195,0,7.57,307.57,10434.25,10426.68,0.13305,0.002,0.04077,0.05127,0.11254,1.4149,0.0433,0.01722,0.00922,0.01222,0.01894,0.00289,0.01173,266,3,True
vm_02277,2277,0,7.93,307.93,724.22,716.29,0.07034,0.00766,0.03273,0.02089,0.06407,1.216,0.0768,0.06979,0.03479,0.04979,0.07676,0.00917,0.0473,253,1,True
vm_02132,2132,0,7.34,307.34,851.87,844.53,0.43491,0.03,0.08,0.17745,0.36393,0.5997,0.0149,0.01125,0.0005,0.00325,0.01181,0.00449,0.00318,245,2,True
vm_01657,1657,0,5.58,305.58,2017.6,2012.02,0.14735,0.00857,0.05814,0.04956,0.12753,1.6638,0.0292,0.01633,0.00833,0.01133,0.01797,0.00136,0.01088,180,3,True
vm_01348,1348,0,4.42,304.42,597.75,593.33,0.10023,0.001,0.03898,0.03403,0.09002,2.0532,0.0601,0.06296,0.02796,0.04296,0.06926,0.00706,0.04081,246,1,True
vm_00644,644,0,1.99,301.99,308.91,306.92,0.06866,0.0077,0.03209,0.02032,0.06256,1.7974,0.0437,0.06129,0.02629,0.04129,0.06741,0.01123,0.03922,204,1,True
vm_02088,2088,0,7.15,307.15,803.22,796.06,0.11653,0.002,0.02925,0.04849,0.09713,1.8625,0.0451,0.01621,0.00821,0.01121,0.01783,0.00484,0.01076,22,3,True
vm_00914,914,0,2.83,302.83,6000.9,5998.07,0.31855,0.03,0.08,0.11928,0.27084,0.5031,0.0286,0.02144,0.00944,0.01344,0.02252,0.00165,0.01317,244,2,True
vm_00591,591,0,1.86,301.86,11824.91,11823.06,0.10079,0.01687,0.04684,0.02997,0.0888,1.1117,0.0213,0.01392,0.00592,0.00892,0.01531,0.00249,0.00856,21,3,True
vm_00384,384,0,1.2,301.2,597.52,596.32,0.07886,0.02382,0.04584,0.01835,0.07336,1.3373,0.0552,0.06014,0.02514,0.04014,0.06615,0.00273,0.03813,179,1,True
vm_01117,1117,0,3.53,303.53,3753.33,3749.8,0.05106,0.001,0.01685,0.01901,0.04536,1.4086,0.0549,0.05758,0.02258,0.03758,0.06334,0.00978,0.0357,89,1,True
vm_02022,2022,0,6.91,306.91,2928.83,2921.92,0.09226,0.002,0.02176,0.03917,0.07659,1.7489,0.0351,0.01469,0.00669,0.00969,0.01616,0.00088,0.0093,243,3,True
vm_01751,1751,0,5.91,305.91,707.07,701.16,0.06499,0.001,0.01905,0.02552,0.05733,1.3201,0.0219,0.04471,0.00971,0.02471,0.04918,0.00733,0.02348,167,1,True
vm_00687,687,0,2.14,302.14,5573.48,5571.34,0.08006,0.002,0.01,0.03892,0.06449,1.4614,0.0425,0.01462,0.00662,0.00962,0.01608,0.00441,0.00923,18,3,True
vm_00630,630,0,1.96,301.96,4155.75,4153.79,0.12462,0.01434,0.05373,0.03939,0.10887,1.0401,0.0477,0.0137,0.0057,0.0087,0.01506,0.00502,0.00835,9,3,True
vm_00618,618,0,1.94,301.94,329.22,327.28,0.09636,0.0246,0.05331,0.02392,0.08918,2.0212,0.0335,0.0532,0.0182,0.0332,0.05852,0.01139,0.03154,50,1,True
vm_01434,1434,0,4.75,304.75,668.95,664.2,0.10955,0.002,0.03434,0.04179,0.09284,1.6522,0.0113,0.01475,0.00675,0.00975,0.01622,0.00133,0.00936,28,3,True
vm_00549,549,0,1.71,301.71,11356.7,11354.98,0.04204,0.001,0.00681,0.01957,0.03617,2.4939,0.045,0.05397,0.01897,0.03397,0.05937,0.00802,0.03228,36,1,True
vm_00308,308,0,0.97,300.97,6623.25,6622.28,0.08362,0.01427,0.04201,0.02312,0.07669,2.478,0.0479,0.06557,0.03057,0.04557,0.07213,0.01131,0.04329,187,1,True
vm_00085,85,0,0.29,300.29,8006.15,8005.86,0.03424,0.001,0.005,0.01625,0.02937,1.9296,0.077,0.06012,0.02512,0.04012,0.06613,0.01015,0.03811,46,1,True
vm_00487,487,0,1.53,301.53,1832.48,1830.95,0.12649,0.002,0.03216,0.05241,0.10553,1.9969,0.0418,0.01758,0.00958,0.01258,0.01933,0.00093,0.01207,288,3,True
vm_00515,515,0,1.62,301.62,500.25,498.63,0.08933,0.00779,0.04041,0.02718,0.08117,1.8306,0.0364,0.07432,0.03932,0.05432,0.08175,0.00518,0.0516,159,1,True
vm_00174,174,0,0.53,300.53,371.9,371.36,0.45988,0.13635,0.24419,0.10784,0.41674,0.8835,0.0095,0.01468,0.00268,0.00668,0.01541,0.00401,0.00654,108,2,True
vm_01079,1079,0,3.41,303.41,456.9,453.49,0.06533,0.02874,0.04338,0.0122,0.06167,1.4429,0.078,0.05953,0.02453,0.03953,0.06548,0.00916,0.03755,214,1,True
vm_00074,74,0,0.26,300.26,791.23,790.97,0.06537,0.00181,0.02723,0.02118,0.05901,2.2203,0.052,0.06461,0.02961,0.04461,0.07108,0.00937,0.04238,217,1,True
vm_01324,1324,0,4.31,304.31,3484.24,3479.93,0.14353,0.06885,0.09552,0.02667,0.13286,1.5437,0.0288,0.0176,0.0096,0.0126,0.01936,0.00105,0.01209,166,3,True
vm_00110,110,0,0.37,300.37,754.64,754.27,0.03358,0.001,0.005,0.01588,0.02882,2.0436,0.0436,0.06625,0.03125,0.04625,0.07287,0.01054,0.04393,152,1,True
vm_00892,892,0,2.75,302.75,356.4,353.64,0.01824,0.001,0.005,0.00736,0.01604,2.3027,0.0438,0.07803,0.04303,0.05803,0.08583,0.00803,0.05513,102,1,True
vm_01711,1711,0,5.75,305.75,806.54,800.79,0.04833,0.01333,0.02733,0.01167,0.04483,2.2348,0.0794,0.07157,0.03657,0.05157,0.07873,0.00528,0.04899,56,1,True
vm_01458,1458,0,4.82,304.82,8077.89,8073.07,0.37478,0.03,0.14028,0.11725,0.32788,0.9723,0.0066,0.02014,0.00814,0.01214,0.02115,0.00223,0.0119,48,2,True
vm_01567,1567,0,5.23,305.23,436.9,431.67,0.09796,0.02443,0.05384,0.02451,0.09061,2.3935,0.0699,0.0543,0.0193,0.0343,0.05973,0.01029,0.03258,42,1,True
vm_00260,260,0,0.79,300.79,818.94,818.15,0.14277,0.00574,0.05468,0.04894,0.1232,1.4556,0.0434,0.01295,0.00495,0.00795,0.01424,0.00218,0.00763,208,3,True
vm_01318,1318,0,4.28,304.28,508.39,504.11,0.04397,0.001,0.00835,0.01979,0.03804,2.2757,0.0557,0.05083,0.01583,0.03083,0.05591,0.01234,0.02928,184,1,True
vm_00553,553,0,1.73,301.73,2873.47,2871.74,0.09884,0.002,0.03343,0.03634,0.08431,1.3732,0.0261,0.01427,0.00627,0.00927,0.01569,0.00516,0.0089,241,3,True
vm_01627,1627,0,5.47,305.47,9674.52,9669.06,0.0587,0.001,0.02005,0.02148,0.05226,1.9938,0.0432,0.06319,0.02819,0.04319,0.06951,0.00139,0.04103,103,1,True
vm_00049,49,0,0.17,300.17,3907.08,3906.91,0.19974,0.05111,0.10419,0.05308,0.17851,1.5604,0.0385,0.01358,0.00558,0.00858,0.01494,0.00432,0.00824,97,3,True
vm_02251,2251,0,7.84,307.84,13029.85,13022.02,0.18013,0.01042,0.07103,0.06061,0.15589,1.772,0.0247,0.01783,0.00983,0.01283,0.01961,0.00339,0.01232,178,3,True
vm_01880,1880,0,6.35,306.35,5392.9,5386.56,0.05074,0.001,0.005,0.02541,0.04312,1.9698,0.0693,0.03388,0.005,0.01388,0.03727,0.00652,0.01318,250,1,True
vm_01600,1600,0,5.35,305.35,11297.29,11291.94,0.16657,0.002,0.0582,0.0602,0.14249,1.8581,0.0318,0.01596,0.00796,0.01096,0.01755,0.00573,0.01052,101,3,True
vm_02153,2153,0,7.4,307.4,9143.19,9135.79,0.12274,0.03193,0.06436,0.03243,0.10977,1.244,0.0137,0.01223,0.00423,0.00723,0.01346,0.0058,0.00694,141,3,True
vm_02031,2031,0,6.94,306.94,4800.14,4793.21,0.07856,0.02876,0.04868,0.0166,0.07358,2.1814,0.0552,0.07462,0.03962,0.05462,0.08208,0.008,0.05189,297,1,True
vm_02164,2164,0,7.43,307.43,369.51,362.08,0.05776,0.001,0.00633,0.02857,0.04919,1.6418,0.0288,0.07288,0.03788,0.05288,0.08016,0.01341,0.05023,250,1,True
vm_00742,742,0,2.29,302.29,4499.41,4497.12,0.05031,0.001,0.005,0.02517,0.04276,1.9741,0.0468,0.06256,0.02756,0.04256,0.06882,0.01216,0.04043,159,1,True
vm_02020,2020,0,6.89,306.89,2220.33,2213.44,0.17511,0.02901,0.08119,0.05218,0.15424,1.4566,0.0284,0.01549,0.00749,0.01049,0.01704,0.00358,0.01007,246,3,True
vm_01698,1698,0,5.69,305.69,2584.65,2578.96,0.12925,0.0473,0.07656,0.02927,0.11754,1.8974,0.0165,0.01593,0.00793,0.01093,0.01752,0.00564,0.01049,140,3,True
vm_02224,2224,0,7.7,307.7,449.31,441.61,0.04241,0.01192,0.02412,0.01017,0.03936,1.2554,0.0326,0.07905,0.04405,0.05905,0.08696,0.00515,0.0561,241,1,True
vm_01419,1419,0,4.69,304.69,7683.27,7678.58,0.06829,0.001,0.02138,0.02606,0.06048,2.1495,0.051,0.05241,0.01741,0.03241,0.05766,0.00745,0.03079,174,1,True
vm_01503,1503,0,4.95,304.95,7549.54,7544.59,0.04289,0.001,0.01531,0.01533,0.03829,1.2572,0.0514,0.06809,0.03309,0.04809,0.0749,0.00906,0.04568,15,1,True
vm_01915,1915,0,6.44,306.44,10590.39,10583.95,0.05558,0.02289,0.03597,0.0109,0.05231,1.2884,0.0566,0.05635,0.02135,0.03635,0.06198,0.013,0.03453,257,1,True
vm_00694,694,0,2.16,302.16,738.9,736.74,0.13602,0.02932,0.06743,0.03811,0.12077,1.3815,0.0312,0.01233,0.00433,0.00733,0.01356,0.00131,0.00704,118,3,True
vm_00950,950,0,2.94,302.94,5469.66,5466.73,0.1181,0.002,0.01523,0.05715,0.09524,1.9471,0.034,0.00796,0.0005,0.00296,0.00875,0.00157,0.00284,279,3,True
vm_02083,2083,0,7.14,307.14,4934.02,4926.88,0.14102,0.0321,0.071,0.0389,0.12546,1.7005,0.0192,0.01526,0.00726,0.01026,0.01678,0.00438,0.00985,110,3,True
vm_00565,565,0,1.76,301.76,8049.39,8047.63,0.07812,0.00472,0.03408,0.02447,0.07078,1.7025,0.033,0.06717,0.03217,0.04717,0.07388,0.01396,0.04481,258,1,True
vm_01641,1641,0,5.52,305.52,12148.3,12142.78,0.19903,0.04318,0.09884,0.05566,0.17677,1.5232,0.0145,0.01247,0.00447,0.00747,0.01371,0.00329,0.00717,264,3,True
vm_00458,458,0,1.41,301.41,7534.3,7532.89,0.08908,0.01285,0.04334,0.02541,0.08145,1.5393,0.0689,0.05169,0.01669,0.03169,0.05685,0.01248,0.0301,246,1,True
vm_00019,19,0,0.07,300.07,4216.82,4216.74,0.08512,0.019,0.04545,0.02204,0.07851,1.878,0.0631,0.07102,0.03602,0.05102,0.07812,0.01355,0.04847,223,1,True
vm_01776,1776,0,6.01,306.01,5829.4,5823.4,0.13475,0.00226,0.04958,0.04732,0.11582,1.4728,0.0477,0.01493,0.00693,0.00993,0.01642,0.00233,0.00953,200,3,True
vm_01262,1262,0,4.08,304.08,11506.13,11502.06,0.18521,0.05229,0.09976,0.04747,0.16622,1.1515,0.0125,0.01205,0.00405,0.00705,0.01326,0.00475,0.00677,83,3,True
vm_01577,1577,0,5.25,305.25,7796.49,7791.24,0.102,0.002,0.01511,0.04827,0.08269,1.6808,0.0463,0.01387,0.00587,0.00887,0.01526,0.00097,0.00852,31,3,True
vm_01305,1305,0,4.23,304.23,3843.27,3839.04,0.47708,0.22709,0.31042,0.08333,0.44375,0.9516,0.0129,0.02439,0.01239,0.01639,0.02561,0.00115,0.01606,66,2,True
vm_00434,434,0,1.36,301.36,6932.83,6931.47,0.08656,0.05164,0.06561,0.01164,0.08307,1.7807,0.033,0.05044,0.01544,0.03044,0.05549,0.0024,0.02892,228,1,True
vm_00077,77,0,0.27,300.27,4321.31,4321.03,0.1643,0.002,0.05863,0.0587,0.14082,1.945,0.0133,0.01569,0.00769,0.01069,0.01725,0.00137,0.01026,65,3,True
vm_00695,695,0,2.16,302.16,14265.22,14263.06,0.13852,0.00902,0.05527,0.04625,0.12002,1.3107,0.0177,0.01685,0.00885,0.01185,0.01854,0.00289,0.01138,252,3,True
vm_00965,965,0,3.0,303.0,10345.15,10342.15,0.15259,0.01346,0.06315,0.04969,0.13272,1.9292,0.0307,0.01487,0.00687,0.00987,0.01636,0.00463,0.00947,125,3,True
vm_01055,1055,0,3.33,303.33,6201.0,6197.67,0.07432,0.00236,0.03114,0.02399,0.06713,2.4123,0.0667,0.05943,0.02443,0.03943,0.06537,0.00968,0.03745,39,1,True
vm_00734,734,0,2.26,302.26,4719.26,4717.0,0.0758,0.02848,0.04741,0.01578,0.07107,1.5884,0.063,0.06134,0.02634,0.04134,0.06748,0.00522,0.03928,64,1,True
vm_00169,169,0,0.53,300.53,729.21,728.68,0.0518,0.001,0.01544,0.0202,0.04574,1.2089,0.0655,0.04676,0.01176,0.02676,0.05143,0.00317,0.02542,153,1,True
vm_01724,1724,0,5.81,305.81,5890.91,5885.11,0.06448,0.01801,0.0366,0.01549,0.05983,1.384,0.0426,0.05094,0.01594,0.03094,0.05603,0.00822,0.02939,217,1,True
vm_01057,1057,0,3.33,303.33,3622.52,3619.18,0.09906,0.03386,0.05994,0.02173,0.09254,1.6352,0.0314,0.06584,0.03084,0.04584,0.07243,0.00751,0.04355,182,1,True
vm_02291,2291,0,7.98,307.98,363.2,355.22,0.04975,0.001,0.00861,0.02285,0.04289,1.7045,0.0251,0.08219,0.04719,0.06219,0.09041,0.01141,0.05908,181,1,True
vm_00870,870,0,2.67,302.67,9471.57,9468.9,0.17797,0.02025,0.07658,0.05633,0.15544,1.6455,0.0383,0.00872,0.00072,0.00372,0.00959,0.00508,0.00357,18,3,True
vm_02044,2044,0,7.01,307.01,13422.18,13415.18,0.60975,0.26879,0.38244,0.11365,0.56429,1.079,0.0099,0.01569,0.00369,0.00769,0.01647,0.00299,0.00753,162,2,True
vm_01841,1841,0,6.2,306.2,8855.54,8849.33,0.08222,0.01906,0.04432,0.02105,0.0759,1.372,0.0717,0.05511,0.02011,0.03511,0.06062,0.00851,0.03336,210,1,True
vm_01139,1139,0,3.58,303.58,315.08,311.5,0.03672,0.001,0.00943,0.01516,0.03217,1.8395,0.0289,0.05454,0.01954,0.03454,0.05999,0.00806,0.03281,112,1,True
vm_01443,1443,0,4.78,304.78,9664.91,9660.14,0.15476,0.01952,0.06782,0.0483,0.13544,1.2224,0.0204,0.01325,0.00525,0.00825,0.01457,0.00374,0.00792,261,3,True
vm_01138,1138,0,3.58,303.58,470.69,467.11,0.73446,0.35845,0.48379,0.12534,0.68433,1.0214,0.0203,0.0191,0.0071,0.0111,0.02006,0.00199,0.01088,223,2,True
vm_01051,1051,0,3.32,303.32,3311.4,3308.08,0.02852,0.001,0.005,0.01307,0.0246,2.006,0.041,0.05072,0.01572,0.03072,0.05579,0.01436,0.02918,3,1,True
vm_02110,2110,0,7.26,307.26,12332.56,12325.3,0.1253,0.002,0.03823,0.04837,0.10595,1.0522,0.0388,0.01095,0.00295,0.00595,0.01205,0.00463,0.00572,224,3,True
vm_01733,1733,0,5.85,305.85,11046.3,11040.45,0.118,0.002,0.03367,0.04685,0.09926,1.9409,0.0488,0.01197,0.00397,0.00697,0.01317,0.00313,0.00669,84,3,True
vm_00232,232,0,0.69,300.69,10595.8,10595.11,0.44506,0.06967,0.1948,0.12513,0.39501,0.9751,0.0108,0.02596,0.01396,0.01796,0.02726,0.00354,0.01761,199,2,True
vm_00136,136,0,0.43,300.43,361.16,360.73,0.11348,0.0304,0.06007,0.02967,0.10161,1.1137,0.0453,0.01053,0.00253,0.00553,0.01158,0.004,0.0053,221,3,True
vm_00026,26,0,0.1,300.1,14295.69,14295.58,0.24062,0.10882,0.15589,0.04707,0.22179,1.0683,0.0472,0.01355,0.00555,0.00855,0.0149,0.00513,0.0082,278,3,True
vm_00894,894,0,2.76,302.76,13498.26,13495.5,0.20521,0.07637,0.12238,0.04602,0.18681,1.1908,0.0323,0.02099,0.01299,0.01599,0.02309,0.00563,0.01535,62,3,True
vm_00987,987,0,3.1,303.1,401.98,398.89,0.03103,0.001,0.005,0.01446,0.02669,2.4717,0.0287,0.04762,0.01262,0.02762,0.05238,0.01014,0.02624,194,1,True
vm_00756,756,0,2.33,302.33,13985.21,13982.87,0.0954,0.002,0.01,0.04745,0.07642,1.3537,0.025,0.0169,0.0089,0.0119,0.01859,0.00482,0.01142,208,3,True
vm_01402,1402,0,4.63,304.63,10022.85,10018.22,0.24422,0.15822,0.18893,0.03072,0.23193,1.2574,0.0406,0.01239,0.00439,0.00739,0.01363,0.00563,0.00709,144,3,True
vm_00193,193,0,0.59,300.59,554.57,553.98,0.12067,0.02041,0.05622,0.03581,0.10635,1.9824,0.0104,0.01061,0.00261,0.00561,0.01167,0.00107,0.00539,280,3,True
vm_00290,290,0,0.89,300.89,3137.67,3136.78,0.06884,0.00418,0.03005,0.02155,0.06237,1.919,0.0469,0.0611,0.0261,0.0411,0.06721,0.01455,0.03905,99,1,True
vm_00343,343,0,1.07,301.07,13595.62,13594.55,0.11038,0.02294,0.05417,0.03123,0.09789,1.1708,0.011,0.01507,0.00707,0.01007,0.01657,0.00215,0.00967,72,3,True
vm_00531,531,0,1.65,301.65,638.46,636.81,0.08734,0.0317,0.05396,0.01855,0.08178,2.1005,0.0692,0.04771,0.01271,0.02771,0.05248,0.01086,0.02632,27,1,True
vm_01607,1607,0,5.38,305.38,773.59,768.2,0.18388,0.002,0.05368,0.07233,0.15495,1.025,0.0311,0.01228,0.00428,0.00728,0.01351,0.00365,0.00699,158,3,True
vm_02279,2279,0,7.94,307.94,12264.38,12256.44,0.063,0.01162,0.03217,0.01713,0.05786,1.4561,0.0761,0.06233,0.02733,0.04233,0.06856,0.01408,0.04021,185,1,True
vm_00351,351,0,1.09,301.09,882.45,881.36,0.5122,0.1346,0.26047,0.12587,0.46186,0.9991,0.0082,0.01681,0.00481,0.00881,0.01765,0.00326,0.00863,113,2,True
vm_00129,129,0,0.41,300.41,9391.44,9391.03,0.11624,0.002,0.03718,0.04392,0.09867,1.0927,0.0348,0.0108,0.0028,0.0058,0.01188,0.0026,0.00557,21,3,True
vm_01303,1303,0,4.22,304.22,8899.81,8895.59,0.12104,0.002,0.01985,0.05622,0.09855,1.7625,0.0272,0.00981,0.00181,0.00481,0.01079,0.00172,0.00461,193,3,True
vm_00234,234,0,0.7,300.7,10120.52,10119.82,0.06112,0.00923,0.02999,0.0173,0.05593,2.4467,0.0301,0.05963,0.02463,0.03963,0.0656,0.01036,0.03765,244,1,True
vm_01178,1178,0,3.72,303.72,9867.23,9863.51,0.16585,0.05349,0.09362,0.04013,0.1498,1.0278,0.0488,0.0147,0.0067,0.0097,0.01617,0.00302,0.00931,36,3,True
vm_01062,1062,0,3.35,303.35,863.21,859.86,0.08355,0.002,0.01587,0.0376,0.06851,1.8641,0.0137,0.01355,0.00555,0.00855,0.01491,0.00171,0.00821,95,3,True
vm_02126,2126,0,7.32,307.32,9767.42,9760.1,0.4052,0.03,0.1369,0.13415,0.35154,0.6455,0.0212,0.01863,0.00663,0.01063,0.01956,0.00117,0.01042,169,2,True
vm_02104,2104,0,7.23,307.23,860.39,853.16,0.06164,0.001,0.02124,0.02245,0.05491,2.0206,0.0667,0.05202,0.01702,0.03202,0.05723,0.01146,0.03042,288,1,True
vm_01450,1450,0,4.8,304.8,11141.85,11137.05,0.04035,0.001,0.00747,0.01826,0.03487,2.2842,0.0257,0.07487,0.03987,0.05487,0.08236,0.00722,0.05213,82,1,True
vm_02137,2137,0,7.35,307.35,2084.13,2076.78,0.40222,0.04144,0.1617,0.12026,0.35411,0.5013,0.0122,0.01171,0.0005,0.00371,0.0123,0.00091,0.00364,149,2,True
vm_01252,1252,0,4.0,304.0,8791.89,8787.89,0.09295,0.05295,0.06895,0.01333,0.08895,1.6864,0.0677,0.04994,0.01494,0.02994,0.05494,0.00601,0.02845,36,1,True
vm_00185,185,0,0.56,300.56,8249.2,8248.64,0.04128,0.001,0.01078,0.01694,0.03619,2.0658,0.0569,0.04924,0.01424,0.02924,0.05417,0.00985,0.02778,130,1,True
vm_01647,1647,0,5.54,305.54,357.88,352.34,0.09743,0.001,0.03833,0.03283,0.08758,1.8421,0.029,0.05011,0.01511,0.03011,0.05512,0.00691,0.0286,124,1,True
vm_00621,621,0,1.95,301.95,7691.73,7689.78,0.13066,0.01393,0.05562,0.04169,0.11398,1.0408,0.0305,0.01433,0.00633,0.00933,0.01577,0.00131,0.00896,60,3,True
vm_00931,931,0,2.88,302.88,307.75,304.87,0.10079,0.002,0.02994,0.03936,0.08505,1.7066,0.013,0.01123,0.00323,0.00623,0.01235,0.00333,0.00598,56,3,True
vm_01357,1357,0,4.44,304.44,13227.81,13223.37,0.04634,0.001,0.00606,0.02237,0.03962,2.0363,0.0731,0.07591,0.04091,0.05591,0.08351,0.0115,0.05312,240,1,True
vm_00299,299,0,0.94,300.94,3316.71,3315.77,0.08,0.001,0.03098,0.02724,0.07183,1.3968,0.0298,0.04917,0.01417,0.02917,0.05409,0.01034,0.02771,186,1,True
vm_00333,333,0,1.03,301.03,9879.67,9878.64,0.1904,0.04262,0.09539,0.05278,0.16928,1.6172,0.0225,0.01834,0.01034,0.01334,0.02018,0.00262,0.01281,28,3,True
vm_01287,1287,0,4.17,304.17,7329.98,7325.81,0.15012,0.05467,0.08876,0.03409,0.13648,1.3658,0.0495,0.01839,0.01039,0.01339,0.02023,0.00115,0.01286,191,3,True
vm_00529,529,0,1.65,301.65,7734.27,7732.63,0.05751,0.001,0.0112,0.02573,0.0498,1.8864,0.0203,0.05664,0.02164,0.03664,0.0623,0.01093,0.0348,166,1,True
vm_02027,2027,0,6.93,306.93,2279.55,2272.62,0.07279,0.002,0.01725,0.03086,0.06045,1.1717,0.0395,0.01689,0.00889,0.01189,0.01858,0.00161,0.01141,242,3,True
vm_01126,1126,0,3.55,303.55,12260.01,12256.46,0.15336,0.02003,0.06765,0.04762,0.13431,1.1913,0.0336,0.01564,0.00764,0.01064,0.0172,0.00554,0.01021,281,3,True
vm_01356,1356,0,4.43,304.43,555.42,550.99,0.07657,0.002,0.01,0.03698,0.06178,1.2132,0.033,0.01354,0.00554,0.00854,0.0149,0.00339,0.0082,119,3,True
vm_02080,2080,0,7.13,307.13,884.42,877.29,0.09063,0.03093,0.05481,0.0199,0.08466,1.967,0.0293,0.06728,0.03228,0.04728,0.07401,0.00563,0.04492,81,1,True
vm_00179,179,0,0.55,300.55,613.15,612.59,0.29717,0.03,0.08,0.10859,0.25374,1.3055,0.0055,0.01093,0.0005,0.00293,0.01148,0.00399,0.00287,271,2,True
vm_01958,1958,0,6.64,306.64,9348.81,9342.17,0.16124,0.002,0.05231,0.06052,0.13704,1.5845,0.0366,0.0127,0.0047,0.0077,0.01397,0.00529,0.00739,288,3,True
vm_01507,1507,0,4.97,304.97,13514.16,13509.19,0.16118,0.02864,0.07598,0.04734,0.14225,1.8022,0.0422,0.01209,0.00409,0.00709,0.0133,0.00402,0.0068,118,3,True
vm_00810,810,0,2.46,302.46,8088.3,8085.84,0.07731,0.02552,0.04624,0.01726,0.07213,1.8573,0.0356,0.07027,0.03527,0.05027,0.0773,0.01408,0.04776,222,1,True
vm_01233,1233,0,3.95,303.95,13879.52,13875.57,0.07465,0.001,0.02571,0.02719,0.06649,1.5485,0.0513,0.06367,0.02867,0.04367,0.07004,0.00443,0.04149,24,1,True
vm_01937,1937,0,6.54,306.54,14069.83,14063.29,0.11005,0.002,0.01466,0.053,0.08886,1.037,0.0157,0.01806,0.01006,0.01306,0.01987,0.00131,0.01254,244,3,True
vm_00464,464,0,1.43,301.43,635.91,634.47,0.07684,0.03672,0.05277,0.01337,0.07283,2.3758,0.0385,0.05331,0.01831,0.03331,0.05864,0.01078,0.03164,170,1,True
vm_02009,2009,0,6.86,306.86,415.88,409.02,0.0866,0.00988,0.04057,0.02557,0.07893,1.7094,0.0202,0.06516,0.03016,0.04516,0.07168,0.00996,0.04291,137,1,True
vm_00606,606,0,1.92,301.92,602.98,601.06,0.05157,0.001,0.02039,0.01733,0.04638,2.0926,0.0458,0.05048,0.01548,0.03048,0.05553,0.00978,0.02896,272,1,True
vm_01692,1692,0,5.68,305.68,356.25,350.57,0.05472,0.001,0.00535,0.02743,0.04649,1.758,0.0772,0.06739,0.03239,0.04739,0.07413,0.01119,0.04502,117,1,True
vm_01901,1901,0,6.41,306.41,10635.03,10628.62,0.64964,0.30969,0.423,0.11332,0.60431,1.2247,0.0254,0.02575,0.01375,0.01775,0.02704,0.00432,0.0174,52,2,True
vm_01191,1191,0,3.78,303.78,10509.11,10505.33,0.16614,0.02766,0.07712,0.04946,0.14636,1.6677,0.0262,0.01507,0.00707,0.01007,0.01657,0.00427,0.00966,225,3,True
vm_01887,1887,0,6.37,306.37,8231.93,8225.57,0.13215,0.00422,0.04991,0.04569,0.11388,1.9997,0.0448,0.01384,0.00584,0.00884,0.01523,0.00565,0.00849,11,3,True
vm_01796,1796,0,6.09,306.09,854.02,847.93,0.13839,0.02514,0.06559,0.04045,0.12221,1.9292,0.0404,0.00784,0.0005,0.00284,0.00863,0.00119,0.00273,1,3,True
vm_00830,830,0,2.54,302.54,626.76,624.22,0.13844,0.06061,0.08841,0.0278,0.12732,1.9137,0.0174,0.01129,0.00329,0.00629,0.01242,0.00246,0.00604,170,3,True
vm_00441,441,0,1.38,301.38,2966.16,2964.78,0.04756,0.001,0.01411,0.01858,0.04198,2.3831,0.0377,0.0588,0.0238,0.0388,0.06468,0.00277,0.03686,128,1,True
vm_01928,1928,0,6.51,306.51,486.42,479.91,0.60006,0.14775,0.29852,0.15077,0.53976,1.1355,0.0199,0.01996,0.00796,0.01196,0.02096,0.00315,0.01172,45,2,True
vm_00451,451,0,1.4,301.4,5074.88,5073.48,0.0511,0.001,0.01105,0.02225,0.04442,2.2733,0.0393,0.06971,0.03471,0.04971,0.07668,0.01218,0.04722,174,1,True
vm_01899,1899,0,6.41,306.41,11616.91,11610.51,0.04852,0.001,0.005,0.02418,0.04127,2.245,0.0274,0.06537,0.03037,0.04537,0.07191,0.00864,0.04311,145,1,True
vm_02202,2202,0,7.6,307.6,5900.92,5893.32,0.05655,0.001,0.005,0.02864,0.04796,1.7288,0.0339,0.0661,0.0311,0.0461,0.07271,0.00919,0.0438,15,1,True
vm_01837,1837,0,6.2,306.2,783.44,777.24,0.13868,0.03434,0.07161,0.03726,0.12378,1.3297,0.0271,0.01382,0.00582,0.00882,0.01521,0.00393,0.00847,184,3,True
vm_01072,1072,0,3.38,303.38,13344.52,13341.14,0.20878,0.0576,0.11159,0.05399,0.18718,1.4408,0.0269,0.01308,0.00508,0.00808,0.01438,0.00086,0.00775,236,3,True
vm_00508,508,0,1.59,301.59,624.68,623.09,0.11082,0.00574,0.04327,0.03753,0.09581,1.9946,0.046,0.01254,0.00454,0.00754,0.01379,0.0041,0.00724,118,3,True
vm_00175,175,0,0.54,300.54,8243.32,8242.78,0.14877,0.00504,0.05637,0.05133,0.12823,1.0227,0.0489,0.01387,0.00587,0.00887,0.01526,0.00582,0.00852,60,3,True
vm_01812,1812,0,6.14,306.14,5796.49,5790.35,0.14061,0.002,0.03636,0.05792,0.11744,1.762,0.0433,0.00662,0.0005,0.00162,0.00728,0.00311,0.00155,214,3,True
vm_00121,121,0,0.4,300.4,869.72,869.32,0.07982,0.01933,0.04353,0.02016,0.07377,1.6211,0.0562,0.0512,0.0162,0.0312,0.05632,0.00119,0.02964,124,1,True
vm_00284,284,0,0.88,300.88,13491.06,13490.18,0.33793,0.03,0.1042,0.11686,0.29118,0.736,0.0193,0.01382,0.00182,0.00582,0.01451,0.00235,0.0057,251,2,True
vm_01846,1846,0,6.21,306.21,4492.3,4486.09,0.04644,0.001,0.01235,0.01894,0.04076,1.464,0.0767,0.06124,0.02624,0.04124,0.06737,0.01435,0.03918,292,1,True
vm_01085,1085,0,3.43,303.43,3473.59,3470.16,0.04741,0.0069,0.0231,0.01351,0.04336,2.4074,0.0512,0.0647,0.0297,0.0447,0.07117,0.00537,0.04247,284,1,True
vm_01808,1808,0,6.14,306.14,2679.45,2673.31,0.02876,0.001,0.0061,0.01259,0.02499,1.2465,0.057,0.0592,0.0242,0.0392,0.06513,0.00207,0.03724,100,1,True
vm_01201,1201,0,3.83,303.83,7826.1,7822.27,0.08797,0.002,0.01245,0.04196,0.07119,1.988,0.017,0.01431,0.00631,0.00931,0.01574,0.00364,0.00894,102,3,True
vm_01552,1552,0,5.16,305.16,360.29,355.14,0.06991,0.002,0.01,0.03328,0.05659,1.5667,0.0391,0.01407,0.00607,0.00907,0.01548,0.00358,0.00871,169,3,True
vm_00276,276,0,0.86,300.86,10490.5,10489.64,0.15753,0.00981,0.06257,0.05276,0.13642,1.4595,0.0103,0.01475,0.00675,0.00975,0.01623,0.00408,0.00936,125,3,True
vm_00671,671,0,2.08,302.08,682.85,680.76,0.0268,0.001,0.005,0.01211,0.02316,1.3587,0.0328,0.06064,0.02564,0.04064,0.0667,0.01104,0.0386,72,1,True
vm_00766,766,0,2.36,302.36,770.08,767.72,0.06768,0.002,0.01,0.03204,0.05486,1.6434,0.0337,0.0108,0.0028,0.0058,0.01188,0.00558,0.00557,274,3,True
vm_00436,436,0,1.36,301.36,10177.83,10176.47,0.05855,0.001,0.01784,0.02262,0.05177,1.4098,0.0396,0.05577,0.02077,0.03577,0.06135,0.00787,0.03398,108,1,True
vm_01421,1421,0,4.71,304.71,5193.21,5188.51,0.21677,0.06995,0.12238,0.05244,0.1958,1.1875,0.038,0.01248,0.00448,0.00748,0.01372,0.00529,0.00718,122,3,True
vm_01838,1838,0,6.2,306.2,360.91,354.71,0.10162,0.002,0.01,0.0509,0.08126,1.2232,0.0359,0.01034,0.00234,0.00534,0.01137,0.00132,0.00512,236,3,True
vm_00857,857,0,2.63,302.63,4200.78,4198.15,0.11154,0.002,0.01,0.05641,0.08898,1.307,0.0462,0.01616,0.00816,0.01116,0.01778,0.00448,0.01072,160,3,True
vm_01618,1618,0,5.43,305.43,11504.76,11499.34,0.07267,0.002,0.01832,0.03019,0.06059,1.9267,0.0409,0.01428,0.00628,0.00928,0.01571,0.00221,0.00891,81,3,True
vm_00850,850,0,2.61,302.61,6670.69,6668.08,0.11141,0.002,0.02944,0.04554,0.0932,1.4596,0.035,0.00997,0.00197,0.00497,0.01096,0.00211,0.00477,200,3,True
vm_01311,1311,0,4.26,304.26,10509.38,10505.12,0.14623,0.03969,0.07774,0.03805,0.13101,1.6303,0.0128,0.01366,0.00566,0.00866,0.01503,0.00311,0.00832,295,3,True
vm_01111,1111,0,3.51,303.51,2955.31,2951.8,0.15921,0.02969,0.07594,0.04626,0.14071,1.9555,0.0421,0.00979,0.00179,0.00479,0.01077,0.00421,0.0046,36,3,True
vm_01599,1599,0,5.34,305.34,376.93,371.59,0.46442,0.13249,0.24313,0.11064,0.42016,1.0069,0.0298,0.01628,0.00428,0.00828,0.0171,0.00081,0.00812,133,2,True
vm_01002,1002,0,3.14,303.14,10196.29,10193.14,0.36072,0.03,0.09428,0.13322,0.30743,1.186,0.0162,0.02109,0.00909,0.01309,0.02214,0.00217,0.01282,113,2,True
vm_02049,2049,0,7.01,307.01,10847.09,10840.08,0.46619,0.09778,0.22058,0.1228,0.41707,1.3052,0.0227,0.01182,0.0005,0.00382,0.01242,0.00205,0.00375,268,2,True
vm_01331,1331,0,4.35,304.35,6303.73,6299.38,0.49342,0.10484,0.23436,0.12953,0.44161,0.9697,0.0201,0.009,0.0005,0.001,0.00945,0.00431,0.00098,166,2,True
vm_00164,164,0,0.52,300.52,329.9,329.38,0.0489,0.001,0.005,0.02439,0.04159,2.4406,0.038,0.04752,0.01252,0.02752,0.05227,0.01297,0.02614,39,1,True
vm_00716,716,0,2.22,302.22,382.37,380.16,0.10539,0.002,0.02842,0.04276,0.08829,1.9528,0.0134,0.01275,0.00475,0.00775,0.01403,0.00504,0.00744,223,3,True
vm_01115,1115,0,3.52,303.52,5970.1,5966.58,0.23121,0.07899,0.13335,0.05437,0.20946,1.9926,0.0355,0.0137,0.0057,0.0087,0.01507,0.00254,0.00835,155,3,True
vm_01566,1566,0,5.22,305.22,11226.03,11220.8,0.09904,0.002,0.01,0.04947,0.07925,1.4199,0.0352,0.01769,0.00969,0.01269,0.01946,0.00128,0.01218,298,3,True
vm_00415,415,0,1.3,301.3,536.63,535.33,0.10835,0.002,0.0142,0.0523,0.08742,1.8186,0.0349,0.01256,0.00456,0.00756,0.01381,0.00578,0.00725,116,3,True
vm_01363,1363,0,4.47,304.47,8937.96,8933.49,0.04206,0.001,0.00692,0.01952,0.03621,1.2063,0.0734,0.06575,0.03075,0.04575,0.07232,0.00986,0.04346,21,1,True
vm_00678,678,0,2.1,302.1,498.83,496.73,0.06065,0.00461,0.02703,0.01868,0.05505,2.1257,0.0689,0.04824,0.01324,0.02824,0.05306,0.00769,0.02682,65,1,True
vm_02098,2098,0,7.2,307.2,454.21,447.01,0.1716,0.00248,0.06288,0.0604,0.14744,1.666,0.0299,0.00833,0.0005,0.00333,0.00917,0.00443,0.0032,5,3,True
vm_01001,1001,0,3.14,303.14,430.23,427.09,0.15636,0.03058,0.0755,0.04492,0.13839,1.2207,0.0383,0.01143,0.00343,0.00643,0.01258,0.00556,0.00617,83,3,True
vm_02214,2214,0,7.66,307.66,13617.28,13609.62,0.12656,0.04327,0.07302,0.02975,0.11466,1.7628,0.0405,0.01603,0.00803,0.01103,0.01764,0.00219,0.01059,296,3,True
vm_00597,597,0,1.88,301.88,4107.88,4106.01,0.37369,0.03,0.08,0.14684,0.31495,0.7394,0.0156,0.01682,0.00482,0.00882,0.01766,0.00426,0.00864,78,2,True
vm_00544,544,0,1.7,301.7,6015.55,6013.86,0.05377,0.001,0.00944,0.02463,0.04638,1.3631,0.047,0.06302,0.02802,0.04302,0.06932,0.00692,0.04087,100,1,True
vm_00231,231,0,0.69,300.69,757.56,756.87,0.10359,0.002,0.01,0.052,0.08279,1.0904,0.0378,0.01668,0.00868,0.01168,0.01835,0.00562,0.01122,249,3,True
vm_00439,439,0,1.38,301.38,4240.08,4238.7,0.05877,0.001,0.01191,0.02603,0.05096,2.321,0.0408,0.04813,0.01313,0.02813,0.05294,0.01288,0.02672,16,1,True
vm_01668,1668,0,5.6,305.6,12323.52,12317.92,0.19996,0.05544,0.10705,0.05161,0.17931,1.9346,0.0429,0.01106,0.00306,0.00606,0.01217,0.00227,0.00582,264,3,True
vm_00728,728,0,2.25,302.25,4473.07,4470.82,0.31456,0.03,0.08,0.11728,0.26765,0.6994,0.0179,0.009,0.0005,0.001,0.00945,0.00339,0.00098,212,2,True
vm_00786,786,0,2.4,302.4,391.01,388.61,0.3681,0.03,0.13529,0.11641,0.32154,0.842,0.01,0.01088,0.0005,0.00288,0.01142,0.00086,0.00282,16,2,True
vm_00555,555,0,1.73,301.73,447.83,446.1,0.05049,0.001,0.01888,0.01756,0.04522,2.1983,0.0522,0.04441,0.00941,0.02441,0.04885,0.00397,0.02319,169,1,True
vm_00510,510,0,1.6,301.6,12484.41,12482.81,0.42602,0.07694,0.1933,0.11636,0.37948,0.628,0.0259,0.01764,0.00564,0.00964,0.01852,0.00294,0.00945,105,2,True
vm_00325,325,0,1.01,301.01,5645.06,5644.04,0.05004,0.001,0.0161,0.01886,0.04438,2.1958,0.0752,0.05199,0.01699,0.03199,0.05719,0.01405,0.03039,74,1,True
vm_00431,431,0,1.35,301.35,4379.45,4378.1,0.13247,0.02869,0.06575,0.03707,0.11764,1.0137,0.0263,0.01122,0.00322,0.00622,0.01235,0.00202,0.00598,143,3,True
vm_00375,375,0,1.17,301.17,319.59,318.42,0.71789,0.26541,0.41624,0.15083,0.65756,1.3568,0.0295,0.01719,0.00519,0.00919,0.01805,0.0045,0.009,276,2,True
vm_00528,528,0,1.64,301.64,6716.62,6714.98,0.05489,0.00988,0.02788,0.01501,0.05039,1.9672,0.0318,0.03649,0.005,0.01649,0.04014,0.01398,0.01566,233,1,True
vm_01269,1269,0,4.1,304.1,9433.38,9429.29,0.10116,0.002,0.01,0.05064,0.0809,1.9256,0.0122,0.01412,0.00612,0.00912,0.01554,0.00344,0.00876,252,3,True
vm_01273,1273,0,4.11,304.11,3494.54,3490.43,0.23554,0.12254,0.1629,0.04036,0.2194,1.3797,0.0152,0.01527,0.00727,0.01027,0.01679,0.00209,0.00986,50,3,True
vm_00298,298,0,0.94,300.94,530.54,529.6,0.29883,0.03,0.09476,0.10203,0.25801,0.5925,0.0111,0.01822,0.00622,0.01022,0.01913,0.00106,0.01001,128,2,True
vm_01264,1264,0,4.08,304.08,13985.96,13981.88,0.17819,0.02116,0.07724,0.05608,0.15575,1.6991,0.0337,0.00759,0.0005,0.00259,0.00835,0.00281,0.00249,10,3,True
vm_00240,240,0,0.71,300.71,6698.59,6697.87,0.46108,0.0398,0.18022,0.14043,0.40491,1.055,0.0262,0.02191,0.00991,0.01391,0.023,0.0046,0.01363,19,2,True
vm_00100,100,0,0.32,300.32,366.19,365.87,0.09791,0.04474,0.06601,0.01773,0.0926,1.6622,0.0287,0.06673,0.03173,0.04673,0.0734,0.00373,0.04439,217,1,True
vm_01832,1832,0,6.19,306.19,4345.21,4339.02,0.06166,0.001,0.01786,0.02433,0.05436,2.4857,0.0503,0.06524,0.03024,0.04524,0.07176,0.01465,0.04297,243,1,True
vm_00282,282,0,0.88,300.88,7116.34,7115.46,0.08135,0.00956,0.03828,0.02393,0.07418,1.7095,0.024,0.07124,0.03624,0.05124,0.07836,0.00902,0.04868,140,1,True
vm_00355,355,0,1.11,301.11,5952.35,5951.24,0.25615,0.03,0.08,0.08807,0.22092,0.571,0.0293,0.02034,0.00834,0.01234,0.02136,0.00471,0.01209,101,2,True
vm_00908,908,0,2.82,302.82,369.46,366.64,0.0947,0.002,0.01,0.04706,0.07588,1.0386,0.0157,0.01521,0.00721,0.01021,0.01673,0.00105,0.0098,182,3,True
vm_01592,1592,0,5.32,305.32,13129.87,13124.55,0.07446,0.03164,0.04877,0.01427,0.07018,1.9805,0.034,0.05955,0.02455,0.03955,0.0655,0.01179,0.03757,140,1,True
vm_01994,1994,0,6.8,306.8,604.35,597.54,0.1238,0.05801,0.08151,0.0235,0.11441,1.821,0.0193,0.01062,0.00262,0.00562,0.01168,0.0034,0.0054,10,3,True
vm_01338,1338,0,4.37,304.37,12745.62,12741.24,0.06342,0.00365,0.02756,0.01992,0.05744,1.4719,0.0674,0.06035,0.02535,0.04035,0.06639,0.00735,0.03834,26,1,True
vm_01104,1104,0,3.5,303.5,9255.92,9252.41,0.16799,0.053,0.09407,0.04107,0.15157,1.8069,0.0488,0.01881,0.01081,0.01381,0.02069,0.00169,0.01326,227,3,True
vm_01693,1693,0,5.68,305.68,736.67,730.98,0.05074,0.001,0.01669,0.01892,0.04506,1.7298,0.0459,0.06457,0.02957,0.04457,0.07103,0.00376,0.04234,75,1,True
vm_00648,648,0,2.0,302.0,12390.52,12388.53,0.0684,0.001,0.02528,0.02396,0.06122,1.2558,0.0529,0.05666,0.02166,0.03666,0.06232,0.0141,0.03482,7,1,True
vm_01172,1172,0,3.69,303.69,8672.67,8668.98,0.0852,0.002,0.01,0.04178,0.06849,1.9981,0.0378,0.01828,0.01028,0.01328,0.02011,0.00574,0.01275,203,3,True
vm_00125,125,0,0.41,300.41,3932.22,3931.81,0.09544,0.02037,0.0504,0.02502,0.08794,1.9941,0.0423,0.05092,0.01592,0.03092,0.05602,0.0143,0.02938,291,1,True
vm_01988,1988,0,6.77,306.77,9331.78,9325.01,0.42968,0.09902,0.20924,0.11022,0.38559,0.551,0.016,0.01548,0.00348,0.00748,0.01626,0.00409,0.00733,105,2,True
vm_00186,186,0,0.57,300.57,3974.38,3973.82,0.04628,0.0014,0.01935,0.01496,0.04179,2.4306,0.0605,0.0645,0.0295,0.0445,0.07095,0.00233,0.04228,113,1,True
vm_02269,2269,0,7.89,307.89,9658.24,9650.35,0.07106,0.01385,0.03674,0.01907,0.06534,2.464,0.0656,0.04935,0.01435,0.02935,0.05429,0.0055,0.02788,11,1,True
vm_01659,1659,0,5.58,305.58,12845.92,12840.34,0.04023,0.001,0.005,0.01957,0.03436,1.9751,0.0255,0.06507,0.03007,0.04507,0.07158,0.00928,0.04282,148,1,True
vm_01909,1909,0,6.42,306.42,4610.26,4603.84,0.1284,0.002,0.02089,0.05973,0.10451,1.7169,0.0429,0.01428,0.00628,0.00928,0.0157,0.00162,0.0089,9,3,True
vm_01902,1902,0,6.41,306.41,4180.2,4173.79,0.06789,0.001,0.02271,0.0251,0.06036,2.4469,0.0324,0.0494,0.0144,0.0294,0.05434,0.00752,0.02793,232,1,True
vm_00637,637,0,1.98,301.98,861.83,859.85,0.07112,0.02535,0.04365,0.01526,0.06654,1.5674,0.0757,0.0396,0.005,0.0196,0.04356,0.01377,0.01862,143,1,True
vm_00066,66,0,0.23,300.23,6197.14,6196.91,0.73282,0.28453,0.43396,0.14943,0.67305,1.1995,0.0095,0.01737,0.00537,0.00937,0.01824,0.00073,0.00918,168,2,True
vm_01209,1209,0,3.86,303.86,3120.24,3116.38,0.12276,0.002,0.03007,0.0515,0.10217,1.8596,0.0377,0.01075,0.00275,0.00575,0.01183,0.00187,0.00552,110,3,True
vm_00354,354,0,1.1,301.1,12013.98,12012.89,0.05521,0.001,0.01848,0.02041,0.04909,1.9403,0.0223,0.05697,0.02197,0.03697,0.06266,0.00325,0.03512,92,1,True
vm_01229,1229,0,3.93,303.93,10027.42,10023.49,0.12466,0.01458,0.0539,0.03931,0.10893,1.5587,0.0188,0.00906,0.00106,0.00406,0.00996,0.00311,0.0039,208,3,True
vm_01933,1933,0,6.53,306.53,13014.6,13008.07,0.07752,0.00673,0.03505,0.0236,0.07044,2.442,0.0266,0.06417,0.02917,0.04417,0.07058,0.00832,0.04196,55,1,True
vm_01162,1162,0,3.65,303.65,9343.22,9339.57,0.18282,0.0896,0.12289,0.03329,0.1695,1.6688,0.0481,0.01477,0.00677,0.00977,0.01625,0.0012,0.00938,113,3,True
vm_01533,1533,0,5.09,305.09,3872.61,3867.53,0.56055,0.14603,0.2842,0.13817,0.50528,0.5464,0.0152,0.01011,0.0005,0.00211,0.01062,0.00431,0.00207,197,2,True
vm_01076,1076,0,3.4,303.4,3215.85,3212.46,0.13016,0.00894,0.05223,0.04329,0.11284,1.2927,0.0153,0.01137,0.00337,0.00637,0.01251,0.00398,0.00611,20,3,True
vm_01133,1133,0,3.57,303.57,477.14,473.57,0.18197,0.04611,0.09464,0.04852,0.16256,1.1688,0.0463,0.01239,0.00439,0.00739,0.01363,0.00221,0.0071,86,3,True
vm_00050,50,0,0.17,300.17,753.58,753.41,0.10648,0.01971,0.05442,0.02892,0.09781,2.2045,0.0405,0.03808,0.005,0.01808,0.04189,0.01148,0.01718,103,1,True
vm_01256,1256,0,4.04,304.04,13069.35,13065.31,0.11582,0.00685,0.04577,0.03892,0.10026,1.0851,0.04,0.00812,0.0005,0.00312,0.00893,0.00124,0.00299,138,3,True
vm_00745,745,0,2.29,302.29,12250.54,12248.25,0.40033,0.03,0.13999,0.13017,0.34826,0.5983,0.0232,0.01136,0.0005,0.00336,0.01192,0.00111,0.00329,124,2,True
vm_01285,1285,0,4.16,304.16,713.07,708.91,0.1028,0.01815,0.04838,0.03023,0.0907,1.9146,0.0232,0.00919,0.00119,0.00419,0.0101,0.00305,0.00402,199,3,True
vm_00842,842,0,2.58,302.58,331.29,328.71,0.03536,0.001,0.005,0.01687,0.0303,1.2746,0.0465,0.06362,0.02862,0.04362,0.06998,0.01133,0.04144,87,1,True
vm_00220,220,0,0.66,300.66,368.67,368.0,0.07954,0.03719,0.05413,0.01412,0.07531,1.2679,0.0581,0.05031,0.01531,0.03031,0.05534,0.01013,0.02879,192,1,True
vm_01922,1922,0,6.47,306.47,378.8,372.33,0.05495,0.001,0.02114,0.01878,0.04932,1.874,0.0263,0.04458,0.00958,0.02458,0.04904,0.00203,0.02335,242,1,True
vm_00789,789,0,2.42,302.42,318.99,316.58,0.09867,0.002,0.01,0.04926,0.07897,1.8377,0.0322,0.01354,0.00554,0.00854,0.0149,0.00494,0.0082,24,3,True
vm_02091,2091,0,7.18,307.18,421.35,414.17,0.21042,0.08776,0.13156,0.04381,0.19289,1.3158,0.0358,0.01159,0.00359,0.00659,0.01275,0.00492,0.00632,252,3,True
vm_00024,24,0,0.1,300.1,336.81,336.71,0.09209,0.04575,0.06428,0.01545,0.08745,1.2082,0.049,0.09162,0.05662,0.07162,0.10079,0.00828,0.06804,151,1,True
vm_01818,1818,0,6.16,306.16,4978.51,4972.34,0.19122,0.05794,0.10554,0.0476,0.17218,1.0986,0.0493,0.0128,0.0048,0.0078,0.01408,0.00535,0.00749,156,3,True
vm_00213,213,0,0.65,300.65,11512.7,11512.05,0.73796,0.34114,0.47341,0.13227,0.68505,1.3671,0.0262,0.01439,0.00239,0.00639,0.01511,0.00225,0.00627,3,2,True
vm_02097,2097,0,7.2,307.2,455.96,448.75,0.16599,0.0695,0.10396,0.03446,0.15221,1.312,0.0327,0.01227,0.00427,0.00727,0.0135,0.00558,0.00698,2,3,True
vm_01565,1565,0,5.22,305.22,845.89,840.68,0.50178,0.08511,0.224,0.13889,0.44622,1.1208,0.0096,0.01279,0.00079,0.00479,0.01343,0.00273,0.00469,29,2,True
vm_00835,835,0,2.55,302.55,5174.59,5172.04,0.05005,0.001,0.01162,0.02135,0.04364,1.9386,0.0592,0.05348,0.01848,0.03348,0.05883,0.00307,0.03181,56,1,True
vm_02281,2281,0,7.95,307.95,8779.96,8772.01,0.05643,0.001,0.02133,0.0195,0.05058,2.1901,0.0503,0.04882,0.01382,0.02882,0.0537,0.01244,0.02738,45,1,True
vm_02155,2155,0,7.41,307.41,8801.54,8794.13,0.09837,0.002,0.01,0.04909,0.07873,1.6361,0.0174,0.01393,0.00593,0.00893,0.01532,0.00528,0.00857,169,3,True
vm_02194,2194,0,7.57,307.57,12651.63,12644.06,0.10375,0.002,0.01,0.05209,0.08292,1.7435,0.0383,0.01352,0.00552,0.00852,0.01487,0.00231,0.00818,86,3,True
vm_02082,2082,0,7.14,307.14,443.13,435.99,0.58027,0.21546,0.33707,0.1216,0.53163,0.7593,0.0281,0.01249,0.0005,0.00449,0.01311,0.00232,0.0044,279,2,True
vm_01609,1609,0,5.38,305.38,502.38,497.0,0.12372,0.002,0.02861,0.05284,0.10258,1.154,0.0215,0.01688,0.00888,0.01188,0.01857,0.00234,0.0114,188,3,True
vm_01794,1794,0,6.09,306.09,6022.95,6016.86,0.17061,0.04814,0.09188,0.04374,0.15311,1.0095,0.047,0.01755,0.00955,0.01255,0.01931,0.00388,0.01205,129,3,True
vm_00473,473,0,1.47,301.47,416.28,414.81,0.15725,0.07968,0.10739,0.0277,0.14617,1.0473,0.0348,0.0122,0.0042,0.0072,0.01342,0.00422,0.00691,254,3,True
vm_02222,2222,0,7.7,307.7,10375.04,10367.34,0.63656,0.28527,0.40236,0.1171,0.58972,1.3949,0.0081,0.02149,0.00949,0.01349,0.02257,0.00291,0.01322,157,2,True
vm_01388,1388,0,4.55,304.55,10959.88,10955.33,0.0866,0.00693,0.0388,0.02655,0.07863,2.4873,0.0708,0.06279,0.02779,0.04279,0.06906,0.00876,0.04065,260,1,True
vm_00846,846,0,2.6,302.6,365.89,363.28,0.02719,0.001,0.005,0.01233,0.0235,1.7276,0.027,0.05618,0.02118,0.03618,0.0618,0.00283,0.03437,76,1,True
vm_01827,1827,0,6.19,306.19,531.68,525.5,0.16426,0.002,0.04904,0.06401,0.13865,1.5729,0.0487,0.01645,0.00845,0.01145,0.01809,0.00459,0.01099,89,3,True
vm_00361,361,0,1.12,301.12,448.65,447.53,0.18391,0.05203,0.09913,0.0471,0.16507,1.1665,0.0206,0.01772,0.00972,0.01272,0.01949,0.0015,0.01221,180,3,True
vm_01691,1691,0,5.68,305.68,3894.01,3888.33,0.10044,0.002,0.01,0.05025,0.08034,1.6386,0.0493,0.01507,0.00707,0.01007,0.01658,0.00428,0.00967,177,3,True
vm_00352,352,0,1.09,301.09,14354.7,14353.61,0.05735,0.001,0.02012,0.02069,0.05115,1.5553,0.0417,0.05978,0.02478,0.03978,0.06575,0.00213,0.03779,83,1,True
vm_01386,1386,0,4.55,304.55,4404.12,4399.57,0.1105,0.002,0.03541,0.04172,0.09381,1.1219,0.0352,0.01742,0.00942,0.01242,0.01916,0.00263,0.01192,119,3,True
vm_01948,1948,0,6.6,306.6,12384.53,12377.92,0.08081,0.0159,0.04187,0.02163,0.07432,2.1655,0.0637,0.06056,0.02556,0.04056,0.06661,0.00471,0.03853,32,1,True
vm_00211,211,0,0.64,300.64,6746.56,6745.92,0.16387,0.00368,0.06089,0.05721,0.14098,1.1032,0.0206,0.01956,0.01156,0.01456,0.02152,0.00505,0.01398,4,3,True
vm_00858,858,0,2.63,302.63,8034.93,8032.3,0.07251,0.01299,0.0368,0.01984,0.06655,1.9686,0.0774,0.06384,0.02884,0.04384,0.07023,0.0048,0.04165,57,1,True
vm_02176,2176,0,7.48,307.48,1837.51,1830.04,0.10471,0.002,0.01,0.05262,0.08366,1.6896,0.0287,0.01315,0.00515,0.00815,0.01447,0.00134,0.00783,130,3,True
vm_01129,1129,0,3.56,303.56,8212.53,8208.98,0.04398,0.001,0.00671,0.0207,0.03777,1.3756,0.0751,0.07052,0.03552,0.05052,0.07757,0.01034,0.04799,166,1,True
vm_00300,300,0,0.94,300.94,693.47,692.53,0.14834,0.03256,0.07391,0.04135,0.1318,1.1617,0.0144,0.0117,0.0037,0.0067,0.01287,0.00433,0.00643,67,3,True
vm_00307,307,0,0.96,300.96,8091.92,8090.96,0.07919,0.00653,0.03559,0.02422,0.07192,1.7725,0.0769,0.06313,0.02813,0.04313,0.06944,0.01449,0.04097,156,1,True
vm_01310,1310,0,4.24,304.24,6816.25,6812.01,0.64886,0.20755,0.35466,0.1471,0.59002,0.6623,0.0185,0.01777,0.00577,0.00977,0.01866,0.00157,0.00958,165,2,True
vm_01606,1606,0,5.38,305.38,8006.12,8000.74,0.09621,0.00161,0.03945,0.03153,0.08675,1.4591,0.0378,0.05849,0.02349,0.03849,0.06434,0.00778,0.03656,98,1,True
vm_00638,638,0,1.98,301.98,12431.87,12429.89,0.14161,0.01803,0.06217,0.04413,0.12396,1.073,0.0468,0.0128,0.0048,0.0078,0.01408,0.00327,0.00749,62,3,True
vm_00119,119,0,0.38,300.38,10380.21,10379.82,0.06333,0.01294,0.03309,0.0168,0.05829,2.159,0.0215,0.05903,0.02403,0.03903,0.06493,0.01397,0.03708,55,1,True
vm_00221,221,0,0.67,300.67,3137.79,3137.12,0.111,0.00944,0.04571,0.03627,0.09649,1.0112,0.037,0.01375,0.00575,0.00875,0.01512,0.00525,0.0084,138,3,True
vm_02123,2123,0,7.3,307.3,13844.85,13837.55,0.15517,0.002,0.04762,0.05975,0.13127,1.6148,0.0316,0.00999,0.00199,0.00499,0.01099,0.001,0.00479,96,3,True
vm_01302,1302,0,4.22,304.22,412.58,408.36,0.48576,0.05494,0.19855,0.14361,0.42832,0.6663,0.0119,0.009,0.0005,0.001,0.00945,0.00218,0.00098,180,2,True
vm_02015,2015,0,6.87,306.87,2894.67,2887.8,0.05348,0.02953,0.03911,0.00798,0.05109,2.2028,0.0476,0.07716,0.04216,0.05716,0.08487,0.00696,0.0543,50,1,True
vm_00238,238,0,0.7,300.7,6192.01,6191.31,0.58072,0.21188,0.33483,0.12294,0.53154,0.5631,0.0186,0.02505,0.01305,0.01705,0.0263,0.00074,0.0167,261,2,True
vm_02053,2053,0,7.02,307.02,334.64,327.61,0.15666,0.10535,0.12368,0.01832,0.14933,1.8695,0.0115,0.01009,0.00209,0.00509,0.0111,0.00399,0.00489,97,3,True
vm_01878,1878,0,6.33,306.33,8776.24,8769.9,0.04902,0.001,0.005,0.02446,0.04169,1.7712,0.0683,0.04411,0.00911,0.02411,0.04852,0.00883,0.0229,138,1,True
vm_00556,556,0,1.73,301.73,631.45,629.72,0.61458,0.19443,0.33448,0.14005,0.55856,1.3228,0.0053,0.01647,0.00447,0.00847,0.01729,0.00098,0.0083,256,2,True
vm_01112,1112,0,3.51,303.51,836.02,832.5,0.05634,0.001,0.01374,0.02367,0.04924,2.285,0.0785,0.06111,0.02611,0.04111,0.06722,0.01155,0.03905,152,1,True
vm_01259,1259,0,4.06,304.06,14075.94,14071.88,0.12578,0.002,0.03511,0.05037,0.10563,1.073,0.0386,0.01068,0.00268,0.00568,0.01175,0.00304,0.00545,167,3,True
vm_00927,927,0,2.87,302.87,2053.31,2050.44,0.18554,0.07606,0.11516,0.0391,0.1699,1.5566,0.0142,0.02031,0.01231,0.01531,0.02234,0.00253,0.0147,97,3,True
vm_00603,603,0,1.89,301.89,8613.08,8611.18,0.0697,0.01251,0.03538,0.01906,0.06398,1.6257,0.0661,0.04835,0.01335,0.02835,0.05318,0.00342,0.02693,250,1,True
vm_00479,479,0,1.5,301.5,414.35,412.85,0.05259,0.001,0.01885,0.01874,0.04697,1.7901,0.0314,0.066,0.031,0.046,0.0726,0.00489,0.0437,147,1,True
vm_01546,1546,0,5.14,305.14,738.04,732.9,0.58529,0.17967,0.31488,0.13521,0.53121,1.125,0.0099,0.01645,0.00445,0.00845,0.01727,0.00104,0.00828,189,2,True
vm_00904,904,0,2.8,302.8,872.08,869.28,0.14714,0.05145,0.08562,0.03418,0.13347,1.6747,0.0174,0.01439,0.00639,0.00939,0.01583,0.00106,0.00901,36,3,True
vm_00890,890,0,2.75,302.75,537.94,535.19,0.0677,0.001,0.02157,0.02563,0.06001,1.4273,0.0654,0.0538,0.0188,0.0338,0.05918,0.00801,0.03211,276,1,True
vm_00496,496,0,1.56,301.56,9473.09,9471.53,0.53242,0.17421,0.29362,0.1194,0.48466,1.17,0.0182,0.01542,0.00342,0.00742,0.01619,0.00249,0.00727,163,2,True
vm_00014,14,0,0.04,300.04,11722.63,11722.59,0.12156,0.002,0.03193,0.04979,0.10164,1.9375,0.0331,0.01581,0.00781,0.01081,0.01739,0.00383,0.01038,174,3,True
vm_00362,362,0,1.12,301.12,820.23,819.1,0.09277,0.002,0.01,0.04599,0.07438,1.0986,0.0214,0.01306,0.00506,0.00806,0.01437,0.00153,0.00774,63,3,True
vm_01612,1612,0,5.39,305.39,8877.66,8872.27,0.15091,0.002,0.04552,0.05855,0.12749,1.0812,0.0386,0.01537,0.00737,0.01037,0.01691,0.00166,0.00996,188,3,True
vm_00297,297,0,0.93,300.93,607.83,606.9,0.38934,0.0954,0.19338,0.09798,0.35015,0.7407,0.017,0.01532,0.00332,0.00732,0.01609,0.00425,0.00718,61,2,True
vm_01171,1171,0,3.69,303.69,13738.17,13734.48,0.45986,0.15397,0.25593,0.10196,0.41907,0.814,0.024,0.01242,0.0005,0.00442,0.01304,0.00211,0.00433,19,2,True
vm_00737,737,0,2.28,302.28,12956.46,12954.18,0.18738,0.01629,0.07739,0.0611,0.16294,1.2269,0.0453,0.01337,0.00537,0.00837,0.01471,0.00357,0.00804,232,3,True
vm_01755,1755,0,5.93,305.93,12549.34,12543.41,0.11399,0.002,0.01,0.05777,0.09088,1.7168,0.0268,0.01702,0.00902,0.01202,0.01872,0.00583,0.01154,9,3,True
vm_00410,410,0,1.29,301.29,629.77,628.47,0.1769,0.02084,0.07657,0.05573,0.1546,1.7767,0.0117,0.01861,0.01061,0.01361,0.02047,0.00121,0.01307,298,3,True
vm_01341,1341,0,4.39,304.39,833.66,829.26,0.15732,0.04006,0.08194,0.04188,0.14057,1.4171,0.0154,0.0165,0.0085,0.0115,0.01815,0.00213,0.01104,63,3,True
vm_01947,1947,0,6.59,306.59,9196.87,9190.27,0.08595,0.02989,0.05232,0.01868,0.08034,2.2328,0.023,0.05605,0.02105,0.03605,0.06165,0.00685,0.03425,207,1,True
vm_01561,1561,0,5.19,305.19,7916.68,7911.49,0.16188,0.01061,0.06464,0.05402,0.14027,1.8233,0.0232,0.01564,0.00764,0.01064,0.0172,0.00369,0.01021,18,3,True
vm_00388,388,0,1.22,301.22,11081.79,11080.57,0.09547,0.002,0.02452,0.03942,0.07971,1.4969,0.0336,0.01113,0.00313,0.00613,0.01225,0.00487,0.00589,203,3,True
vm_01779,1779,0,6.02,306.02,8689.09,8683.07,0.03879,0.001,0.00594,0.01825,0.03332,1.5322,0.0667,0.06166,0.02666,0.04166,0.06782,0.00284,0.03957,5,1,True
vm_01777,1777,0,6.01,306.01,6724.8,6718.79,0.0459,0.001,0.01374,0.01786,0.04054,2.3385,0.0671,0.04904,0.01404,0.02904,0.05394,0.00887,0.02758,218,1,True
vm_01874,1874,0,6.32,306.32,13241.0,13234.68,0.11145,0.002,0.0362,0.0418,0.09473,1.0976,0.0155,0.00967,0.00167,0.00467,0.01064,0.00228,0.00449,45,3,True
vm_02253,2253,0,7.84,307.84,382.09,374.25,0.14398,0.01132,0.0587,0.04738,0.12503,1.7871,0.0435,0.0152,0.0072,0.0102,0.01673,0.00224,0.0098,230,3,True
vm_00383,383,0,1.2,301.2,4091.84,4090.64,0.4496,0.14214,0.24463,0.10249,0.4086,1.3395,0.0064,0.01449,0.00249,0.00649,0.01522,0.00103,0.00636,100,2,True
vm_00880,880,0,2.71,302.71,12786.82,12784.1,0.19415,0.04247,0.09664,0.05417,0.17248,1.4441,0.0461,0.01367,0.00567,0.00867,0.01504,0.00484,0.00833,69,3,True
vm_01345,1345,0,4.41,304.41,629.81,625.4,0.1027,0.01483,0.04998,0.02929,0.09392,2.0721,0.0771,0.05836,0.02336,0.03836,0.0642,0.01227,0.03644,47,1,True
vm_01616,1616,0,5.42,305.42,609.98,604.57,0.58258,0.23065,0.34796,0.11731,0.53566,1.2594,0.0244,0.01493,0.00293,0.00693,0.01568,0.00469,0.0068,162,2,True
vm_01101,1101,0,3.49,303.49,7358.86,7355.37,0.70505,0.32872,0.45416,0.12544,0.65487,1.1237,0.0079,0.01867,0.00667,0.01067,0.01961,0.00284,0.01046,4,2,True
vm_01624,1624,0,5.46,305.46,428.18,422.72,0.0711,0.00843,0.0335,0.02089,0.06483,1.7666,0.0355,0.05778,0.02278,0.03778,0.06355,0.00828,0.03589,279,1,True
vm_01809,1809,0,6.14,306.14,6631.7,6625.56,0.15068,0.03863,0.07864,0.04002,0.13467,1.1539,0.0177,0.02224,0.01424,0.01724,0.02446,0.00145,0.01655,270,3,True
vm_00178,178,0,0.55,300.55,7052.55,7051.99,0.03375,0.001,0.005,0.01597,0.02896,1.9125,0.0554,0.07708,0.04208,0.05708,0.08479,0.00474,0.05423,171,1,True
vm_01103,1103,0,3.5,303.5,5209.09,5205.59,0.08697,0.01585,0.0443,0.02371,0.07986,1.5564,0.0606,0.05444,0.01944,0.03444,0.05989,0.01399,0.03272,106,1,True
vm_01934,1934,0,6.54,306.54,11092.8,11086.26,0.07404,0.001,0.02941,0.0248,0.0666,1.766,0.0716,0.04651,0.01151,0.02651,0.05116,0.00561,0.02518,7,1,True
vm_00204,204,0,0.63,300.63,4047.97,4047.34,0.05781,0.03085,0.04163,0.00898,0.05511,2.3351,0.078,0.04419,0.00919,0.02419,0.04861,0.00457,0.02298,2,1,True
vm_01914,1914,0,6.43,306.43,3803.4,3796.96,0.07442,0.002,0.01,0.03579,0.0601,1.1145,0.0284,0.01756,0.00956,0.01256,0.01931,0.00202,0.01206,163,3,True
vm_01018,1018,0,3.2,303.2,5163.31,5160.11,0.08381,0.001,0.03298,0.02824,0.07533,1.352,0.0776,0.05234,0.01734,0.03234,0.05757,0.0016,0.03072,109,1,True
vm_00818,818,0,2.49,302.49,592.43,589.93,0.04827,0.01282,0.027,0.01181,0.04472,1.4714,0.0768,0.04235,0.00735,0.02235,0.04659,0.00105,0.02124,172,1,True
vm_01369,1369,0,4.49,304.49,9768.5,9764.01,0.53599,0.13744,0.27029,0.13285,0.48285,1.086,0.009,0.01493,0.00293,0.00693,0.01567,0.00363,0.00679,17,2,True
vm_00801,801,0,2.44,302.44,4451.88,4449.45,0.08825,0.001,0.03559,0.02926,0.07947,1.2773,0.0526,0.05873,0.02373,0.03873,0.0646,0.0083,0.03679,20,1,True
vm_01997,1997,0,6.81,306.81,524.35,517.53,0.03073,0.001,0.005,0.01429,0.02644,1.5484,0.0377,0.05887,0.02387,0.03887,0.06475,0.01225,0.03692,13,1,True
vm_00009,9,0,0.03,300.03,700.46,700.43,0.16709,0.01677,0.07046,0.05369,0.14562,1.1162,0.012,0.01103,0.00303,0.00603,0.01213,0.00472,0.00579,38,3,True
vm_00317,317,0,1.0,301.0,3447.86,3446.86,0.04381,0.001,0.01356,0.01681,0.03877,1.9937,0.0287,0.0589,0.0239,0.0389,0.06479,0.00345,0.03695,46,1,True
vm_01944,1944,0,6.56,306.56,391.89,385.33,0.09412,0.002,0.01,0.04673,0.07543,1.6862,0.0225,0.00933,0.00133,0.00433,0.01026,0.00204,0.00416,113,3,True
vm_00428,428,0,1.33,301.33,8610.65,8609.32,0.08917,0.002,0.01,0.04398,0.07158,1.567,0.0454,0.01576,0.00776,0.01076,0.01733,0.00247,0.01032,202,3,True
vm_00106,106,0,0.35,300.35,12737.07,12736.72,0.3995,0.03,0.13353,0.13299,0.34631,1.3122,0.0128,0.01819,0.00619,0.01019,0.0191,0.0046,0.00998,274,2,True
vm_01242,1242,0,3.98,303.98,351.02,347.05,0.09115,0.002,0.01,0.04508,0.07311,1.5132,0.0415,0.01578,0.00778,0.01078,0.01736,0.00442,0.01035,110,3,True
vm_00122,122,0,0.4,300.4,8198.14,8197.74,0.40535,0.0886,0.19418,0.10558,0.36311,1.3845,0.0221,0.02001,0.00801,0.01201,0.02101,0.00218,0.01177,229,2,True
vm_01291,1291,0,4.18,304.18,1907.24,1903.05,0.05227,0.001,0.00599,0.02571,0.04456,1.93,0.0666,0.08651,0.05151,0.06651,0.09516,0.01253,0.06318,244,1,True
vm_01322,1322,0,4.3,304.3,10602.41,10598.11,0.11285,0.002,0.03884,0.04111,0.0964,1.8113,0.0463,0.01932,0.01132,0.01432,0.02125,0.0058,0.01375,118,3,True
vm_01872,1872,0,6.31,306.31,10604.59,10598.28,0.0604,0.001,0.01555,0.02492,0.05292,2.3,0.0605,0.05631,0.02131,0.03631,0.06194,0.00852,0.03449,217,1,True
vm_01476,1476,0,4.86,304.86,8012.55,8007.69,0.17776,0.06356,0.10434,0.04079,0.16144,1.142,0.0336,0.01429,0.00629,0.00929,0.01572,0.00319,0.00892,180,3,True
vm_00116,116,0,0.38,300.38,8019.09,8018.71,0.06853,0.00909,0.03286,0.01981,0.06258,2.1244,0.0738,0.05769,0.02269,0.03769,0.06346,0.00233,0.03581,25,1,True
vm_01360,1360,0,4.46,304.46,8545.37,8540.91,0.15826,0.06801,0.10024,0.03223,0.14537,1.1957,0.0209,0.01662,0.00862,0.01162,0.01828,0.00232,0.01115,53,3,True
vm_02143,2143,0,7.37,307.37,8911.15,8903.78,0.1942,0.09347,0.12944,0.03597,0.17981,1.8117,0.0128,0.01682,0.00882,0.01182,0.01851,0.00275,0.01135,167,3,True
vm_00631,631,0,1.96,301.96,4509.22,4507.26,0.09281,0.00719,0.04144,0.02854,0.08425,1.8116,0.062,0.06669,0.03169,0.04669,0.07336,0.00522,0.04436,184,1,True
vm_02186,2186,0,7.52,307.52,716.67,709.15,0.10496,0.01168,0.04499,0.03332,0.09164,1.5504,0.0425,0.01552,0.00752,0.01052,0.01707,0.00275,0.0101,98,3,True
vm_00875,875,0,2.69,302.69,12931.04,12928.35,0.41948,0.06305,0.18186,0.11881,0.37196,1.3222,0.0175,0.0203,0.0083,0.0123,0.02131,0.00236,0.01205,111,2,True
vm_02150,2150,0,7.39,307.39,419.45,412.06,0.04136,0.001,0.00984,0.01751,0.03611,1.7324,0.0322,0.05882,0.02382,0.03882,0.0647,0.00127,0.03688,103,1,True
vm_01390,1390,0,4.56,304.56,568.13,563.58,0.44193,0.14424,0.24347,0.09923,0.40224,0.5508,0.0294,0.02412,0.01212,0.01612,0.02532,0.00241,0.01579,123,2,True
vm_01290,1290,0,4.18,304.18,690.4,686.23,0.02906,0.001,0.005,0.01337,0.02505,1.5677,0.0571,0.05677,0.02177,0.03677,0.06245,0.01116,0.03493,239,1,True
vm_02003,2003,0,6.84,306.84,9417.33,9410.5,0.20077,0.05386,0.10633,0.05247,0.17979,1.6632,0.046,0.01512,0.00712,0.01012,0.01664,0.00412,0.00972,123,3,True
vm_00088,88,0,0.29,300.29,692.3,692.01,0.13011,0.0423,0.07366,0.03136,0.11757,1.5018,0.0194,0.00891,0.00091,0.00391,0.0098,0.0032,0.00375,170,3,True
vm_01404,1404,0,4.64,304.64,4475.89,4471.25,0.09266,0.002,0.01981,0.04047,0.07647,1.1957,0.0474,0.01707,0.00907,0.01207,0.01877,0.00191,0.01159,78,3,True
vm_02217,2217,0,7.67,307.67,12868.22,12860.56,0.06444,0.015,0.03478,0.01648,0.0595,1.9644,0.0646,0.05218,0.01718,0.03218,0.0574,0.01121,0.03057,155,1,True
vm_01579,1579,0,5.26,305.26,5074.64,5069.37,0.11959,0.002,0.03984,0.0443,0.10187,1.3647,0.0212,0.01288,0.00488,0.00788,0.01417,0.002,0.00756,1,3,True
vm_00917,917,0,2.85,302.85,683.92,681.08,0.11556,0.002,0.0219,0.05203,0.09475,1.4112,0.0329,0.01759,0.00959,0.01259,0.01935,0.00121,0.01208,293,3,True
vm_01059,1059,0,3.34,303.34,2304.56,2301.22,0.33451,0.03,0.08,0.12725,0.28361,1.3622,0.0296,0.01514,0.00314,0.00714,0.0159,0.00123,0.007,72,2,True
vm_00773,773,0,2.38,302.38,10569.31,10566.94,0.44827,0.03967,0.17587,0.1362,0.39379,0.9846,0.0054,0.01736,0.00536,0.00936,0.01823,0.00263,0.00917,4,2,True
vm_01462,1462,0,4.83,304.83,13485.94,13481.11,0.12393,0.00446,0.04713,0.04267,0.10687,1.8568,0.0325,0.01641,0.00841,0.01141,0.01805,0.00162,0.01095,31,3,True
vm_00495,495,0,1.56,301.56,11939.81,11938.26,0.1959,0.08551,0.12493,0.03943,0.18013,1.0746,0.0296,0.01041,0.00241,0.00541,0.01145,0.00162,0.00519,217,3,True
vm_00760,760,0,2.35,302.35,1986.7,1984.35,0.52374,0.19835,0.30681,0.10846,0.48035,1.1893,0.0131,0.01161,0.0005,0.00361,0.01219,0.00158,0.00354,23,2,True
vm_02077,2077,0,7.13,307.13,818.23,811.1,0.42015,0.04144,0.16768,0.12623,0.36965,1.1198,0.0267,0.02125,0.00925,0.01325,0.02232,0.00218,0.01299,217,2,True
vm_01289,1289,0,4.17,304.17,2432.37,2428.19,0.07725,0.001,0.03121,0.02558,0.06958,2.2455,0.0568,0.07024,0.03524,0.05024,0.07727,0.00383,0.04773,286,1,True
vm_00979,979,0,3.06,303.06,308.55,305.49,0.10879,0.002,0.02128,0.04861,0.08934,1.7468,0.035,0.01146,0.00346,0.00646,0.0126,0.00176,0.0062,2,3,True
vm_00072,72,0,0.25,300.25,3267.08,3266.83,0.05266,0.001,0.005,0.02648,0.04472,1.3122,0.0524,0.05504,0.02004,0.03504,0.06054,0.01302,0.03328,89,1,True
vm_00064,64,0,0.23,300.23,830.53,830.3,0.20499,0.07572,0.12189,0.04617,0.18653,1.512,0.0342,0.0098,0.0018,0.0048,0.01078,0.0025,0.00461,269,3,True
vm_01304,1304,0,4.22,304.22,12107.58,12103.36,0.39866,0.03,0.08,0.15933,0.33493,0.7255,0.0283,0.0163,0.0043,0.0083,0.01711,0.00089,0.00813,191,2,True
vm_01926,1926,0,6.49,306.49,824.87,818.39,0.12484,0.02996,0.06385,0.03388,0.11129,1.5297,0.0424,0.01233,0.00433,0.00733,0.01356,0.00264,0.00704,119,3,True
vm_01405,1405,0,4.64,304.64,3776.53,3771.89,0.12256,0.002,0.02245,0.05561,0.10031,1.8629,0.0241,0.01318,0.00518,0.00818,0.01449,0.00343,0.00785,159,3,True
vm_01897,1897,0,6.4,306.4,439.37,432.97,0.32852,0.03,0.09213,0.11819,0.28124,1.2236,0.0065,0.01357,0.00157,0.00557,0.01425,0.00098,0.00546,120,2,True
vm_01651,1651,0,5.56,305.56,4109.02,4103.45,0.04203,0.001,0.005,0.02057,0.03586,1.9228,0.0419,0.05189,0.01689,0.03189,0.05708,0.00612,0.03029,209,1,True
vm_00720,720,0,2.23,302.23,6039.31,6037.07,0.06608,0.00353,0.02855,0.02085,0.05982,1.3068,0.0686,0.05542,0.02042,0.03542,0.06096,0.00224,0.03365,144,1,True
vm_01270,1270,0,4.1,304.1,5786.08,5781.98,0.09723,0.002,0.01,0.04846,0.07785,1.5102,0.0341,0.01526,0.00726,0.01026,0.01679,0.00375,0.00985,48,3,True
vm_01044,1044,0,3.29,303.29,13285.69,13282.4,0.07543,0.01412,0.03865,0.02044,0.0693,2.3103,0.0598,0.06027,0.02527,0.04027,0.0663,0.01053,0.03826,147,1,True
vm_00643,643,0,1.99,301.99,556.02,554.03,0.19315,0.05516,0.10444,0.04928,0.17343,1.9517,0.0136,0.01003,0.00203,0.00503,0.01103,0.00271,0.00483,23,3,True
vm_00206,206,0,0.63,300.63,555.58,554.95,0.06133,0.001,0.02364,0.02094,0.05505,2.4752,0.0704,0.06056,0.02556,0.04056,0.06662,0.00724,0.03853,222,1,True
vm_02280,2280,0,7.94,307.94,2970.68,2962.74,0.39909,0.03,0.11355,0.14277,0.34198,0.5368,0.0124,0.01829,0.00629,0.01029,0.01921,0.00196,0.01009,4,2,True
vm_00582,582,0,1.81,301.81,8083.66,8081.85,0.15636,0.05653,0.09218,0.03565,0.1421,1.0456,0.0237,0.02131,0.01331,0.01631,0.02344,0.00112,0.01566,56,3,True
vm_01180,1180,0,3.73,303.73,2664.94,2661.22,0.0947,0.002,0.02182,0.04049,0.0785,1.7643,0.0176,0.01472,0.00672,0.00972,0.0162,0.00209,0.00934,91,3,True
vm_01011,1011,0,3.17,303.17,3291.59,3288.42,0.27878,0.03,0.08,0.09939,0.23902,1.1451,0.0233,0.01586,0.00386,0.00786,0.01666,0.00306,0.00771,195,2,True
vm_00536,536,0,1.66,301.66,11543.36,11541.7,0.07116,0.00422,0.031,0.02231,0.06446,2.4499,0.0316,0.05147,0.01647,0.03147,0.05662,0.01373,0.0299,14,1,True
vm_00808,808,0,2.45,302.45,13892.09,13889.63,0.17935,0.02189,0.07813,0.05623,0.15686,1.0523,0.0292,0.01275,0.00475,0.00775,0.01402,0.00272,0.00744,125,3,True
vm_02142,2142,0,7.36,307.36,9141.0,9133.63,0.04776,0.00188,0.02023,0.01529,0.04317,1.3972,0.0438,0.06365,0.02865,0.04365,0.07001,0.00585,0.04147,39,1,True
vm_00199,199,0,0.61,300.61,4187.43,4186.82,0.08059,0.01709,0.04249,0.02117,0.07424,2.4246,0.0477,0.0493,0.0143,0.0293,0.05423,0.00684,0.02783,152,1,True
vm_00562,562,0,1.76,301.76,3286.4,3284.64,0.12205,0.01118,0.05077,0.0396,0.10621,1.8106,0.04,0.01788,0.00988,0.01288,0.01967,0.00409,0.01237,293,3,True
vm_01176,1176,0,3.71,303.71,782.08,778.37,0.10939,0.002,0.01616,0.05179,0.08867,1.6231,0.0139,0.01071,0.00271,0.00571,0.01178,0.00426,0.00548,173,3,True
vm_00520,520,0,1.63,301.63,10910.46,10908.84,0.13927,0.08525,0.10454,0.0193,0.13155,1.6922,0.0489,0.01619,0.00819,0.01119,0.01781,0.00095,0.01074,100,3,True
vm_00309,309,0,0.98,300.98,11512.9,11511.92,0.08055,0.01685,0.04233,0.02123,0.07418,1.6273,0.0351,0.07101,0.03601,0.05101,0.07811,0.00817,0.04846,161,1,True
vm_02026,2026,0,6.93,306.93,10029.31,10022.39,0.07379,0.001,0.02785,0.02552,0.06613,1.4992,0.0615,0.05689,0.02189,0.03689,0.06258,0.00766,0.03504,217,1,True
vm_00060,60,0,0.22,300.22,13049.71,13049.49,0.3804,0.03,0.08,0.1502,0.32032,0.9456,0.0231,0.01453,0.00253,0.00653,0.01525,0.00444,0.00639,72,2,True
vm_02243,2243,0,7.78,307.78,3497.68,3489.9,0.04957,0.001,0.0145,0.01948,0.04372,2.2245,0.0544,0.04188,0.00688,0.02188,0.04607,0.01023,0.02079,65,1,True
vm_00208,208,0,0.64,300.64,8579.54,8578.9,0.13403,0.03311,0.06915,0.03604,0.11961,1.6131,0.0241,0.00988,0.00188,0.00488,0.01087,0.0036,0.00468,24,3,True
vm_01690,1690,0,5.68,305.68,776.28,770.6,0.13455,0.00405,0.05066,0.04661,0.11591,1.3439,0.0185,0.01317,0.00517,0.00817,0.01449,0.00353,0.00784,296,3,True
vm_00600,600,0,1.89,301.89,13156.0,13154.11,0.08078,0.001,0.02683,0.02997,0.07178,1.8015,0.0385,0.05958,0.02458,0.03958,0.06554,0.00331,0.03761,154,1,True
vm_01685,1685,0,5.67,305.67,465.82,460.15,0.15625,0.05578,0.09166,0.03588,0.1419,1.1226,0.0218,0.01302,0.00502,0.00802,0.01432,0.00264,0.0077,201,3,True
vm_00163,163,0,0.52,300.52,882.61,882.09,0.11288,0.04262,0.07073,0.02342,0.10586,2.1241,0.0206,0.06952,0.03452,0.04952,0.07647,0.00148,0.04704,268,1,True
vm_01090,1090,0,3.45,303.45,8522.83,8519.39,0.07339,0.00246,0.03083,0.02364,0.06629,2.1934,0.0463,0.0612,0.0262,0.0412,0.06732,0.00768,0.03914,126,1,True
vm_00916,916,0,2.83,302.83,10570.03,10567.2,0.5089,0.16307,0.27835,0.11528,0.46279,1.0128,0.014,0.01817,0.00617,0.01017,0.01908,0.00483,0.00997,12,2,True
vm_00730,730,0,2.26,302.26,5353.0,5350.75,0.31528,0.04099,0.13242,0.09143,0.2787,1.1084,0.0186,0.02041,0.00841,0.01241,0.02143,0.00468,0.01216,179,2,True
vm_00257,257,0,0.78,300.78,2738.24,2737.47,0.11223,0.01199,0.04779,0.0358,0.09791,1.6795,0.0161,0.01794,0.00994,0.01294,0.01973,0.00198,0.01242,180,3,True
vm_00943,943,0,2.93,302.93,10237.04,10234.1,0.45615,0.03,0.16096,0.14759,0.39711,1.0249,0.0102,0.01658,0.00458,0.00858,0.01741,0.0048,0.00841,178,2,True
vm_01638,1638,0,5.51,305.51,860.88,855.37,0.16078,0.002,0.04874,0.06224,0.13588,1.7133,0.0452,0.0211,0.0131,0.0161,0.02321,0.00401,0.01546,124,3,True
vm_01856,1856,0,6.26,306.26,3817.33,3811.07,0.11828,0.002,0.03372,0.04698,0.09949,1.3294,0.0494,0.01352,0.00552,0.00852,0.01487,0.00104,0.00818,211,3,True
vm_01744,1744,0,5.89,305.89,11677.29,11671.4,0.04715,0.001,0.01634,0.01712,0.04202,2.27,0.0303,0.05607,0.02107,0.03607,0.06167,0.00164,0.03426,44,1,True
vm_01670,1670,0,5.61,305.61,5862.08,5856.47,0.18983,0.04296,0.09541,0.05245,0.16885,1.5415,0.0413,0.01512,0.00712,0.01012,0.01663,0.00112,0.00971,36,3,True
vm_00021,21,0,0.08,300.08,3995.02,3994.95,0.19043,0.04975,0.09999,0.05024,0.17033,1.5695,0.0308,0.01176,0.00376,0.00676,0.01293,0.001,0.00649,51,3,True
vm_01274,1274,0,4.11,304.11,6518.41,6514.3,0.67146,0.26819,0.40261,0.13442,0.61769,0.5279,0.0221,0.02321,0.01121,0.01521,0.02437,0.00142,0.0149,174,2,True
vm_00382,382,0,1.2,301.2,698.52,697.33,0.08905,0.01937,0.04724,0.02323,0.08208,1.6464,0.0562,0.05843,0.02343,0.03843,0.06428,0.0115,0.03651,177,1,True
vm_00539,539,0,1.68,301.68,577.93,576.25,0.21764,0.0515,0.11083,0.05934,0.19391,1.0118,0.0224,0.01598,0.00798,0.01098,0.01757,0.00533,0.01054,281,3,True
vm_00611,611,0,1.93,301.93,765.24,763.31,0.13403,0.02228,0.06219,0.03991,0.11807,1.6005,0.0157,0.01132,0.00332,0.00632,0.01245,0.00141,0.00607,20,3,True
vm_01392,1392,0,4.56,304.56,444.08,439.52,0.39406,0.09249,0.19301,0.10053,0.35385,0.7673,0.0146,0.01582,0.00382,0.00782,0.01661,0.00175,0.00766,92,2,True
vm_00084,84,0,0.29,300.29,732.66,732.38,0.12136,0.002,0.02325,0.05451,0.09956,1.2274,0.0186,0.01734,0.00934,0.01234,0.01907,0.00426,0.01184,131,3,True
vm_01267,1267,0,4.09,304.09,6640.11,6636.03,0.14674,0.03108,0.07239,0.04131,0.13022,1.4469,0.0255,0.01688,0.00888,0.01188,0.01856,0.00489,0.0114,140,3,True
vm_02066,2066,0,7.1,307.1,12203.55,12196.46,0.16743,0.0787,0.11039,0.03169,0.15475,1.3248,0.0238,0.01321,0.00521,0.00821,0.01453,0.00374,0.00788,198,3,True
vm_01224,1224,0,3.91,303.91,7907.86,7903.94,0.09719,0.002,0.02452,0.04038,0.08104,1.8945,0.0231,0.01437,0.00637,0.00937,0.01581,0.00409,0.009,231,3,True
vm_00271,271,0,0.83,300.83,3430.75,3429.92,0.35397,0.06276,0.15983,0.09707,0.31515,0.9968,0.0256,0.01592,0.00392,0.00792,0.01672,0.00365,0.00776,147,2,True
vm_02059,2059,0,7.05,307.05,3391.89,3384.84,0.04615,0.001,0.01718,0.01609,0.04132,2.4623,0.0415,0.07472,0.03972,0.05472,0.08219,0.00129,0.05198,105,1,True
vm_01952,1952,0,6.61,306.61,851.17,844.56,0.12106,0.01744,0.05444,0.03701,0.10626,1.858,0.0196,0.01249,0.00449,0.00749,0.01374,0.00519,0.00719,88,3,True
vm_01299,1299,0,4.21,304.21,13954.37,13950.16,0.08602,0.002,0.01,0.04223,0.06913,1.7863,0.0136,0.01454,0.00654,0.00954,0.01599,0.00537,0.00916,245,3,True
vm_01054,1054,0,3.33,303.33,2869.39,2866.06,0.11765,0.002,0.03712,0.04474,0.09975,1.7737,0.016,0.0178,0.0098,0.0128,0.01958,0.00149,0.01229,74,3,True
vm_01024,1024,0,3.21,303.21,2706.52,2703.31,0.11425,0.02564,0.05729,0.03164,0.10159,1.4832,0.0175,0.01379,0.00579,0.00879,0.01516,0.00446,0.00843,21,3,True
vm_00619,619,0,1.94,301.94,10118.79,10116.85,0.36787,0.03,0.08,0.14393,0.31029,0.5301,0.0224,0.02225,0.01025,0.01425,0.02337,0.00246,0.01397,272,2,True
vm_00430,430,0,1.34,301.34,865.0,863.67,0.05124,0.001,0.00897,0.02348,0.0442,1.7067,0.0491,0.0655,0.0305,0.0455,0.07205,0.00931,0.04323,248,1,True
vm_00941,941,0,2.93,302.93,8231.49,8228.56,0.03102,0.001,0.005,0.01446,0.02668,2.4741,0.0784,0.06358,0.02858,0.04358,0.06994,0.01087,0.0414,81,1,True
vm_01375,1375,0,4.52,304.52,8784.92,8780.4,0.05449,0.001,0.02079,0.01872,0.04887,2.3299,0.041,0.05639,0.02139,0.03639,0.06203,0.00683,0.03457,190,1,True
vm_01946,1946,0,6.59,306.59,577.47,570.88,0.07029,0.03329,0.04809,0.01234,0.06659,1.8767,0.0793,0.08418,0.04918,0.06418,0.0926,0.01328,0.06097,20,1,True
vm_00459,459,0,1.42,301.42,362.82,361.39,0.34416,0.03,0.10419,0.11999,0.29617,0.8755,0.0115,0.01819,0.00619,0.01019,0.0191,0.00103,0.00999,166,2,True
vm_00079,79,0,0.28,300.28,7803.62,7803.34,0.13962,0.002,0.04714,0.05138,0.11907,1.4917,0.0168,0.01158,0.00358,0.00658,0.01274,0.0043,0.00632,276,3,True
vm_00033,33,0,0.12,300.12,10115.75,10115.63,0.07697,0.00422,0.03332,0.02425,0.06969,1.6245,0.0351,0.05054,0.01554,0.03054,0.0556,0.00721,0.02901,76,1,True
vm_01436,1436,0,4.76,304.76,4415.26,4410.5,0.07723,0.01285,0.0386,0.02146,0.07079,1.6198,0.0254,0.03912,0.005,0.01912,0.04303,0.00376,0.01816,283,1,True
vm_01449,1449,0,4.79,304.79,11893.7,11888.91,0.04079,0.001,0.01056,0.01679,0.03575,2.4467,0.0692,0.07249,0.03749,0.05249,0.07974,0.00937,0.04987,176,1,True
vm_02257,2257,0,7.85,307.85,6634.49,6626.64,0.18273,0.03304,0.0865,0.05346,0.16135,1.516,0.0385,0.0122,0.0042,0.0072,0.01342,0.00228,0.00691,187,3,True
vm_00381,381,0,1.2,301.2,11397.08,11395.88,0.19731,0.05609,0.10653,0.05043,0.17714,1.1531,0.0353,0.01054,0.00254,0.00554,0.01159,0.00475,0.00531,13,3,True
vm_00963,963,0,2.99,302.99,7545.65,7542.65,0.03617,0.001,0.00656,0.01645,0.03123,1.7239,0.0617,0.052,0.017,0.032,0.0572,0.00666,0.0304,188,1,True
vm_01633,1633,0,5.49,305.49,3764.81,3759.32,0.04895,0.01367,0.02778,0.01176,0.04542,2.0009,0.0339,0.04881,0.01381,0.02881,0.05369,0.00289,0.02737,217,1,True
vm_02192,2192,0,7.56,307.56,330.08,322.52,0.04231,0.001,0.00554,0.02043,0.03618,2.2542,0.0764,0.07192,0.03692,0.05192,0.07911,0.01491,0.04932,9,1,True
vm_00306,306,0,0.96,300.96,13796.4,13795.44,0.08608,0.001,0.02651,0.03309,0.07615,1.9923,0.0669,0.0603,0.0253,0.0403,0.06633,0.01252,0.03828,218,1,True
vm_00210,210,0,0.64,300.64,10752.85,10752.22,0.06219,0.001,0.01773,0.0247,0.05478,1.7887,0.0799,0.05556,0.02056,0.03556,0.06112,0.00101,0.03378,104,1,True
vm_01068,1068,0,3.36,303.36,737.9,734.54,0.47206,0.13019,0.24415,0.11396,0.42648,0.6577,0.0206,0.02118,0.00918,0.01318,0.02224,0.0048,0.01292,244,2,True
vm_01384,1384,0,4.55,304.55,2166.64,2162.09,0.09533,0.002,0.02646,0.03826,0.08003,1.7549,0.0301,0.01272,0.00472,0.00772,0.01399,0.00187,0.00741,172,3,True
vm_02274,2274,0,7.92,307.92,4488.63,4480.71,0.14253,0.0037,0.05329,0.04958,0.1227,1.0949,0.0317,0.01648,0.00848,0.01148,0.01813,0.00523,0.01102,27,3,True
vm_01923,1923,0,6.48,306.48,10713.41,10706.94,0.06591,0.002,0.01,0.03106,0.05349,1.1838,0.0385,0.01562,0.00762,0.01062,0.01718,0.00553,0.0102,50,3,True
vm_02134,2134,0,7.35,307.35,7146.47,7139.12,0.33806,0.03,0.10802,0.11502,0.29205,0.6873,0.0193,0.01478,0.00278,0.00678,0.01552,0.0016,0.00665,5,2,True
vm_00651,651,0,2.01,302.01,3664.89,3662.89,0.12415,0.002,0.03399,0.05009,0.10411,1.9454,0.0108,0.01832,0.01032,0.01332,0.02015,0.00216,0.01279,95,3,True
vm_01765,1765,0,5.98,305.98,5496.13,5490.15,0.05189,0.001,0.01829,0.01867,0.04629,2.2366,0.065,0.04825,0.01325,0.02825,0.05307,0.00213,0.02683,137,1,True
vm_01898,1898,0,6.4,306.4,6265.41,6259.0,0.13623,0.01987,0.06143,0.04155,0.1196,1.2186,0.0295,0.01677,0.00877,0.01177,0.01845,0.00099,0.0113,42,3,True
vm_02256,2256,0,7.84,307.84,10913.73,10905.88,0.04531,0.001,0.005,0.02239,0.03859,1.3953,0.0204,0.06043,0.02543,0.04043,0.06648,0.00251,0.03841,99,1,True
vm_00484,484,0,1.52,301.52,740.06,738.54,0.09424,0.01974,0.04954,0.02483,0.08679,2.0148,0.0786,0.05802,0.02302,0.03802,0.06382,0.00444,0.03612,231,1,True
vm_01217,1217,0,3.88,303.88,7702.95,7699.07,0.28229,0.03,0.08053,0.10088,0.24194,1.0645,0.0053,0.01548,0.00348,0.00748,0.01625,0.00161,0.00733,25,2,True
vm_00278,278,0,0.86,300.86,2171.98,2171.12,0.10104,0.01115,0.04325,0.0321,0.0882,1.0802,0.0369,0.01295,0.00495,0.00795,0.01425,0.00245,0.00763,116,3,True
vm_00706,706,0,2.19,302.19,11260.58,11258.39,0.43355,0.03,0.16347,0.13504,0.37953,1.1256,0.0185,0.0183,0.0063,0.0103,0.01922,0.00298,0.01009,134,2,True
vm_00222,222,0,0.67,300.67,4549.57,4548.9,0.0443,0.001,0.005,0.02183,0.03775,1.426,0.0245,0.05168,0.01668,0.03168,0.05685,0.00697,0.0301,271,1,True
vm_02196,2196,0,7.58,307.58,2290.98,2283.4,0.28202,0.03,0.08418,0.09892,0.24245,1.3928,0.0279,0.02274,0.01074,0.01474,0.02388,0.00403,0.01444,203,2,True
vm_00572,572,0,1.78,301.78,627.39,625.61,0.10956,0.04986,0.07374,0.0199,0.10359,1.9873,0.0697,0.07091,0.03591,0.05091,0.078,0.00867,0.04836,58,1,True
vm_00412,412,0,1.3,301.3,868.74,867.45,0.1043,0.0164,0.05156,0.0293,0.09551,2.1476,0.0539,0.06135,0.02635,0.04135,0.06748,0.00552,0.03928,254,1,True
vm_02178,2178,0,7.48,307.48,8543.51,8536.03,0.0959,0.00231,0.03574,0.03342,0.08253,1.5341,0.0372,0.01658,0.00858,0.01158,0.01824,0.00271,0.01112,58,3,True
vm_00652,652,0,2.01,302.01,642.86,640.86,0.0228,0.001,0.00826,0.00808,0.02037,1.4758,0.0427,0.059,0.024,0.039,0.0649,0.01477,0.03705,161,1,True
vm_00586,586,0,1.84,301.84,332.43,330.59,0.08691,0.00605,0.03839,0.02695,0.07882,1.527,0.063,0.05959,0.02459,0.03959,0.06555,0.00671,0.03761,23,1,True
vm_00994,994,0,3.12,303.12,861.47,858.35,0.30214,0.03,0.08,0.11107,0.25771,1.0749,0.0198,0.01949,0.00749,0.01149,0.02046,0.00384,0.01126,69,2,True
vm_01653,1653,0,5.57,305.57,11900.76,11895.2,0.05849,0.001,0.005,0.02972,0.04958,2.43,0.0663,0.05642,0.02142,0.03642,0.06206,0.00223,0.0346,167,1,True
vm_01437,1437,0,4.76,304.76,10018.45,10013.69,0.09153,0.002,0.01,0.04529,0.07341,1.3788,0.0383,0.01857,0.01057,0.01357,0.02042,0.00494,0.01303,58,3,True
vm_01772,1772,0,5.99,305.99,3397.6,3391.61,0.06944,0.02001,0.03978,0.01648,0.0645,2.0737,0.073,0.07197,0.03697,0.05197,0.07916,0.0022,0.04937,299,1,True
vm_00942,942,0,2.93,302.93,5709.25,5706.32,0.1024,0.01785,0.04804,0.0302,0.09032,1.7342,0.0236,0.00934,0.00134,0.00434,0.01027,0.00157,0.00416,20,3,True
vm_00448,448,0,1.39,301.39,6103.01,6101.61,0.11519,0.002,0.03548,0.04428,0.09747,1.2598,0.0121,0.01016,0.00216,0.00516,0.01118,0.00225,0.00495,38,3,True
vm_00860,860,0,2.64,302.64,343.87,341.24,0.10031,0.002,0.02501,0.04183,0.08357,1.4055,0.0158,0.01867,0.01067,0.01367,0.02054,0.00162,0.01312,65,3,True
vm_01727,1727,0,5.81,305.81,9617.48,9611.67,0.14956,0.03803,0.07786,0.03983,0.13363,1.6982,0.0167,0.01085,0.00285,0.00585,0.01193,0.00505,0.00561,181,3,True
vm_01069,1069,0,3.37,303.37,13039.62,13036.25,0.03356,0.001,0.01373,0.01101,0.03025,2.361,0.044,0.06622,0.03122,0.04622,0.07284,0.00623,0.04391,276,1,True
vm_01350,1350,0,4.42,304.42,13005.95,13001.53,0.13223,0.04242,0.0745,0.03207,0.1194,1.9746,0.0454,0.01479,0.00679,0.00979,0.01627,0.00325,0.0094,63,3,True
vm_01125,1125,0,3.55,303.55,4639.77,4636.22,0.03456,0.001,0.005,0.01642,0.02963,1.8231,0.0237,0.07752,0.04252,0.05752,0.08527,0.00125,0.05464,157,1,True
vm_00046,46,0,0.15,300.15,3783.89,3783.74,0.12499,0.00345,0.04686,0.04341,0.10763,1.9328,0.0312,0.01215,0.00415,0.00715,0.01336,0.00497,0.00686,88,3,True
vm_01977,1977,0,6.73,306.73,10665.78,10659.05,0.15067,0.002,0.05279,0.05437,0.12892,1.1225,0.0307,0.01397,0.00597,0.00897,0.01537,0.00528,0.00861,40,3,True
vm_01377,1377,0,4.53,304.53,5773.23,5768.7,0.09834,0.002,0.02975,0.0381,0.0831,1.9583,0.0236,0.01465,0.00665,0.00965,0.01612,0.00289,0.00926,122,3,True
vm_00295,295,0,0.93,300.93,551.8,550.87,0.0796,0.01735,0.04225,0.02075,0.07338,1.4411,0.0722,0.06424,0.02924,0.04424,0.07067,0.01157,0.04203,226,1,True
vm_02182,2182,0,7.5,307.5,413.25,405.75,0.19746,0.0454,0.09971,0.05431,0.17574,1.2118,0.018,0.01242,0.00442,0.00742,0.01366,0.00479,0.00712,137,3,True
vm_00589,589,0,1.85,301.85,561.82,559.98,0.3883,0.03,0.08,0.15415,0.32664,1.0035,0.0214,0.01076,0.0005,0.00276,0.0113,0.00248,0.00271,250,2,True
vm_01823,1823,0,6.17,306.17,11444.65,11438.48,0.03995,0.001,0.005,0.01942,0.03412,2.3233,0.0258,0.05514,0.02014,0.03514,0.06066,0.00612,0.03338,131,1,True
vm_01591,1591,0,5.32,305.32,5696.71,5691.39,0.06625,0.001,0.0131,0.02952,0.05739,2.1968,0.0312,0.07688,0.04188,0.05688,0.08456,0.00234,0.05403,174,1,True
vm_01058,1058,0,3.34,303.34,816.26,812.92,0.05664,0.001,0.01894,0.02095,0.05036,2.2044,0.0597,0.06601,0.03101,0.04601,0.07261,0.00503,0.04371,118,1,True
vm_01973,1973,0,6.72,306.72,5720.66,5713.95,0.52875,0.03,0.17719,0.17578,0.45843,1.0828,0.0098,0.01683,0.00483,0.00883,0.01767,0.0015,0.00865,130,2,True
vm_00437,437,0,1.37,301.37,2223.9,2222.53,0.41159,0.03767,0.16231,0.12464,0.36174,0.708,0.0099,0.02162,0.00962,0.01362,0.0227,0.0018,0.01335,26,2,True
vm_00680,680,0,2.11,302.11,6280.29,6278.17,0.03316,0.001,0.006,0.01509,0.02863,2.3367,0.0533,0.07804,0.04304,0.05804,0.08584,0.01149,0.05513,110,1,True
vm_00394,394,0,1.23,301.23,711.78,710.55,0.04431,0.001,0.01446,0.01658,0.03934,1.2088,0.0204,0.07315,0.03815,0.05315,0.08046,0.00853,0.05049,112,1,True
vm_01095,1095,0,3.47,303.47,9304.2,9300.73,0.0613,0.0131,0.03238,0.01607,0.05648,2.2415,0.0731,0.0525,0.0175,0.0325,0.05775,0.0108,0.03088,70,1,True
vm_00535,535,0,1.66,301.66,6214.22,6212.56,0.31538,0.03,0.08,0.11769,0.2683,1.2882,0.0084,0.01246,0.0005,0.00446,0.01308,0.00314,0.00437,116,2,True
vm_00031,31,0,0.11,300.11,346.32,346.21,0.09048,0.002,0.0179,0.04032,0.07435,1.4496,0.0479,0.01716,0.00916,0.01216,0.01888,0.00226,0.01168,6,3,True
vm_00679,679,0,2.1,302.1,7275.58,7273.48,0.10443,0.00881,0.04296,0.03415,0.09077,1.0055,0.0143,0.01685,0.00885,0.01185,0.01853,0.00558,0.01138,154,3,True
vm_01454,1454,0,4.8,304.8,9453.38,9448.57,0.08484,0.0081,0.0388,0.02558,0.07716,1.8601,0.0267,0.06539,0.03039,0.04539,0.07193,0.00639,0.04312,69,1,True
vm_01065,1065,0,3.35,303.35,7666.58,7663.23,0.04006,0.025,0.03102,0.00502,0.03855,1.4897,0.0238,0.06918,0.03418,0.04918,0.0761,0.01429,0.04672,114,1,True
vm_01245,1245,0,3.99,303.99,418.93,414.94,0.052,0.001,0.005,0.02611,0.04416,1.5725,0.0247,0.06997,0.03497,0.04997,0.07696,0.00386,0.04747,146,1,True
vm_01427,1427,0,4.72,304.72,12229.36,12224.63,0.12388,0.002,0.01,0.06327,0.09858,1.584,0.0318,0.01058,0.00258,0.00558,0.01164,0.00587,0.00535,26,3,True
vm_02021,2021,0,6.9,306.9,804.58,797.67,0.14934,0.03643,0.08159,0.03763,0.13805,1.4283,0.0766,0.07805,0.04305,0.05805,0.08585,0.00246,0.05515,75,1,True
vm_01019,1019,0,3.2,303.2,5357.53,5354.33,0.05113,0.001,0.005,0.02563,0.04344,2.3854,0.0415,0.04798,0.01298,0.02798,0.05278,0.00749,0.02658,285,1,True
vm_01037,1037,0,3.27,303.27,3315.62,3312.35,0.17745,0.04308,0.09107,0.04799,0.15825,1.8384,0.0392,0.01603,0.00803,0.01103,0.01763,0.00355,0.01059,192,3,True
vm_00345,345,0,1.08,301.08,7063.51,7062.43,0.03969,0.001,0.005,0.01927,0.03391,2.1402,0.0375,0.06945,0.03445,0.04945,0.07639,0.0099,0.04697,181,1,True
vm_00557,557,0,1.73,301.73,688.12,686.39,0.08781,0.002,0.01,0.04323,0.07052,1.394,0.0184,0.01219,0.00419,0.00719,0.01341,0.0029,0.0069,278,3,True
vm_00989,989,0,3.1,303.1,12975.74,12972.64,0.06009,0.001,0.02138,0.0215,0.05364,1.5258,0.0654,0.06152,0.02652,0.04152,0.06767,0.01329,0.03944,212,1,True
vm_00681,681,0,2.12,302.12,7300.39,7298.27,0.11555,0.00544,0.04477,0.03933,0.09982,1.8382,0.0181,0.01107,0.00307,0.00607,0.01217,0.00593,0.00582,295,3,True
vm_01177,1177,0,3.71,303.71,7041.96,7038.25,0.20793,0.11746,0.14977,0.03231,0.19501,1.6847,0.0139,0.01186,0.00386,0.00686,0.01304,0.00507,0.00658,220,3,True
vm_01534,1534,0,5.09,305.09,7700.5,7695.41,0.07395,0.01628,0.03935,0.01922,0.06819,2.1162,0.0644,0.06764,0.03264,0.04764,0.07441,0.00378,0.04526,52,1,True
vm_00353,353,0,1.09,301.09,419.2,418.1,0.08006,0.00171,0.03305,0.02612,0.07222,2.2434,0.0261,0.06669,0.03169,0.04669,0.07335,0.01002,0.04435,101,1,True
vm_00092,92,0,0.3,300.3,7801.1,7800.8,0.6609,0.24302,0.38231,0.13929,0.60518,1.2119,0.0056,0.01747,0.00547,0.00947,0.01834,0.00106,0.00928,104,2,True
vm_00999,999,0,3.14,303.14,9493.03,9489.89,0.03358,0.001,0.00662,0.01498,0.02909,1.2056,0.0216,0.0437,0.0087,0.0237,0.04807,0.00601,0.02252,164,1,True
vm_01825,1825,0,6.18,306.18,6828.13,6821.95,0.09815,0.002,0.02143,0.04262,0.0811,1.1225,0.032,0.01755,0.00955,0.01255,0.01931,0.00593,0.01205,225,3,True
vm_02032,2032,0,6.95,306.95,7890.53,7883.58,0.12367,0.01921,0.05652,0.03731,0.10875,1.8198,0.0417,0.01485,0.00685,0.00985,0.01634,0.00342,0.00946,23,3,True
vm_01473,1473,0,4.85,304.85,5228.04,5223.18,0.09565,0.0373,0.06064,0.01945,0.08982,1.2124,0.0791,0.0642,0.0292,0.0442,0.07062,0.00311,0.04199,255,1,True
vm_00262,262,0,0.79,300.79,11419.84,11419.05,0.13504,0.06437,0.08961,0.02524,0.12495,1.0049,0.0173,0.01373,0.00573,0.00873,0.01511,0.00194,0.00838,64,3,True
vm_00953,953,0,2.94,302.94,754.76,751.82,0.67653,0.20149,0.35983,0.15835,0.61319,1.0587,0.0152,0.01889,0.00689,0.01089,0.01984,0.0035,0.01067,150,2,True
vm_02139,2139,0,7.35,307.35,436.12,428.76,0.07171,0.00625,0.03243,0.02182,0.06516,2.3131,0.0307,0.05919,0.02419,0.03919,0.06511,0.0132,0.03723,16,1,True
vm_00701,701,0,2.18,302.18,776.66,774.49,0.02689,0.001,0.005,0.01216,0.02324,2.1229,0.0397,0.06101,0.02601,0.04101,0.06711,0.00886,0.03896,226,1,True
vm_00568,568,0,1.77,301.77,2959.63,2957.86,0.17917,0.02454,0.07976,0.05523,0.15708,1.9536,0.0165,0.02015,0.01215,0.01515,0.02216,0.00421,0.01454,104,3,True
vm_02238,2238,0,7.75,307.75,6294.45,6286.7,0.09374,0.03202,0.05671,0.02057,0.08757,2.2606,0.0611,0.04595,0.01095,0.02595,0.05054,0.00136,0.02465,263,1,True
vm_01784,1784,0,6.05,306.05,714.24,708.18,0.57422,0.16193,0.29936,0.13743,0.51925,1.0808,0.0206,0.01679,0.00479,0.00879,0.01763,0.00396,0.00861,165,2,True
vm_00837,837,0,2.57,302.57,11437.21,11434.64,0.06912,0.00332,0.02964,0.02193,0.06254,1.4558,0.0425,0.04479,0.00979,0.02479,0.04927,0.00828,0.02355,62,1,True
vm_00811,811,0,2.46,302.46,335.82,333.36,0.076,0.02804,0.04723,0.01599,0.07121,1.8133,0.0653,0.07554,0.04054,0.05554,0.08309,0.00773,0.05276,268,1,True
vm_01544,1544,0,5.13,305.13,7553.9,7548.77,0.12978,0.002,0.03958,0.05011,0.10974,1.2776,0.0138,0.01156,0.00356,0.00656,0.01271,0.00535,0.0063,20,3,True
vm_00301,301,0,0.95,300.95,12661.26,12660.31,0.051,0.001,0.01094,0.02225,0.04432,1.6464,0.0391,0.04087,0.00587,0.02087,0.04496,0.01401,0.01983,29,1,True
vm_01730,1730,0,5.83,305.83,6599.79,6593.97,0.06973,0.01514,0.03697,0.0182,0.06427,1.8479,0.0664,0.06201,0.02701,0.04201,0.06822,0.00337,0.03991,92,1,True
vm_02167,2167,0,7.44,307.44,2254.86,2247.41,0.08448,0.02577,0.04926,0.01957,0.07861,1.2519,0.0633,0.06213,0.02713,0.04213,0.06834,0.0054,0.04002,13,1,True
vm_01105,1105,0,3.5,303.5,623.29,619.78,0.34282,0.03,0.08,0.13141,0.29026,0.6324,0.0151,0.0218,0.0098,0.0138,0.02289,0.0039,0.01352,141,2,True
vm_01748,1748,0,5.91,305.91,7620.45,7614.55,0.1227,0.002,0.02507,0.05424,0.101,1.4849,0.0362,0.01395,0.00595,0.00895,0.01535,0.00195,0.00859,53,3,True
vm_00316,316,0,1.0,301.0,3512.18,3511.18,0.11675,0.002,0.01812,0.05479,0.09483,1.6902,0.0474,0.01724,0.00924,0.01224,0.01896,0.00459,0.01175,80,3,True
vm_01754,1754,0,5.92,305.92,854.5,848.58,0.05025,0.001,0.01095,0.02184,0.0437,1.4959,0.0212,0.04832,0.01332,0.02832,0.05315,0.00218,0.02691,18,1,True
vm_00454,454,0,1.41,301.41,3666.81,3665.4,0.4278,0.03,0.08,0.1739,0.35824,0.6095,0.0069,0.01859,0.00659,0.01059,0.01952,0.00125,0.01038,208,2,True
vm_00602,602,0,1.89,301.89,2696.97,2695.08,0.04758,0.001,0.01298,0.01922,0.04181,2.4693,0.0401,0.04753,0.01253,0.02753,0.05228,0.00982,0.02615,51,1,True
vm_00176,176,0,0.54,300.54,14027.13,14026.59,0.22083,0.04146,0.10552,0.06406,0.19521,1.1667,0.0401,0.01572,0.00772,0.01072,0.01729,0.00203,0.01029,197,3,True
vm_00907,907,0,2.82,302.82,3513.76,3510.94,0.07581,0.01653,0.04024,0.01976,0.06988,2.1718,0.0326,0.08381,0.04881,0.06381,0.09219,0.01471,0.06062,243,1,True
vm_01645,1645,0,5.54,305.54,12339.17,12333.63,0.06291,0.01594,0.03473,0.01566,0.05822,2.4481,0.0332,0.06086,0.02586,0.04086,0.06694,0.00563,0.03881,58,1,True
vm_00038,38,0,0.13,300.13,8663.42,8663.29,0.10889,0.01399,0.04788,0.03389,0.09533,1.8385,0.0325,0.00785,0.0005,0.00285,0.00863,0.00276,0.00273,116,3,True
vm_00124,124,0,0.4,300.4,6834.21,6833.81,0.31244,0.03,0.10631,0.10307,0.27121,0.8417,0.0052,0.01726,0.00526,0.00926,0.01813,0.00321,0.00908,100,2,True
vm_00757,757,0,2.33,302.33,5767.53,5765.2,0.0842,0.01163,0.04066,0.02419,0.07695,2.0201,0.0554,0.05685,0.02185,0.03685,0.06253,0.01193,0.03501,157,1,True
vm_00395,395,0,1.23,301.23,672.74,671.51,0.10153,0.002,0.01134,0.05011,0.08149,1.0744,0.0296,0.01444,0.00644,0.00944,0.01589,0.00461,0.00906,109,3,True
vm_01718,1718,0,5.78,305.78,798.49,792.71,0.06567,0.001,0.02622,0.02192,0.05909,1.7069,0.0478,0.05909,0.02409,0.03909,0.065,0.01223,0.03714,259,1,True
vm_01943,1943,0,6.56,306.56,11055.96,11049.4,0.07754,0.01748,0.0415,0.02002,0.07154,1.4306,0.0645,0.06123,0.02623,0.04123,0.06736,0.01386,0.03917,121,1,True
vm_00040,40,0,0.13,300.13,13724.69,13724.55,0.07189,0.001,0.01742,0.03026,0.06281,1.9113,0.0693,0.04996,0.01496,0.02996,0.05496,0.01246,0.02846,270,1,True
vm_00463,463,0,1.43,301.43,5880.08,5878.64,0.08084,0.001,0.02727,0.02976,0.07191,1.2358,0.0763,0.07217,0.03717,0.05217,0.07938,0.01181,0.04956,60,1,True
vm_00747,747,0,2.31,302.31,3105.33,3103.03,0.17924,0.02105,0.07755,0.0565,0.15664,1.8403,0.0445,0.01874,0.01074,0.01374,0.02062,0.00171,0.01319,12,3,True
vm_01781,1781,0,6.05,306.05,7255.34,7249.3,0.07444,0.00667,0.03378,0.02259,0.06767,1.4904,0.0505,0.05921,0.02421,0.03921,0.06513,0.01359,0.03725,160,1,True
vm_00332,332,0,1.03,301.03,442.57,441.54,0.67438,0.34569,0.45525,0.10956,0.63055,0.933,0.0121,0.01405,0.00205,0.00605,0.01475,0.00497,0.00593,253,2,True
vm_00195,195,0,0.6,300.6,5911.49,5910.89,0.11892,0.04197,0.06945,0.02748,0.10793,1.0881,0.0421,0.00619,0.0005,0.00119,0.00681,0.0033,0.00114,124,3,True
vm_02158,2158,0,7.41,307.41,521.74,514.33,0.38362,0.04022,0.15469,0.11447,0.33784,1.2989,0.0243,0.01907,0.00707,0.01107,0.02002,0.00119,0.01085,173,2,True
vm_02211,2211,0,7.64,307.64,337.62,329.98,0.11009,0.002,0.01,0.05561,0.08785,1.6216,0.0275,0.01766,0.00966,0.01266,0.01943,0.00344,0.01216,113,3,True
vm_00635,635,0,1.98,301.98,3599.91,3597.93,0.09739,0.02938,0.05658,0.02267,0.09058,2.2005,0.0492,0.06736,0.03236,0.04736,0.07409,0.00266,0.04499,85,1,True
vm_00323,323,0,1.01,301.01,14084.26,14083.25,0.15003,0.002,0.05084,0.05511,0.12799,1.9552,0.0343,0.01357,0.00557,0.00857,0.01492,0.00547,0.00823,164,3,True
vm_01957,1957,0,6.64,306.64,2983.22,2976.58,0.07539,0.001,0.02306,0.02907,0.06667,2.1242,0.0321,0.05635,0.02135,0.03635,0.06198,0.00227,0.03453,273,1,True
vm_00267,267,0,0.8,300.8,13993.55,13992.74,0.07059,0.001,0.02663,0.02443,0.06327,1.6143,0.0241,0.07503,0.04003,0.05503,0.08253,0.01362,0.05228,295,1,True
vm_01857,1857,0,6.26,306.26,903.84,897.58,0.07612,0.02696,0.04662,0.01639,0.0712,2.3241,0.0238,0.06318,0.02818,0.04318,0.06949,0.00997,0.04102,266,1,True
vm_01917,1917,0,6.45,306.45,12146.13,12139.68,0.078,0.01041,0.03745,0.02253,0.07124,1.4527,0.0229,0.04195,0.00695,0.02195,0.04614,0.01144,0.02085,201,1,True
vm_00580,580,0,1.81,301.81,3137.15,3135.34,0.13045,0.05246,0.08032,0.02785,0.11931,1.7263,0.01,0.0149,0.0069,0.0099,0.01639,0.00224,0.00951,65,3,True
vm_01661,1661,0,5.58,305.58,4218.81,4213.23,0.36985,0.03,0.10664,0.13161,0.31721,0.8721,0.029,0.01788,0.00588,0.00988,0.01877,0.00431,0.00968,75,2,True
vm_00889,889,0,2.75,302.75,475.76,473.01,0.51028,0.12189,0.25135,0.12946,0.45849,0.5263,0.0244,0.02064,0.00864,0.01264,0.02167,0.00078,0.01238,188,2,True
vm_01908,1908,0,6.42,306.42,4507.47,4501.05,0.14682,0.002,0.0482,0.05478,0.1249,1.2031,0.0279,0.02109,0.01309,0.01609,0.0232,0.00322,0.01545,48,3,True
vm_02179,2179,0,7.49,307.49,488.24,480.75,0.08185,0.002,0.01,0.03992,0.06589,1.3801,0.0106,0.01504,0.00704,0.01004,0.01654,0.00249,0.00963,73,3,True
vm_02177,2177,0,7.48,307.48,13116.0,13108.52,0.0509,0.001,0.005,0.0255,0.04325,1.8404,0.055,0.05602,0.02102,0.03602,0.06163,0.01366,0.03422,80,1,True
vm_00901,901,0,2.78,302.78,7829.29,7826.51,0.44906,0.04997,0.183,0.13303,0.39585,1.0905,0.0129,0.01494,0.00294,0.00694,0.01569,0.00206,0.00681,171,2,True
vm_01815,1815,0,6.16,306.16,669.17,663.01,0.13454,0.002,0.02249,0.06225,0.10964,1.6001,0.0458,0.01257,0.00457,0.00757,0.01382,0.00411,0.00726,76,3,True
vm_00772,772,0,2.37,302.37,12960.45,12958.08,0.54348,0.08485,0.23773,0.15288,0.48233,0.5934,0.0216,0.02067,0.00867,0.01267,0.02171,0.00254,0.01242,271,2,True
vm_01284,1284,0,4.16,304.16,14088.54,14084.38,0.10468,0.03401,0.06228,0.02356,0.09761,2.0773,0.0785,0.05374,0.01874,0.03374,0.05911,0.01408,0.03205,53,1,True
vm_02260,2260,0,7.86,307.86,3201.72,3193.86,0.14222,0.002,0.04699,0.0529,0.12106,1.4654,0.0341,0.0114,0.0034,0.0064,0.01254,0.00388,0.00614,45,3,True
vm_00856,856,0,2.63,302.63,9448.59,9445.96,0.05602,0.001,0.01518,0.02269,0.04921,1.9166,0.0717,0.06254,0.02754,0.04254,0.0688,0.00858,0.04042,72,1,True
vm_00573,573,0,1.79,301.79,2950.06,2948.27,0.5191,0.13687,0.26428,0.12741,0.46814,0.6984,0.0233,0.01759,0.00559,0.00959,0.01847,0.0049,0.0094,60,2,True
vm_02106,2106,0,7.24,307.24,7053.19,7045.95,0.43055,0.07898,0.19617,0.11719,0.38367,0.765,0.0167,0.01464,0.00264,0.00664,0.01537,0.00421,0.00651,203,2,True
vm_02035,2035,0,6.96,306.96,725.46,718.5,0.07571,0.001,0.02961,0.02561,0.06803,1.3901,0.0405,0.07437,0.03937,0.05437,0.0818,0.01295,0.05165,289,1,True
vm_01035,1035,0,3.26,303.26,3369.02,3365.76,0.08762,0.00884,0.04035,0.02626,0.07974,1.43,0.0386,0.06638,0.03138,0.04638,0.07301,0.00625,0.04406,219,1,True
vm_01453,1453,0,4.8,304.8,2754.27,2749.46,0.12314,0.03865,0.07245,0.02816,0.11469,1.7514,0.0646,0.06652,0.03152,0.04652,0.07317,0.01375,0.04419,171,1,True
vm_00863,863,0,2.65,302.65,4876.57,4873.92,0.04771,0.001,0.005,0.02373,0.04059,1.8505,0.056,0.0683,0.0333,0.0483,0.07513,0.00365,0.04588,76,1,True
vm_00882,882,0,2.72,302.72,550.15,547.44,0.47889,0.04736,0.1912,0.14384,0.42135,1.1432,0.0113,0.01716,0.00516,0.00916,0.01801,0.00493,0.00897,126,2,True
vm_00054,54,0,0.18,300.18,763.0,762.82,0.10602,0.06846,0.08349,0.01252,0.10227,1.8515,0.0778,0.06527,0.03027,0.04527,0.0718,0.00129,0.04301,260,1,True
vm_01634,1634,0,5.49,305.49,5361.48,5355.99,0.04848,0.001,0.005,0.02415,0.04123,2.1397,0.0433,0.05976,0.02476,0.03976,0.06573,0.00865,0.03777,0,1,True
vm_01286,1286,0,4.16,304.16,2877.07,2872.91,0.33675,0.03,0.08,0.12837,0.2854,0.5553,0.005,0.02214,0.01014,0.01414,0.02325,0.00471,0.01386,130,2,True
vm_00506,506,0,1.59,301.59,14236.17,14234.58,0.10742,0.04473,0.0698,0.0209,0.10115,2.3761,0.0255,0.03784,0.005,0.01784,0.04162,0.00733,0.01695,215,1,True
vm_00753,753,0,2.33,302.33,10484.7,10482.37,0.03677,0.001,0.005,0.01765,0.03148,1.516,0.0232,0.0599,0.0249,0.0399,0.06589,0.00563,0.0379,120,1,True
vm_01211,1211,0,3.87,303.87,11390.46,11386.58,0.16254,0.01484,0.06759,0.05275,0.14144,1.8998,0.0413,0.01742,0.00942,0.01242,0.01916,0.0057,0.01192,110,3,True
vm_01495,1495,0,4.92,304.92,2868.66,2863.75,0.0971,0.04835,0.06785,0.01625,0.09222,2.389,0.0333,0.05379,0.01879,0.03379,0.05917,0.01313,0.0321,224,1,True
vm_01890,1890,0,6.38,306.38,3807.95,3801.57,0.10125,0.002,0.03217,0.03838,0.0859,1.427,0.0357,0.01289,0.00489,0.00789,0.01418,0.00424,0.00757,138,3,True
vm_01563,1563,0,5.21,305.21,672.52,667.31,0.13606,0.04008,0.07436,0.03428,0.12235,1.8261,0.0182,0.01842,0.01042,0.01342,0.02026,0.00432,0.01288,16,3,True
vm_00366,366,0,1.14,301.14,8009.63,8008.49,0.05532,0.0077,0.02675,0.01588,0.05056,2.2657,0.065,0.06616,0.03116,0.04616,0.07277,0.01489,0.04385,282,1,True
vm_00832,832,0,2.54,302.54,676.22,673.67,0.06584,0.001,0.01855,0.02628,0.05796,1.5658,0.0547,0.06329,0.02829,0.04329,0.06962,0.01188,0.04113,153,1,True
vm_01323,1323,0,4.31,304.31,5450.02,5445.72,0.03373,0.001,0.01145,0.01237,0.03001,2.4889,0.0659,0.06786,0.03286,0.04786,0.07464,0.00295,0.04546,248,1,True
vm_01998,1998,0,6.82,306.82,2625.85,2619.03,0.52019,0.14586,0.27063,0.12478,0.47028,1.1514,0.0149,0.01525,0.00325,0.00725,0.01601,0.00224,0.0071,66,2,True
vm_01949,1949,0,6.6,306.6,3785.88,3779.28,0.15476,0.03651,0.07874,0.04223,0.13786,1.3152,0.0133,0.0152,0.0072,0.0102,0.01672,0.00196,0.00979,132,3,True
vm_02119,2119,0,7.29,307.29,3252.25,3244.97,0.07607,0.03443,0.05109,0.01388,0.0719,2.0596,0.0722,0.06602,0.03102,0.04602,0.07262,0.00654,0.04372,33,1,True
vm_00584,584,0,1.82,301.82,9361.09,9359.27,0.24137,0.03103,0.10615,0.07512,0.21132,1.6521,0.0251,0.01514,0.00714,0.01014,0.01666,0.00487,0.00974,11,3,True
vm_01617,1617,0,5.42,305.42,14227.64,14222.22,0.09298,0.02342,0.05124,0.02319,0.08602,2.4104,0.0524,0.06394,0.02894,0.04394,0.07033,0.00362,0.04174,70,1,True
vm_02204,2204,0,7.61,307.61,11641.49,11633.88,0.07868,0.01377,0.03974,0.02164,0.07219,1.7836,0.0401,0.05418,0.01918,0.03418,0.0596,0.01399,0.03247,201,1,True
vm_02078,2078,0,7.13,307.13,706.34,699.21,0.09809,0.002,0.01,0.04894,0.07852,1.1788,0.0309,0.01439,0.00639,0.00939,0.01583,0.00442,0.00902,153,3,True
vm_01895,1895,0,6.39,306.39,6252.76,6246.37,0.41294,0.081,0.19165,0.11065,0.36868,0.9313,0.0229,0.01137,0.0005,0.00337,0.01194,0.00174,0.00331,46,2,True
vm_02055,2055,0,7.03,307.03,765.88,758.85,0.06021,0.001,0.01191,0.02683,0.05216,1.6462,0.0577,0.08101,0.04601,0.06101,0.08912,0.00452,0.05796,163,1,True
vm_01745,1745,0,5.89,305.89,2240.43,2234.54,0.12666,0.002,0.01,0.06481,0.10073,1.5745,0.0151,0.00989,0.00189,0.00489,0.01087,0.00558,0.00469,252,3,True
vm_02102,2102,0,7.22,307.22,466.71,459.48,0.09829,0.02565,0.0547,0.02421,0.09103,2.2562,0.0421,0.04749,0.01249,0.02749,0.05224,0.00347,0.02611,35,1,True
vm_00783,783,0,2.4,302.4,1956.54,1954.14,0.49537,0.15649,0.26945,0.11296,0.45019,1.3378,0.0072,0.009,0.0005,0.001,0.00945,0.00327,0.00098,292,2,True
vm_01186,1186,0,3.76,303.76,633.12,629.36,0.03453,0.001,0.00677,0.01542,0.0299,2.0655,0.0212,0.05873,0.02373,0.03873,0.0646,0.00277,0.03679,251,1,True
vm_00319,319,0,1.0,301.0,2405.2,2404.19,0.04844,0.001,0.00879,0.02203,0.04183,1.3931,0.0498,0.0808,0.0458,0.0608,0.08888,0.0074,0.05776,147,1,True
vm_01212,1212,0,3.87,303.87,11719.4,11715.53,0.13962,0.00483,0.05297,0.04814,0.12036,1.5072,0.0205,0.01743,0.00943,0.01243,0.01917,0.00421,0.01193,151,3,True
vm_00893,893,0,2.76,302.76,7152.39,7149.63,0.09497,0.02054,0.05031,0.02481,0.08753,2.2291,0.0215,0.06012,0.02512,0.04012,0.06613,0.01053,0.03812,106,1,True
vm_01814,1814,0,6.15,306.15,664.78,658.63,0.04315,0.00951,0.02297,0.01121,0.03979,2.469,0.0648,0.05968,0.02468,0.03968,0.06565,0.01062,0.0377,279,1,True
vm_00930,930,0,2.88,302.88,608.37,605.49,0.12076,0.02061,0.05638,0.03577,0.10645,1.3271,0.0268,0.0159,0.0079,0.0109,0.01749,0.00493,0.01046,187,3,True
vm_00966,966,0,3.0,303.0,2135.67,2132.67,0.08606,0.02497,0.04941,0.02036,0.07995,2.4492,0.0311,0.07079,0.03579,0.05079,0.07787,0.00255,0.04825,210,1,True
vm_01294,1294,0,4.19,304.19,2494.31,2490.12,0.0594,0.01203,0.03098,0.01579,0.05467,2.1979,0.0514,0.05281,0.01781,0.03281,0.05809,0.00294,0.03117,211,1,True
vm_00344,344,0,1.07,301.07,13386.38,13385.31,0.08655,0.0141,0.04308,0.02415,0.0793,1.8018,0.0323,0.05912,0.02412,0.03912,0.06504,0.00312,0.03717,130,1,True
vm_00399,399,0,1.24,301.24,8249.29,8248.05,0.37445,0.06971,0.17129,0.10158,0.33382,0.5419,0.0082,0.01655,0.00455,0.00855,0.01738,0.00249,0.00838,144,2,True
vm_00585,585,0,1.83,301.83,542.21,540.38,0.06542,0.037,0.04837,0.00947,0.06258,2.2317,0.0498,0.04491,0.00991,0.02491,0.04941,0.0011,0.02367,235,1,True
vm_00980,980,0,3.06,303.06,14295.98,14292.92,0.04546,0.001,0.00612,0.02186,0.0389,1.2421,0.0651,0.06853,0.03353,0.04853,0.07538,0.00325,0.0461,283,1,True
vm_01851,1851,0,6.22,306.22,568.93,562.71,0.12121,0.002,0.02683,0.05243,0.10023,1.4354,0.0119,0.01342,0.00542,0.00842,0.01476,0.00516,0.00808,113,3,True
vm_01381,1381,0,4.54,304.54,822.26,817.72,0.04718,0.001,0.005,0.02343,0.04015,1.3285,0.0745,0.05014,0.01514,0.03014,0.05516,0.00741,0.02864,95,1,True
vm_00293,293,0,0.92,300.92,7675.98,7675.06,0.06772,0.002,0.01241,0.03072,0.05543,1.1825,0.0239,0.01717,0.00917,0.01217,0.01889,0.00114,0.01169,93,3,True
vm_01165,1165,0,3.66,303.66,6914.13,6910.47,0.09002,0.002,0.01,0.04446,0.07224,1.9062,0.0488,0.01865,0.01065,0.01365,0.02051,0.00302,0.0131,120,3,True
vm_01578,1578,0,5.26,305.26,13564.64,13559.38,0.36165,0.10969,0.19368,0.08399,0.32806,0.9417,0.0275,0.01292,0.00092,0.00492,0.01357,0.00491,0.00482,119,2,True
vm_01515,1515,0,5.02,305.02,6175.48,6170.46,0.10543,0.03674,0.06422,0.02289,0.09856,2.3206,0.0473,0.05995,0.02495,0.03995,0.06595,0.0083,0.03795,117,1,True
vm_02264,2264,0,7.87,307.87,2329.18,2321.3,0.49787,0.13643,0.25691,0.12048,0.44968,1.2827,0.0229,0.02546,0.01346,0.01746,0.02674,0.00132,0.01712,19,2,True
vm_00142,142,0,0.46,300.46,10555.16,10554.7,0.0826,0.01036,0.03925,0.02408,0.07537,1.5851,0.038,0.06353,0.02853,0.04353,0.06988,0.01138,0.04135,213,1,True
vm_01107,1107,0,3.51,303.51,8354.35,8350.84,0.0876,0.03335,0.05505,0.01808,0.08218,2.455,0.0549,0.06895,0.03395,0.04895,0.07585,0.00448,0.0465,145,1,True
vm_00003,3,0,0.01,300.01,882.73,882.72,0.0597,0.00555,0.02721,0.01805,0.05428,1.6258,0.0401,0.06025,0.02525,0.04025,0.06627,0.0099,0.03824,155,1,True
vm_01122,1122,0,3.54,303.54,356.96,353.43,0.14718,0.04427,0.08102,0.03675,0.13248,1.8475,0.0397,0.01627,0.00827,0.01127,0.0179,0.00106,0.01082,287,3,True
vm_00577,577,0,1.8,301.8,460.41,458.61,0.07436,0.00416,0.03224,0.0234,0.06734,2.1787,0.0365,0.06642,0.03142,0.04642,0.07307,0.01319,0.0441,124,1,True
vm_01490,1490,0,4.9,304.9,8558.98,8554.07,0.04891,0.00934,0.02517,0.01319,0.04495,1.3593,0.0557,0.05428,0.01928,0.03428,0.05971,0.01256,0.03257,177,1,True
vm_00340,340,0,1.07,301.07,8422.59,8421.53,0.43957,0.03,0.12754,0.15601,0.37716,0.8589,0.0295,0.024,0.012,0.016,0.0252,0.00067,0.01568,251,2,True
vm_00359,359,0,1.12,301.12,778.64,777.52,0.0963,0.02999,0.05651,0.02211,0.08967,2.1966,0.0793,0.06133,0.02633,0.04133,0.06747,0.01338,0.03927,139,1,True
vm_00266,266,0,0.8,300.8,8510.43,8509.63,0.44277,0.03,0.15235,0.14521,0.38468,0.5133,0.0206,0.01485,0.00285,0.00685,0.01559,0.00458,0.00671,75,2,True
vm_00377,377,0,1.17,301.17,760.99,759.82,0.08234,0.02381,0.04722,0.01951,0.07649,1.4806,0.0555,0.0738,0.0388,0.0538,0.08118,0.01434,0.05111,43,1,True
vm_01403,1403,0,4.64,304.64,11598.26,11593.63,0.19312,0.0602,0.10767,0.04747,0.17414,1.414,0.0234,0.01631,0.00831,0.01131,0.01795,0.0017,0.01086,100,3,True
vm_00809,809,0,2.46,302.46,12913.97,12911.51,0.33647,0.03,0.10605,0.11521,0.29039,0.8911,0.0105,0.01469,0.00269,0.00669,0.01543,0.00241,0.00656,51,2,True
vm_00440,440,0,1.38,301.38,395.55,394.17,0.53169,0.19097,0.30455,0.11357,0.48626,1.3545,0.0286,0.02132,0.00932,0.01332,0.02238,0.00362,0.01305,266,2,True
vm_00272,272,0,0.84,300.84,9014.05,9013.21,0.47786,0.11563,0.23637,0.12074,0.42957,1.2777,0.0182,0.01527,0.00327,0.00727,0.01603,0.00368,0.00713,158,2,True
vm_01866,1866,0,6.29,306.29,5562.1,5555.8,0.42689,0.0963,0.2065,0.1102,0.38282,1.0704,0.0094,0.01513,0.00313,0.00713,0.01589,0.00393,0.00699,41,2,True
vm_01342,1342,0,4.4,304.4,597.91,593.51,0.34325,0.03,0.08,0.13163,0.2906,1.3194,0.0252,0.01096,0.0005,0.00296,0.01151,0.00159,0.0029,96,2,True
vm_00245,245,0,0.74,300.74,505.34,504.6,0.16037,0.002,0.0436,0.06487,0.13442,1.5076,0.0407,0.01144,0.00344,0.00644,0.01259,0.00471,0.00618,240,3,True
vm_01974,1974,0,6.72,306.72,749.74,743.02,0.08106,0.002,0.01,0.03948,0.06527,1.3796,0.0187,0.01363,0.00563,0.00863,0.015,0.00191,0.00829,183,3,True
vm_00862,862,0,2.64,302.64,738.57,735.93,0.2086,0.10852,0.14426,0.03574,0.1943,1.7749,0.0145,0.01519,0.00719,0.01019,0.0167,0.00459,0.00978,297,3,True
vm_00974,974,0,3.03,303.03,3322.46,3319.43,0.06766,0.01963,0.03885,0.01601,0.06286,1.6202,0.0285,0.07022,0.03522,0.05022,0.07724,0.01005,0.04771,58,1,True
vm_01081,1081,0,3.41,303.41,3633.78,3630.37,0.07709,0.00457,0.03047,0.0259,0.06673,1.5267,0.0478,0.01479,0.00679,0.00979,0.01627,0.00386,0.0094,152,3,True
vm_00841,841,0,2.58,302.58,1820.13,1817.55,0.18746,0.05445,0.10195,0.0475,0.16846,1.5875,0.0199,0.01187,0.00387,0.00687,0.01306,0.00521,0.0066,106,3,True
vm_02190,2190,0,7.55,307.55,506.72,499.17,0.08682,0.00503,0.03774,0.02726,0.07864,1.9613,0.0224,0.06307,0.02807,0.04307,0.06937,0.00463,0.04091,167,1,True
vm_00608,608,0,1.92,301.92,4529.47,4527.55,0.0737,0.02381,0.04376,0.01663,0.06871,2.1307,0.0531,0.05878,0.02378,0.03878,0.06466,0.00708,0.03684,203,1,True
vm_00416,416,0,1.31,301.31,405.65,404.34,0.04071,0.001,0.005,0.01984,0.03476,1.8272,0.0559,0.07762,0.04262,0.05762,0.08538,0.01204,0.05474,175,1,True
vm_00274,274,0,0.84,300.84,5438.51,5437.67,0.168,0.05747,0.09694,0.03947,0.15221,1.9395,0.0466,0.01646,0.00846,0.01146,0.0181,0.00102,0.011,149,3,True
vm_01182,1182,0,3.75,303.75,409.24,405.5,0.41333,0.03,0.12401,0.14466,0.35547,0.7748,0.0115,0.01548,0.00348,0.00748,0.01625,0.00427,0.00733,83,2,True
vm_00781,781,0,2.4,302.4,14142.37,14139.97,0.15649,0.04541,0.08508,0.03967,0.14062,1.2818,0.0278,0.01205,0.00405,0.00705,0.01325,0.00083,0.00677,106,3,True
vm_01084,1084,0,3.43,303.43,2580.46,2577.03,0.05414,0.00911,0.02712,0.01501,0.04964,2.0417,0.0228,0.05881,0.02381,0.03881,0.06469,0.00624,0.03687,136,1,True
vm_00251,251,0,0.75,300.75,10237.72,10236.96,0.15865,0.04819,0.08764,0.03945,0.14287,1.3515,0.0233,0.01684,0.00884,0.01184,0.01852,0.00092,0.01137,24,3,True
vm_00414,414,0,1.3,301.3,6780.05,6778.75,0.10198,0.002,0.03241,0.03865,0.08652,1.9722,0.0308,0.01259,0.00459,0.00759,0.01385,0.0014,0.00728,34,3,True
vm_01411,1411,0,4.66,304.66,11701.01,11696.35,0.08955,0.03483,0.05671,0.01824,0.08407,2.159,0.0727,0.0618,0.0268,0.0418,0.06798,0.0121,0.03971,55,1,True
vm_01682,1682,0,5.66,305.66,758.64,752.98,0.08815,0.03971,0.05908,0.01615,0.08331,1.6951,0.0294,0.07599,0.04099,0.05599,0.08359,0.01155,0.05319,161,1,True
vm_01985,1985,0,6.76,306.76,10108.14,10101.38,0.09495,0.002,0.03215,0.03489,0.081,1.9852,0.032,0.01737,0.00937,0.01237,0.0191,0.00141,0.01187,115,3,True
vm_00311,311,0,0.98,300.98,686.46,685.48,0.1102,0.02154,0.057,0.02955,0.10133,1.5648,0.0515,0.04666,0.01166,0.02666,0.05133,0.01205,0.02533,88,1,True
vm_00938,938,0,2.92,302.92,514.49,511.57,0.09262,0.02923,0.05459,0.02113,0.08628,1.4287,0.0426,0.05427,0.01927,0.03427,0.0597,0.00477,0.03256,76,1,True
vm_01979,1979,0,6.74,306.74,879.46,872.72,0.09992,0.02388,0.05104,0.02716,0.08906,1.9855,0.011,0.00911,0.00111,0.00411,0.01002,0.00513,0.00395,294,3,True
vm_00426,426,0,1.33,301.33,9134.19,9132.86,0.04717,0.001,0.01005,0.02062,0.04098,2.4105,0.0504,0.05006,0.01506,0.03006,0.05506,0.01204,0.02855,254,1,True
vm_02227,2227,0,7.7,307.7,12437.58,12429.87,0.09065,0.00806,0.03755,0.0295,0.07885,1.2248,0.0357,0.01295,0.00495,0.00795,0.01425,0.00447,0.00763,233,3,True
vm_02232,2232,0,7.73,307.73,336.78,329.05,0.03833,0.001,0.005,0.01852,0.03278,1.6148,0.0531,0.04261,0.00761,0.02261,0.04687,0.00746,0.02148,47,1,True
vm_02074,2074,0,7.11,307.11,754.44,747.33,0.31391,0.03,0.08,0.11695,0.26713,1.2005,0.0154,0.01868,0.00668,0.01068,0.01962,0.00409,0.01047,65,2,True
vm_00722,722,0,2.23,302.23,2740.96,2738.73,0.07033,0.001,0.01895,0.02854,0.06176,2.068,0.0336,0.05416,0.01916,0.03416,0.05958,0.00328,0.03246,224,1,True
vm_01741,1741,0,5.87,305.87,10480.6,10474.73,0.0502,0.00227,0.02145,0.01598,0.04541,1.9205,0.0356,0.05185,0.01685,0.03185,0.05704,0.00741,0.03026,88,1,True
vm_00349,349,0,1.09,301.09,4002.08,4000.99,0.11404,0.002,0.01321,0.05602,0.09164,1.5436,0.0365,0.02037,0.01237,0.01537,0.02241,0.00248,0.01476,210,3,True
vm_01877,1877,0,6.33,306.33,10851.75,10845.42,0.33806,0.03,0.08,0.12903,0.28645,0.6155,0.0114,0.01483,0.00283,0.00683,0.01557,0.00493,0.00669,206,2,True
vm_01179,1179,0,3.72,303.72,4567.32,4563.6,0.15699,0.04799,0.08692,0.03893,0.14142,1.3068,0.0206,0.01422,0.00622,0.00922,0.01564,0.00343,0.00885,148,3,True
vm_00527,527,0,1.64,301.64,7911.39,7909.75,0.34023,0.03,0.08,0.13011,0.28818,0.8519,0.0064,0.01456,0.00256,0.00656,0.01528,0.00454,0.00642,162,2,True
vm_00926,926,0,2.87,302.87,12229.78,12226.91,0.04489,0.001,0.01149,0.01855,0.03932,1.8861,0.0503,0.04629,0.01129,0.02629,0.05092,0.01389,0.02497,205,1,True
vm_00364,364,0,1.14,301.14,510.51,509.37,0.07869,0.001,0.03026,0.02691,0.07062,1.6471,0.0458,0.05358,0.01858,0.03358,0.05894,0.01367,0.0319,93,1,True
vm_00183,183,0,0.56,300.56,6598.8,6598.24,0.35353,0.06435,0.16074,0.09639,0.31497,0.6231,0.0262,0.01494,0.00294,0.00694,0.01569,0.00486,0.00681,259,2,True
vm_00171,171,0,0.53,300.53,10595.17,10594.63,0.13157,0.002,0.04603,0.04752,0.11256,1.3209,0.0305,0.01536,0.00736,0.01036,0.01689,0.00467,0.00994,38,3,True
vm_01026,1026,0,3.21,303.21,801.87,798.65,0.35389,0.03,0.12949,0.1122,0.30901,0.5757,0.0089,0.01336,0.00136,0.00536,0.01402,0.00334,0.00525,169,2,True
vm_00924,924,0,2.87,302.87,565.58,562.71,0.12275,0.002,0.01602,0.0593,0.09903,1.6454,0.0148,0.01642,0.00842,0.01142,0.01806,0.00238,0.01096,31,3,True
vm_02201,2201,0,7.6,307.6,631.01,623.42,0.0759,0.01137,0.03718,0.02151,0.06945,1.4137,0.0453,0.0524,0.0174,0.0324,0.05764,0.01426,0.03078,242,1,True
vm_00813,813,0,2.47,302.47,3692.71,3690.25,0.05267,0.00803,0.02588,0.01488,0.0482,1.8496,0.025,0.05798,0.02298,0.03798,0.06378,0.00438,0.03608,272,1,True
vm_00188,188,0,0.58,300.58,5509.52,5508.94,0.0546,0.001,0.02138,0.01846,0.04906,2.3159,0.0724,0.05571,0.02071,0.03571,0.06128,0.00751,0.03392,53,1,True
vm_00620,620,0,1.94,301.94,5015.3,5013.36,0.07089,0.00741,0.0328,0.02116,0.06454,1.6198,0.0786,0.03478,0.005,0.01478,0.03826,0.01116,0.01405,253,1,True
vm_00152,152,0,0.49,300.49,808.44,807.95,0.59686,0.1781,0.31768,0.13959,0.54103,0.5134,0.028,0.0194,0.0074,0.0114,0.02037,0.00208,0.01118,113,2,True
vm_00159,159,0,0.51,300.51,6296.23,6295.72,0.04874,0.001,0.01275,0.02,0.04274,2.0893,0.0582,0.06275,0.02775,0.04275,0.06902,0.01168,0.04061,35,1,True
vm_01595,1595,0,5.33,305.33,739.69,734.36,0.06413,0.001,0.02186,0.02349,0.05709,1.7829,0.0286,0.06199,0.02699,0.04199,0.06819,0.00844,0.03989,84,1,True
vm_00273,273,0,0.84,300.84,3465.58,3464.74,0.80859,0.33245,0.49116,0.15871,0.7451,0.6176,0.0136,0.01357,0.00157,0.00557,0.01425,0.00452,0.00546,267,2,True
vm_00615,615,0,1.93,301.93,717.46,715.53,0.19968,0.06272,0.11163,0.04892,0.18012,1.1071,0.0398,0.01577,0.00777,0.01077,0.01735,0.00381,0.01034,115,3,True
vm_01995,1995,0,6.81,306.81,309.59,302.79,0.07012,0.01102,0.03466,0.0197,0.06421,2.1767,0.0252,0.07096,0.03596,0.05096,0.07806,0.01407,0.04841,146,1,True
vm_02271,2271,0,7.92,307.92,6255.28,6247.37,0.08084,0.00426,0.03489,0.02553,0.07318,2.1206,0.0673,0.08133,0.04633,0.06133,0.08946,0.00878,0.05826,78,1,True
vm_01249,1249,0,4.0,304.0,871.47,867.47,0.55655,0.16021,0.29232,0.13211,0.5037,0.925,0.0176,0.01968,0.00768,0.01168,0.02067,0.00153,0.01145,162,2,True
vm_00372,372,0,1.16,301.16,8056.57,8055.4,0.14866,0.01615,0.06348,0.04733,0.12973,1.8489,0.0104,0.01675,0.00875,0.01175,0.01842,0.00532,0.01128,51,3,True
vm_00223,223,0,0.67,300.67,3158.67,3158.0,0.06439,0.001,0.005,0.03299,0.05449,1.3616,0.0596,0.06911,0.03411,0.04911,0.07602,0.00952,0.04666,195,1,True
vm_00594,594,0,1.87,301.87,305.18,303.31,0.06628,0.00623,0.03025,0.02002,0.06027,2.1166,0.0669,0.03889,0.005,0.01889,0.04277,0.01029,0.01794,201,1,True
vm_02169,2169,0,7.45,307.45,14003.72,13996.27,0.15117,0.002,0.04825,0.05718,0.1283,1.6082,0.033,0.0164,0.0084,0.0114,0.01804,0.00447,0.01094,159,3,True
vm_01821,1821,0,6.17,306.17,13700.07,13693.9,0.14892,0.02797,0.07117,0.0432,0.13164,1.0047,0.0438,0.01312,0.00512,0.00812,0.01443,0.00229,0.0078,23,3,True
vm_01602,1602,0,5.36,305.36,640.67,635.31,0.16789,0.02494,0.07599,0.05106,0.14747,1.6508,0.0413,0.01553,0.00753,0.01053,0.01708,0.00326,0.01011,221,3,True
vm_01226,1226,0,3.92,303.92,3683.22,3679.3,0.42563,0.0565,0.17954,0.12304,0.37642,0.79,0.0155,0.01511,0.00311,0.00711,0.01586,0.00469,0.00696,110,2,True
vm_00840,840,0,2.58,302.58,776.42,773.85,0.10004,0.01686,0.05013,0.02773,0.09172,1.7784,0.0538,0.05863,0.02363,0.03863,0.06449,0.00548,0.0367,92,1,True
vm_00688,688,0,2.14,302.14,4223.41,4221.27,0.05034,0.001,0.01956,0.0171,0.04521,1.521,0.0303,0.06126,0.02626,0.04126,0.06738,0.0057,0.03919,222,1,True
vm_00137,137,0,0.44,300.44,12031.19,12030.75,0.13204,0.002,0.0271,0.0583,0.10872,1.0946,0.0371,0.01783,0.00983,0.01283,0.01962,0.00192,0.01232,103,3,True
vm_00519,519,0,1.63,301.63,11902.9,11901.28,0.04983,0.01205,0.02716,0.0126,0.04605,2.1468,0.072,0.07459,0.03959,0.05459,0.08205,0.0065,0.05186,154,1,True
vm_01174,1174,0,3.69,303.69,10014.4,10010.71,0.20871,0.09098,0.13303,0.04204,0.19189,1.9835,0.0372,0.0169,0.0089,0.0119,0.01859,0.00266,0.01143,127,3,True
vm_00335,335,0,1.04,301.04,6541.64,6540.6,0.04797,0.001,0.01344,0.01918,0.04222,2.4469,0.0365,0.05537,0.02037,0.03537,0.0609,0.01398,0.0336,236,1,True
vm_00782,782,0,2.4,302.4,8777.81,8775.41,0.28302,0.03,0.08,0.10151,0.24241,1.2041,0.0097,0.00929,0.0005,0.00129,0.00975,0.00055,0.00126,153,2,True
vm_01518,1518,0,5.02,305.02,10876.39,10871.36,0.13891,0.002,0.04855,0.0502,0.11883,1.0602,0.016,0.01193,0.00393,0.00693,0.01312,0.00226,0.00665,117,3,True
vm_01819,1819,0,6.16,306.16,874.34,868.17,0.07747,0.03129,0.04976,0.01539,0.07285,2.4848,0.0695,0.06171,0.02671,0.04171,0.06788,0.00914,0.03963,197,1,True
vm_01358,1358,0,4.45,304.45,694.3,689.85,0.14098,0.002,0.05079,0.05011,0.12094,1.7922,0.0331,0.00951,0.00151,0.00451,0.01047,0.00296,0.00433,201,3,True
vm_00975,975,0,3.04,303.04,5721.68,5718.64,0.14797,0.002,0.04466,0.0574,0.12501,1.516,0.0218,0.00999,0.00199,0.00499,0.01099,0.00112,0.00479,85,3,True
vm_00991,991,0,3.11,303.11,348.81,345.7,0.39114,0.03,0.13231,0.12942,0.33938,1.2353,0.0266,0.02175,0.00975,0.01375,0.02283,0.00289,0.01347,137,2,True
vm_00711,711,0,2.21,302.21,470.62,468.41,0.08788,0.02585,0.05066,0.02068,0.08168,1.6559,0.0616,0.06088,0.02588,0.04088,0.06697,0.00571,0.03883,116,1,True
vm_00016,16,0,0.05,300.05,644.06,644.01,0.10815,0.002,0.02136,0.04822,0.08886,1.309,0.0456,0.01488,0.00688,0.00988,0.01637,0.00569,0.00949,252,3,True
vm_01091,1091,0,3.45,303.45,1881.72,1878.27,0.05423,0.001,0.01812,0.02006,0.04821,2.2194,0.0528,0.07239,0.03739,0.05239,0.07963,0.00972,0.04977,71,1,True
vm_00288,288,0,0.88,300.88,3084.58,3083.7,0.14002,0.00793,0.0551,0.04718,0.12115,1.8692,0.0374,0.01592,0.00792,0.01092,0.01752,0.00185,0.01049,162,3,True
vm_01230,1230,0,3.93,303.93,3317.74,3313.8,0.0567,0.01101,0.02928,0.01523,0.05213,2.119,0.0723,0.05473,0.01973,0.03473,0.06021,0.00909,0.033,12,1,True
vm_02173,2173,0,7.46,307.46,877.61,870.15,0.14833,0.02336,0.06799,0.04463,0.13048,1.7479,0.0354,0.00839,0.0005,0.00339,0.00923,0.0055,0.00325,258,3,True
vm_01335,1335,0,4.36,304.36,6234.05,6229.69,0.0627,0.00231,0.02647,0.02013,0.05666,1.8719,0.0426,0.07879,0.04379,0.05879,0.08667,0.00887,0.05585,36,1,True
vm_02111,2111,0,7.27,307.27,2129.54,2122.27,0.40482,0.05794,0.17357,0.11563,0.35857,0.8921,0.0271,0.01732,0.00532,0.00932,0.01819,0.00139,0.00913,35,2,True
vm_00571,571,0,1.78,301.78,4407.86,4406.08,0.17448,0.01587,0.07252,0.05665,0.15182,1.9096,0.0378,0.0138,0.0058,0.0088,0.01518,0.00279,0.00844,260,3,True
vm_00655,655,0,2.01,302.01,3309.75,3307.74,0.48084,0.17276,0.27545,0.10269,0.43976,0.7721,0.0147,0.01415,0.00215,0.00615,0.01486,0.00189,0.00603,144,2,True
vm_01840,1840,0,6.2,306.2,755.98,749.78,0.54162,0.17582,0.29775,0.12193,0.49285,1.3188,0.0222,0.01416,0.00216,0.00616,0.01487,0.00407,0.00604,203,2,True
vm_01250,1250,0,4.0,304.0,11138.88,11134.87,0.05043,0.001,0.01757,0.01826,0.04496,2.2278,0.0733,0.06351,0.02851,0.04351,0.06986,0.01306,0.04133,60,1,True
vm_00466,466,0,1.44,301.44,12037.98,12036.54,0.06843,0.001,0.02789,0.02252,0.06167,1.8188,0.0646,0.05096,0.01596,0.03096,0.05606,0.00142,0.02941,206,1,True
vm_01147,1147,0,3.61,303.61,7734.11,7730.5,0.07656,0.001,0.02738,0.02733,0.06837,1.2818,0.042,0.07538,0.04038,0.05538,0.08292,0.00906,0.05261,252,1,True
vm_00200,200,0,0.61,300.61,9436.41,9435.8,0.12205,0.002,0.03036,0.05094,0.10168,1.8744,0.0184,0.01233,0.00433,0.00733,0.01357,0.00119,0.00704,237,3,True
vm_01134,1134,0,3.57,303.57,4960.31,4956.74,0.05481,0.001,0.00682,0.02666,0.04682,2.1862,0.028,0.05664,0.02164,0.03664,0.06231,0.00251,0.03481,32,1,True
vm_01547,1547,0,5.14,305.14,3892.17,3887.02,0.5551,0.16614,0.29579,0.12965,0.50324,1.2104,0.0076,0.01956,0.00756,0.01156,0.02054,0.00142,0.01133,204,2,True
vm_02174,2174,0,7.46,307.46,673.76,666.29,0.06402,0.001,0.02321,0.02267,0.05722,1.3024,0.0567,0.07299,0.03799,0.05299,0.08028,0.01174,0.05034,259,1,True
vm_01793,1793,0,6.08,306.08,776.23,770.15,0.43238,0.07582,0.19467,0.11885,0.38483,0.81,0.0096,0.01004,0.0005,0.00204,0.01054,0.00164,0.002,53,2,True
vm_01455,1455,0,4.81,304.81,3712.17,3707.36,0.08665,0.01899,0.04605,0.02255,0.07988,1.2354,0.0266,0.05436,0.01936,0.03436,0.0598,0.00106,0.03264,70,1,True
vm_02092,2092,0,7.18,307.18,12559.71,12552.53,0.34293,0.03,0.12756,0.10769,0.29986,1.1197,0.0291,0.02285,0.01085,0.01485,0.024,0.00086,0.01456,182,2,True
vm_01790,1790,0,6.07,306.07,12653.13,12647.06,0.15767,0.05574,0.09214,0.0364,0.1431,1.316,0.0216,0.01628,0.00828,0.01128,0.01791,0.00486,0.01083,75,3,True
vm_01672,1672,0,5.61,305.61,815.68,810.07,0.08781,0.001,0.03333,0.03027,0.07873,1.9981,0.0564,0.04756,0.01256,0.02756,0.05231,0.00883,0.02618,261,1,True
vm_01208,1208,0,3.86,303.86,813.83,809.97,0.063,0.00962,0.03097,0.01779,0.05766,1.9758,0.043,0.06921,0.03421,0.04921,0.07613,0.00114,0.04675,140,1,True
vm_00592,592,0,1.86,301.86,8077.38,8075.52,0.08707,0.00757,0.03596,0.02839,0.07571,1.2949,0.0353,0.01232,0.00432,0.00732,0.01355,0.00454,0.00702,156,3,True
vm_01271,1271,0,4.1,304.1,897.89,893.79,0.05128,0.001,0.005,0.02571,0.04357,1.2773,0.0764,0.05446,0.01946,0.03446,0.05991,0.01094,0.03274,262,1,True
vm_01968,1968,0,6.7,306.7,797.57,790.87,0.61529,0.11556,0.28214,0.16658,0.54866,1.3881,0.0196,0.02012,0.00812,0.01212,0.02113,0.00409,0.01188,243,2,True
vm_01056,1056,0,3.33,303.33,4468.73,4465.4,0.13035,0.002,0.04372,0.04813,0.1111,1.2044,0.049,0.00737,0.0005,0.00237,0.00811,0.0012,0.00228,126,3,True
vm_01822,1822,0,6.17,306.17,11584.43,11578.26,0.43922,0.22534,0.29664,0.07129,0.4107,0.7595,0.0082,0.01287,0.00087,0.00487,0.01351,0.00136,0.00477,8,2,True
vm_01804,1804,0,6.13,306.13,5145.9,5139.77,0.08531,0.002,0.01597,0.03852,0.0699,1.5275,0.0371,0.01238,0.00438,0.00738,0.01361,0.00432,0.00708,163,3,True
vm_01710,1710,0,5.75,305.75,11566.69,11560.94,0.09436,0.01919,0.04926,0.02506,0.08685,2.0467,0.0731,0.05041,0.01541,0.03041,0.05545,0.00357,0.02889,56,1,True
vm_01321,1321,0,4.3,304.3,763.62,759.32,0.21425,0.03275,0.09757,0.06482,0.18832,1.6472,0.0289,0.01174,0.00374,0.00674,0.01291,0.00193,0.00647,4,3,True
vm_00933,933,0,2.89,302.89,7903.68,7900.79,0.08341,0.03478,0.05423,0.01621,0.07855,2.3453,0.041,0.05205,0.01705,0.03205,0.05725,0.00385,0.03044,194,1,True
vm_00817,817,0,2.49,302.49,729.95,727.46,0.31061,0.03,0.10708,0.10177,0.2699,1.1503,0.0086,0.01997,0.00797,0.01197,0.02097,0.00247,0.01173,88,2,True
vm_00044,44,0,0.14,300.14,14307.9,14307.76,0.07506,0.00187,0.03114,0.0244,0.06774,1.6289,0.0271,0.05709,0.02209,0.03709,0.0628,0.0097,0.03524,143,1,True
vm_01339,1339,0,4.38,304.38,7726.32,7721.93,0.1047,0.02674,0.05792,0.02598,0.0969,1.9826,0.0581,0.06711,0.03211,0.04711,0.07382,0.0094,0.04475,110,1,True
vm_00275,275,0,0.85,300.85,7364.29,7363.44,0.71568,0.311,0.4459,0.13489,0.66172,0.5483,0.0266,0.01403,0.00203,0.00603,0.01474,0.00149,0.00591,128,2,True
vm_01414,1414,0,4.67,304.67,11962.53,11957.86,0.31537,0.03,0.08913,0.11312,0.27013,0.5433,0.0201,0.01781,0.00581,0.00981,0.0187,0.00235,0.00961,68,2,True
vm_00866,866,0,2.65,302.65,13191.75,13189.1,0.15707,0.002,0.04884,0.06013,0.13302,1.3095,0.0164,0.00931,0.00131,0.00431,0.01024,0.00456,0.00414,18,3,True
vm_00102,102,0,0.33,300.33,374.05,373.72,0.08778,0.03338,0.05514,0.01813,0.08234,1.7382,0.0742,0.05018,0.01518,0.03018,0.05519,0.00374,0.02867,284,1,True
vm_01227,1227,0,3.92,303.92,11132.5,11128.58,0.34542,0.05824,0.15397,0.09573,0.30713,1.1996,0.0108,0.02092,0.00892,0.01292,0.02196,0.00155,0.01266,163,2,True
vm_01113,1113,0,3.52,303.52,7179.1,7175.58,0.06746,0.002,0.02256,0.02494,0.05748,1.8983,0.0119,0.0122,0.0042,0.0072,0.01342,0.00488,0.00691,264,3,True
vm_01394,1394,0,4.56,304.56,9261.09,9256.53,0.07751,0.03723,0.05334,0.01343,0.07348,2.3939,0.0422,0.05222,0.01722,0.03222,0.05744,0.00305,0.03061,127,1,True
vm_00108,108,0,0.35,300.35,854.15,853.8,0.08487,0.02673,0.04999,0.01938,0.07906,1.5303,0.0663,0.06737,0.03237,0.04737,0.07411,0.00421,0.045,43,1,True
vm_01320,1320,0,4.29,304.29,7910.37,7906.08,0.05926,0.001,0.01922,0.02224,0.05258,2.1003,0.066,0.06826,0.03326,0.04826,0.07508,0.00688,0.04585,212,1,True
vm_00498,498,0,1.56,301.56,4598.82,4597.26,0.49252,0.07784,0.21607,0.13823,0.43723,1.0142,0.0156,0.01602,0.00402,0.00802,0.01682,0.00053,0.00786,230,2,True
vm_02282,2282,0,7.95,307.95,8219.54,8211.59,0.05025,0.001,0.01253,0.02095,0.04396,1.3196,0.0617,0.06722,0.03222,0.04722,0.07394,0.01284,0.04486,101,1,True
vm_00803,803,0,2.44,302.44,5244.85,5242.41,0.47249,0.07552,0.20785,0.13232,0.41956,0.7833,0.0156,0.01532,0.00332,0.00732,0.01608,0.00427,0.00717,247,2,True
vm_01652,1652,0,5.56,305.56,3147.81,3142.24,0.13506,0.002,0.0379,0.05398,0.11347,1.0516,0.0364,0.01177,0.00377,0.00677,0.01295,0.00561,0.0065,284,3,True
vm_01135,1135,0,3.57,303.57,5310.36,5306.79,0.0603,0.001,0.01388,0.02579,0.05257,1.9279,0.0347,0.05342,0.01842,0.03342,0.05876,0.00308,0.03175,274,1,True
vm_01869,1869,0,6.3,306.3,10635.61,10629.31,0.05699,0.001,0.02003,0.02053,0.05083,1.4046,0.0241,0.06204,0.02704,0.04204,0.06825,0.00471,0.03994,293,1,True
vm_01317,1317,0,4.28,304.28,14239.87,14235.59,0.07547,0.002,0.01322,0.03458,0.06164,1.4248,0.0121,0.0122,0.0042,0.0072,0.01342,0.00146,0.00691,111,3,True
vm_01424,1424,0,4.72,304.72,3811.48,3806.76,0.06364,0.02031,0.03764,0.01445,0.05931,2.1503,0.0329,0.0417,0.0067,0.0217,0.04588,0.01481,0.02062,215,1,True
vm_01894,1894,0,6.39,306.39,2606.63,2600.24,0.4029,0.06108,0.17502,0.11394,0.35733,0.7472,0.0216,0.02216,0.01016,0.01416,0.02327,0.00425,0.01388,223,2,True
vm_02108,2108,0,7.26,307.26,4355.39,4348.13,0.05935,0.002,0.01,0.02742,0.04839,1.198,0.0431,0.01797,0.00997,0.01297,0.01976,0.00424,0.01245,106,3,True
vm_01015,1015,0,3.18,303.18,383.59,380.41,0.11124,0.01372,0.04855,0.03483,0.09731,1.6355,0.0257,0.01908,0.01108,0.01408,0.02099,0.00455,0.01352,50,3,True
vm_01932,1932,0,6.53,306.53,539.93,533.4,0.43056,0.12652,0.22787,0.10135,0.39002,0.9593,0.0187,0.01211,0.0005,0.00411,0.01271,0.00085,0.00402,47,2,True
vm_00713,713,0,2.21,302.21,598.09,595.88,0.5957,0.2178,0.34377,0.12597,0.54532,0.7824,0.0296,0.015,0.003,0.007,0.01575,0.00455,0.00686,26,2,True
vm_00073,73,0,0.25,300.25,886.85,886.6,0.12093,0.02969,0.06618,0.03041,0.1118,1.2775,0.0576,0.06314,0.02814,0.04314,0.06945,0.00387,0.04098,153,1,True
vm_00501,501,0,1.58,301.58,5261.0,5259.42,0.06643,0.0245,0.04127,0.01398,0.06224,1.4769,0.0626,0.07269,0.03769,0.05269,0.07996,0.00689,0.05005,283,1,True
vm_01557,1557,0,5.18,305.18,10411.08,10405.9,0.05585,0.001,0.01256,0.02405,0.04863,1.4094,0.068,0.05891,0.02391,0.03891,0.0648,0.00599,0.03697,15,1,True
vm_01500,1500,0,4.93,304.93,12357.2,12352.26,0.04182,0.00278,0.0184,0.01301,0.03792,2.1576,0.0338,0.06996,0.03496,0.04996,0.07695,0.00935,0.04746,195,1,True
vm_02210,2210,0,7.64,307.64,12845.52,12837.89,0.1596,0.04625,0.08673,0.04048,0.14341,1.7054,0.012,0.01694,0.00894,0.01194,0.01863,0.00321,0.01146,38,3,True
vm_00482,482,0,1.51,301.51,2713.35,2711.84,0.06828,0.001,0.01878,0.0275,0.06003,1.35,0.027,0.06534,0.03034,0.04534,0.07187,0.00613,0.04307,5,1,True
vm_01380,1380,0,4.54,304.54,10757.49,10752.96,0.50175,0.09246,0.22889,0.13643,0.44718,0.7785,0.0105,0.01385,0.00185,0.00585,0.01454,0.00483,0.00573,124,2,True
vm_00507,507,0,1.59,301.59,11540.13,11538.53,0.24246,0.12057,0.16411,0.04353,0.22505,1.5162,0.0328,0.01436,0.00636,0.00936,0.01579,0.00426,0.00898,96,3,True
vm_01839,1839,0,6.2,306.2,12953.95,12947.75,0.0938,0.002,0.03347,0.03352,0.08039,1.4122,0.0228,0.01267,0.00467,0.00767,0.01394,0.00548,0.00736,292,3,True
vm_01074,1074,0,3.39,303.39,901.52,898.14,0.12241,0.002,0.022,0.05578,0.1001,1.644,0.0126,0.01101,0.00301,0.00601,0.01211,0.00258,0.00577,147,3,True
vm_02122,2122,0,7.3,307.3,11574.65,11567.35,0.44627,0.16761,0.2605,0.09289,0.40912,0.8863,0.0145,0.01548,0.00348,0.00748,0.01625,0.002,0.00733,210,2,True
vm_01367,1367,0,4.48,304.48,12315.22,12310.74,0.17352,0.06006,0.10058,0.04052,0.15731,1.6142,0.0372,0.01023,0.00223,0.00523,0.01125,0.00124,0.00502,182,3,True
vm_02287,2287,0,7.97,307.97,14026.34,14018.37,0.2177,0.10029,0.14222,0.04193,0.20093,1.1816,0.046,0.01269,0.00469,0.00769,0.01396,0.00438,0.00738,222,3,True
vm_01222,1222,0,3.91,303.91,576.1,572.2,0.32585,0.03,0.08,0.12292,0.27668,1.2205,0.0268,0.01753,0.00553,0.00953,0.01841,0.0007,0.00934,132,2,True
vm_01695,1695,0,5.69,305.69,2474.37,2468.68,0.06511,0.01131,0.03283,0.01793,0.05973,1.7258,0.0781,0.07404,0.03904,0.05404,0.08145,0.01072,0.05134,226,1,True
vm_01319,1319,0,4.29,304.29,4925.69,4921.4,0.3268,0.05054,0.14263,0.09209,0.28996,1.1544,0.0193,0.0221,0.0101,0.0141,0.0232,0.00361,0.01382,103,2,True
vm_01989,1989,0,6.78,306.78,875.5,868.72,0.0693,0.001,0.02424,0.02504,0.06179,2.3097,0.028,0.051,0.016,0.031,0.0561,0.0046,0.02945,73,1,True
vm_01684,1684,0,5.66,305.66,6649.22,6643.56,0.3414,0.03,0.08,0.1307,0.28912,0.93,0.0051,0.0169,0.0049,0.0089,0.01775,0.00446,0.00872,4,2,True
vm_00312,312,0,0.98,300.98,755.67,754.69,0.14173,0.01314,0.05907,0.04592,0.12336,1.0284,0.0246,0.0169,0.0089,0.0119,0.01859,0.00206,0.01143,161,3,True
vm_01195,1195,0,3.8,303.8,13510.59,13506.79,0.09096,0.01714,0.04667,0.02461,0.08358,2.3508,0.0672,0.05638,0.02138,0.03638,0.06201,0.01058,0.03456,271,1,True
vm_00406,406,0,1.26,301.26,853.04,851.78,0.12361,0.002,0.02634,0.05404,0.10199,1.8578,0.0433,0.0072,0.0005,0.0022,0.00792,0.00412,0.00211,103,3,True
vm_00758,758,0,2.34,302.34,14359.86,14357.52,0.04704,0.001,0.00701,0.02224,0.04037,1.3317,0.0304,0.05893,0.02393,0.03893,0.06482,0.01114,0.03698,120,1,True
vm_01136,1136,0,3.57,303.57,2527.83,2524.26,0.0547,0.001,0.0216,0.01839,0.04919,1.2063,0.0524,0.05625,0.02125,0.03625,0.06188,0.00366,0.03444,140,1,True
vm_01343,1343,0,4.4,304.4,10534.95,10530.55,0.09931,0.002,0.03144,0.0377,0.08423,1.2136,0.0192,0.0116,0.0036,0.0066,0.01276,0.00236,0.00634,266,3,True
vm_01088,1088,0,3.45,303.45,5577.22,5573.77,0.53478,0.2136,0.32066,0.10706,0.49196,1.1125,0.022,0.01662,0.00462,0.00862,0.01745,0.00326,0.00845,37,2,True
vm_01714,1714,0,5.77,305.77,12568.47,12562.7,0.09355,0.002,0.01,0.04642,0.07498,1.62,0.0335,0.00778,0.0005,0.00278,0.00856,0.00107,0.00267,282,3,True
vm_00310,310,0,0.98,300.98,340.79,339.81,0.26596,0.11851,0.17117,0.05266,0.24489,1.5527,0.0386,0.01674,0.00874,0.01174,0.01841,0.00274,0.01127,128,3,True
vm_00227,227,0,0.68,300.68,8113.67,8113.0,0.61662,0.23495,0.36217,0.12722,0.56573,0.7996,0.0081,0.02442,0.01242,0.01642,0.02564,0.00357,0.01609,229,2,True
vm_00744,744,0,2.29,302.29,662.74,660.45,0.08745,0.001,0.03309,0.0302,0.07839,1.6824,0.0435,0.06629,0.03129,0.04629,0.07292,0.00864,0.04398,107,1,True
vm_00807,807,0,2.45,302.45,10022.37,10019.91,0.04818,0.001,0.005,0.02399,0.04098,1.9604,0.0611,0.07744,0.04244,0.05744,0.08518,0.00459,0.05457,57,1,True
vm_02121,2121,0,7.29,307.29,8821.7,8814.4,0.26726,0.03,0.08732,0.08997,0.23127,0.8484,0.0223,0.01984,0.00784,0.01184,0.02083,0.00166,0.0116,255,2,True
vm_02292,2292,0,7.99,307.99,605.39,597.4,0.34113,0.03,0.08,0.13056,0.2889,1.3105,0.028,0.01318,0.00118,0.00518,0.01384,0.00323,0.00507,17,2,True
vm_01582,1582,0,5.27,305.27,13131.92,13126.66,0.03889,0.001,0.00982,0.01615,0.03405,1.2891,0.0555,0.05277,0.01777,0.03277,0.05805,0.00795,0.03113,96,1,True
vm_02001,2001,0,6.83,306.83,615.8,608.96,0.17386,0.09008,0.12,0.02992,0.16189,1.3832,0.0293,0.01559,0.00759,0.01059,0.01715,0.00461,0.01016,159,3,True
vm_01194,1194,0,3.8,303.8,4017.04,4013.24,0.40659,0.03,0.14681,0.12989,0.35463,1.1551,0.0219,0.01627,0.00427,0.00827,0.01709,0.00499,0.00811,110,2,True
vm_01248,1248,0,4.0,304.0,10508.96,10504.96,0.13704,0.02202,0.06309,0.04108,0.1206,1.4499,0.021,0.00793,0.0005,0.00293,0.00872,0.0059,0.00281,190,3,True
vm_01164,1164,0,3.66,303.66,8987.2,8983.54,0.14683,0.01123,0.05966,0.04843,0.12746,1.9653,0.032,0.01311,0.00511,0.00811,0.01442,0.00213,0.00779,24,3,True
vm_00149,149,0,0.48,300.48,2416.71,2416.23,0.18269,0.002,0.06622,0.06471,0.15681,1.2218,0.0422,0.01389,0.00589,0.00889,0.01528,0.00233,0.00853,208,3,True
vm_01028,1028,0,3.23,303.23,608.9,605.67,0.30757,0.06294,0.14448,0.08154,0.27495,1.0203,0.0232,0.01467,0.00267,0.00667,0.01541,0.00365,0.00654,105,2,True
vm_02255,2255,0,7.84,307.84,10562.72,10554.87,0.15147,0.02375,0.06936,0.04562,0.13323,1.1723,0.0225,0.01666,0.00866,0.01166,0.01832,0.00121,0.01119,260,3,True
vm_01619,1619,0,5.43,305.43,590.05,584.62,0.20467,0.13385,0.15915,0.02529,0.19456,1.253,0.0124,0.01724,0.00924,0.01224,0.01896,0.00127,0.01175,154,3,True
vm_00292,292,0,0.91,300.91,381.26,380.36,0.04872,0.001,0.00824,0.02249,0.04197,1.9577,0.0477,0.06136,0.02636,0.04136,0.0675,0.01209,0.03929,256,1,True
vm_00693,693,0,2.16,302.16,652.42,650.26,0.11441,0.002,0.01775,0.0537,0.09293,1.2256,0.0488,0.00802,0.0005,0.00302,0.00883,0.00555,0.0029,204,3,True
vm_00819,819,0,2.49,302.49,12923.41,12920.91,0.16559,0.09008,0.11705,0.02697,0.1548,1.471,0.0314,0.01562,0.00762,0.01062,0.01718,0.0053,0.01019,4,3,True
vm_00705,705,0,2.19,302.19,6901.16,6898.97,0.13471,0.01508,0.05781,0.04272,0.11762,1.1705,0.0187,0.0132,0.0052,0.0082,0.01452,0.00346,0.00787,108,3,True
vm_02016,2016,0,6.88,306.88,884.6,877.72,0.04845,0.001,0.01443,0.0189,0.04278,2.3865,0.0632,0.06593,0.03093,0.04593,0.07252,0.00681,0.04363,173,1,True
vm_00822,822,0,2.5,302.5,8732.77,8730.27,0.05248,0.001,0.01839,0.01894,0.0468,1.8043,0.0406,0.05634,0.02134,0.03634,0.06197,0.00717,0.03452,60,1,True
vm_02116,2116,0,7.28,307.28,876.48,869.2,0.21279,0.08279,0.12922,0.04643,0.19422,1.5404,0.0146,0.0135,0.0055,0.0085,0.01485,0.00558,0.00816,34,3,True
vm_00576,576,0,1.8,301.8,793.86,792.06,0.11592,0.002,0.01,0.05884,0.09238,1.906,0.0227,0.00738,0.0005,0.00238,0.00812,0.00494,0.00228,256,3,True
vm_00558,558,0,1.74,301.74,895.27,893.54,0.10741,0.002,0.01,0.05411,0.08576,1.2835,0.0257,0.00949,0.00149,0.00449,0.01043,0.00366,0.00431,112,3,True
vm_01423,1423,0,4.71,304.71,2474.98,2470.26,0.34569,0.03,0.0983,0.12369,0.29621,1.1954,0.0101,0.01321,0.00121,0.00521,0.01387,0.00206,0.0051,215,2,True
vm_00702,702,0,2.18,302.18,10628.63,10626.45,0.08768,0.02256,0.04861,0.02171,0.08117,2.3364,0.0618,0.0525,0.0175,0.0325,0.05775,0.00816,0.03087,285,1,True
vm_01272,1272,0,4.11,304.11,7088.95,7084.84,0.06217,0.01067,0.03127,0.01717,0.05702,1.6977,0.03,0.06876,0.03376,0.04876,0.07564,0.00453,0.04632,204,1,True
vm_01005,1005,0,3.15,303.15,4392.43,4389.27,0.03024,0.001,0.005,0.01402,0.02604,1.7474,0.0686,0.05596,0.02096,0.03596,0.06156,0.00603,0.03417,171,1,True
vm_00922,922,0,2.86,302.86,6631.87,6629.01,0.23461,0.07559,0.13239,0.05679,0.2119,1.165,0.0193,0.01359,0.00559,0.00859,0.01495,0.00346,0.00824,25,3,True
vm_01487,1487,0,4.9,304.9,8608.39,8603.49,0.16232,0.06569,0.1002,0.03451,0.14851,1.3644,0.0135,0.01139,0.00339,0.00639,0.01253,0.00242,0.00613,156,3,True
vm_01510,1510,0,4.98,304.98,13398.22,13393.24,0.23639,0.09125,0.14309,0.05183,0.21565,1.8047,0.0256,0.01534,0.00734,0.01034,0.01688,0.00449,0.00993,178,3,True
vm_00906,906,0,2.81,302.81,11144.43,11141.61,0.12203,0.03505,0.06612,0.03106,0.1096,1.0984,0.0357,0.01242,0.00442,0.00742,0.01366,0.00154,0.00712,74,3,True
vm_01731,1731,0,5.83,305.83,13856.55,13850.72,0.08188,0.001,0.03321,0.02704,0.07377,2.2569,0.0761,0.0644,0.0294,0.0444,0.07084,0.00957,0.04218,116,1,True
vm_01353,1353,0,4.42,304.42,691.72,687.3,0.33817,0.03,0.10698,0.11559,0.29193,1.0072,0.0088,0.01532,0.00332,0.00732,0.01609,0.00176,0.00717,202,2,True
vm_00749,749,0,2.31,302.31,3201.75,3199.44,0.08688,0.01349,0.04285,0.02446,0.07954,1.4856,0.0688,0.04917,0.01417,0.02917,0.05409,0.01146,0.02771,78,1,True
vm_01715,1715,0,5.77,305.77,13631.76,13625.99,0.31606,0.03,0.08,0.11803,0.26885,0.5074,0.0077,0.01729,0.00529,0.00929,0.01815,0.00492,0.0091,293,2,True
vm_02030,2030,0,6.94,306.94,3245.36,3238.42,0.17723,0.06649,0.10604,0.03955,0.16141,1.895,0.0159,0.01372,0.00572,0.00872,0.01509,0.00499,0.00837,47,3,True
vm_00168,168,0,0.53,300.53,356.52,356.0,0.15344,0.002,0.05306,0.05576,0.13113,1.8774,0.0465,0.01169,0.00369,0.00669,0.01286,0.00277,0.00642,224,3,True
vm_00731,731,0,2.26,302.26,7138.05,7135.79,0.05512,0.001,0.01135,0.02432,0.04782,1.2095,0.0512,0.0625,0.0275,0.0425,0.06875,0.00534,0.04037,25,1,True
vm_02002,2002,0,6.84,306.84,634.9,628.06,0.40893,0.03,0.11026,0.14934,0.34919,1.1963,0.0057,0.00952,0.0005,0.00152,0.00999,0.00166,0.00149,9,2,True
vm_00287,287,0,0.88,300.88,327.87,326.98,0.11045,0.02531,0.05571,0.03041,0.09828,1.2635,0.0135,0.00792,0.0005,0.00292,0.00872,0.00336,0.00281,281,3,True
vm_01160,1160,0,3.64,303.64,871.91,868.27,0.3892,0.07603,0.18042,0.10439,0.34744,1.3488,0.0164,0.01593,0.00393,0.00793,0.01673,0.00301,0.00777,18,2,True
vm_00027,27,0,0.11,300.11,7256.04,7255.93,0.03563,0.001,0.00763,0.01556,0.03096,2.3332,0.0503,0.05298,0.01798,0.03298,0.05828,0.00436,0.03133,134,1,True
vm_02019,2019,0,6.89,306.89,10894.03,10887.14,0.04722,0.001,0.01017,0.02058,0.04105,2.1189,0.0516,0.0548,0.0198,0.0348,0.06028,0.01067,0.03306,153,1,True
vm_01888,1888,0,6.37,306.37,363.09,356.72,0.07687,0.01105,0.03456,0.02351,0.06747,1.0546,0.0166,0.0117,0.0037,0.0067,0.01288,0.00308,0.00644,291,3,True
vm_00874,874,0,2.68,302.68,505.28,502.6,0.10847,0.002,0.03294,0.04196,0.09168,1.422,0.0474,0.0074,0.0005,0.0024,0.00815,0.00455,0.00231,260,3,True
vm_00629,629,0,1.96,301.96,10084.46,10082.51,0.08196,0.01652,0.04269,0.02181,0.07541,1.6967,0.034,0.06705,0.03205,0.04705,0.07376,0.00244,0.0447,227,1,True
vm_00599,599,0,1.88,301.88,666.89,665.01,0.37999,0.03,0.08,0.14999,0.31999,1.0374,0.0139,0.01308,0.00108,0.00508,0.01373,0.00245,0.00497,283,2,True
vm_01553,1553,0,5.16,305.16,8409.36,8404.2,0.15619,0.01466,0.06521,0.05055,0.13597,1.4435,0.0303,0.02088,0.01288,0.01588,0.02296,0.00456,0.01524,278,3,True
vm_00378,378,0,1.17,301.17,643.26,642.09,0.13817,0.06385,0.09358,0.02477,0.13074,1.2529,0.0226,0.05764,0.02264,0.03764,0.06341,0.0134,0.03576,253,1,True
vm_00998,998,0,3.14,303.14,634.75,631.62,0.10616,0.03081,0.06095,0.02512,0.09862,2.1153,0.0696,0.06165,0.02665,0.04165,0.06781,0.01177,0.03956,258,1,True
vm_00153,153,0,0.49,300.49,10790.65,10790.15,0.35527,0.03,0.11151,0.12188,0.30652,0.9708,0.0254,0.01714,0.00514,0.00914,0.018,0.003,0.00896,174,2,True
vm_01671,1671,0,5.61,305.61,13410.46,13404.85,0.05257,0.001,0.005,0.02643,0.04465,2.0498,0.0256,0.0503,0.0153,0.0303,0.05533,0.00908,0.02879,70,1,True
vm_02043,2043,0,7.0,307.0,750.48,743.48,0.53138,0.17159,0.29152,0.11993,0.48341,1.3439,0.0278,0.01796,0.00596,0.00996,0.01886,0.00074,0.00976,64,2,True
vm_01344,1344,0,4.4,304.4,5420.71,5416.3,0.04487,0.001,0.01492,0.01664,0.03987,1.6454,0.0784,0.05778,0.02278,0.03778,0.06356,0.01419,0.03589,231,1,True
vm_01646,1646,0,5.54,305.54,451.66,446.12,0.30217,0.03,0.08469,0.10874,0.25868,0.576,0.0207,0.02118,0.00918,0.01318,0.02224,0.00163,0.01292,105,2,True
vm_01574,1574,0,5.25,305.25,710.11,704.86,0.16662,0.02902,0.07817,0.04914,0.14697,1.1848,0.0264,0.01368,0.00568,0.00868,0.01505,0.00413,0.00833,217,3,True
vm_01712,1712,0,5.75,305.75,7191.36,7185.61,0.04248,0.001,0.005,0.02082,0.03623,1.6213,0.0425,0.06159,0.02659,0.04159,0.06775,0.00507,0.03951,133,1,True
vm_00042,42,0,0.13,300.13,3289.9,3289.77,0.08302,0.01236,0.04062,0.02355,0.07595,1.9053,0.0612,0.06088,0.02588,0.04088,0.06697,0.01243,0.03884,59,1,True
vm_02160,2160,0,7.42,307.42,6515.8,6508.39,0.07213,0.002,0.01226,0.03326,0.05883,1.069,0.0149,0.01269,0.00469,0.00769,0.01396,0.00393,0.00739,131,3,True
vm_01855,1855,0,6.25,306.25,469.89,463.64,0.09626,0.002,0.01,0.04792,0.07709,1.4662,0.0223,0.01406,0.00606,0.00906,0.01546,0.00324,0.0087,83,3,True
vm_01545,1545,0,5.13,305.13,9140.95,9135.82,0.1664,0.08698,0.11534,0.02837,0.15505,1.5193,0.0418,0.01141,0.00341,0.00641,0.01256,0.00438,0.00616,48,3,True
vm_01681,1681,0,5.65,305.65,10509.56,10503.91,0.10768,0.05481,0.07369,0.01888,0.10013,1.5295,0.0195,0.01632,0.00832,0.01132,0.01795,0.00401,0.01086,12,3,True
vm_01584,1584,0,5.27,305.27,2132.78,2127.51,0.18016,0.05557,0.10007,0.0445,0.16236,1.7162,0.0232,0.01323,0.00523,0.00823,0.01456,0.00084,0.0079,127,3,True
vm_01048,1048,0,3.31,303.31,544.74,541.43,0.09271,0.03794,0.05985,0.01826,0.08723,1.5109,0.072,0.05641,0.02141,0.03641,0.06206,0.00248,0.03459,34,1,True
vm_00610,610,0,1.92,301.92,878.13,876.21,0.32807,0.03,0.08,0.12403,0.27845,1.3277,0.0202,0.01302,0.00102,0.00502,0.01367,0.00273,0.00492,130,2,True
vm_01675,1675,0,5.62,305.62,8344.43,8338.8,0.05329,0.001,0.0144,0.02161,0.04681,1.5358,0.0583,0.06103,0.02603,0.04103,0.06713,0.01042,0.03898,95,1,True
vm_01833,1833,0,6.19,306.19,12603.28,12597.09,0.41106,0.03497,0.16034,0.12536,0.36092,1.3495,0.0145,0.01971,0.00771,0.01171,0.02069,0.00377,0.01147,54,2,True
vm_01992,1992,0,6.79,306.79,589.72,582.92,0.07122,0.001,0.02906,0.02342,0.0642,1.6478,0.0649,0.05037,0.01537,0.03037,0.05541,0.00398,0.02885,121,1,True
vm_01334,1334,0,4.36,304.36,687.94,683.59,0.07661,0.002,0.01,0.03701,0.06181,1.6477,0.039,0.01212,0.00412,0.00712,0.01333,0.00204,0.00683,271,3,True
vm_00494,494,0,1.55,301.55,14355.46,14353.91,0.15217,0.002,0.0469,0.05848,0.12877,1.9337,0.0108,0.01539,0.00739,0.01039,0.01693,0.00564,0.00998,205,3,True
vm_00237,237,0,0.7,300.7,9513.66,9512.96,0.15771,0.002,0.03246,0.06958,0.12988,1.9678,0.0189,0.01978,0.01178,0.01478,0.02176,0.00192,0.01419,270,3,True
vm_00552,552,0,1.72,301.72,3871.07,3869.35,0.1245,0.03013,0.06383,0.0337,0.11101,1.8063,0.0363,0.01515,0.00715,0.01015,0.01667,0.00254,0.00974,249,3,True
vm_00521,521,0,1.63,301.63,12684.79,12683.17,0.6026,0.15319,0.303,0.1498,0.54268,0.8905,0.0233,0.01417,0.00217,0.00617,0.01488,0.00328,0.00605,59,2,True
vm_01959,1959,0,6.64,306.64,490.43,483.78,0.31603,0.03,0.08,0.11801,0.26882,0.5034,0.0272,0.01432,0.00232,0.00632,0.01503,0.0011,0.00619,26,2,True
vm_00721,721,0,2.23,302.23,8810.37,8808.14,0.13156,0.04098,0.07333,0.03235,0.11862,1.0184,0.0436,0.01192,0.00392,0.00692,0.01311,0.00585,0.00664,9,3,True
vm_01593,1593,0,5.32,305.32,13896.27,13890.95,0.12824,0.04205,0.07283,0.03078,0.11593,1.0473,0.0466,0.02283,0.01483,0.01783,0.02512,0.00576,0.01712,75,3,True
vm_02013,2013,0,6.87,306.87,12299.7,12292.83,0.06039,0.001,0.005,0.03077,0.05116,2.158,0.0573,0.05348,0.01848,0.03348,0.05882,0.00741,0.0318,242,1,True
vm_00059,59,0,0.21,300.21,13040.75,13040.54,0.34181,0.03,0.11421,0.1138,0.29629,1.1707,0.02,0.01083,0.0005,0.00283,0.01138,0.00299,0.00278,11,2,True
vm_00632,632,0,1.97,301.97,13174.48,13172.51,0.35194,0.03,0.10312,0.12441,0.30217,0.8098,0.011,0.01679,0.00479,0.00879,0.01763,0.00065,0.00862,79,2,True
vm_01362,1362,0,4.47,304.47,397.03,392.56,0.07714,0.002,0.01,0.0373,0.06222,1.1522,0.0128,0.01592,0.00792,0.01092,0.01751,0.00512,0.01048,85,3,True
vm_00593,593,0,1.87,301.87,13707.28,13705.41,0.05555,0.001,0.02251,0.01836,0.05004,2.0823,0.0255,0.06538,0.03038,0.04538,0.07191,0.01147,0.04311,88,1,True
vm_01955,1955,0,6.63,306.63,4805.63,4799.0,0.04496,0.01309,0.02584,0.01063,0.04178,1.4339,0.0479,0.05526,0.02026,0.03526,0.06079,0.00767,0.0335,237,1,True
vm_00940,940,0,2.93,302.93,12566.56,12563.64,0.06514,0.001,0.02486,0.02238,0.05843,2.3727,0.0517,0.06411,0.02911,0.04411,0.07052,0.01203,0.0419,173,1,True
vm_00905,905,0,2.81,302.81,367.93,365.11,0.08109,0.00975,0.03829,0.02378,0.07395,1.836,0.0277,0.0659,0.0309,0.0459,0.07249,0.00186,0.0436,92,1,True
vm_01905,1905,0,6.42,306.42,504.44,498.03,0.04146,0.001,0.005,0.02026,0.03539,2.1688,0.0753,0.05059,0.01559,0.03059,0.05565,0.0064,0.02906,161,1,True
vm_02205,2205,0,7.61,307.61,2685.03,2677.42,0.61587,0.29802,0.40397,0.10595,0.57349,1.2572,0.0079,0.01847,0.00647,0.01047,0.01939,0.00324,0.01026,92,2,True
vm_01282,1282,0,4.15,304.15,10698.27,10694.12,0.18366,0.04697,0.09579,0.04882,0.16413,1.3874,0.0131,0.02079,0.01279,0.01579,0.02286,0.00149,0.01515,113,3,True
vm_02095,2095,0,7.19,307.19,548.11,540.92,0.17638,0.03452,0.08519,0.05066,0.15612,1.1259,0.0486,0.01714,0.00914,0.01214,0.01886,0.00559,0.01166,122,3,True
vm_01597,1597,0,5.33,305.33,10526.75,10521.42,0.09034,0.03118,0.05484,0.01972,0.08442,1.5771,0.0572,0.06893,0.03393,0.04893,0.07583,0.00298,0.04649,283,1,True
vm_00707,707,0,2.2,302.2,650.86,648.66,0.05652,0.001,0.01113,0.02522,0.04895,1.5731,0.0286,0.07877,0.04377,0.05877,0.08665,0.01045,0.05583,290,1,True
vm_01023,1023,0,3.21,303.21,11642.61,11639.4,0.42512,0.10082,0.20892,0.1081,0.38188,0.7657,0.0244,0.01359,0.00159,0.00559,0.01427,0.00188,0.00548,293,2,True
vm_00746,746,0,2.3,302.3,2854.42,2852.12,0.10563,0.002,0.01,0.05313,0.08438,1.8061,0.0238,0.01047,0.00247,0.00547,0.01152,0.00348,0.00525,151,3,True
vm_01780,1780,0,6.04,306.04,2047.31,2041.27,0.09103,0.002,0.01,0.04502,0.07302,1.5419,0.021,0.01267,0.00467,0.00767,0.01393,0.00367,0.00736,117,3,True
vm_01188,1188,0,3.77,303.77,2259.44,2255.66,0.08773,0.002,0.01,0.04318,0.07045,1.4166,0.0216,0.01596,0.00796,0.01096,0.01756,0.00543,0.01052,30,3,True
vm_00514,514,0,1.61,301.61,433.59,431.98,0.42727,0.03,0.15601,0.13563,0.37302,1.0298,0.0242,0.01921,0.00721,0.01121,0.02017,0.00476,0.01098,166,2,True
vm_00082,82,0,0.29,300.29,757.25,756.97,0.10095,0.00819,0.04132,0.03313,0.0877,1.497,0.0257,0.01328,0.00528,0.00828,0.01461,0.00274,0.00795,248,3,True
vm_02024,2024,0,6.92,306.92,12829.35,12822.43,0.09556,0.03771,0.05837,0.02066,0.08729,1.5312,0.0416,0.01213,0.00413,0.00713,0.01334,0.00196,0.00684,228,3,True
vm_00915,915,0,2.83,302.83,13843.84,13841.01,0.06809,0.00603,0.03086,0.02069,0.06189,2.1744,0.0693,0.07868,0.04368,0.05868,0.08655,0.00769,0.05575,160,1,True
vm_02114,2114,0,7.28,307.28,10787.3,10780.02,0.06705,0.001,0.02396,0.02394,0.05987,1.9624,0.0343,0.05316,0.01816,0.03316,0.05847,0.00328,0.0315,36,1,True
vm_00151,151,0,0.49,300.49,6768.53,6768.04,0.40437,0.09579,0.19865,0.10286,0.36322,0.8544,0.0084,0.01998,0.00798,0.01198,0.02097,0.00275,0.01174,187,2,True
vm_00775,775,0,2.38,302.38,757.64,755.25,0.53147,0.12023,0.25731,0.13708,0.47664,1.1504,0.0258,0.01889,0.00689,0.01089,0.01984,0.00369,0.01068,51,2,True
vm_00330,330,0,1.02,301.02,8521.73,8520.7,0.60036,0.20874,0.33928,0.13054,0.54814,0.7152,0.0081,0.02177,0.00977,0.01377,0.02286,0.00472,0.0135,139,2,True
vm_00007,7,0,0.03,300.03,7687.14,7687.11,0.06147,0.02769,0.0412,0.01126,0.05809,1.6324,0.0682,0.05381,0.01881,0.03381,0.05919,0.01394,0.03212,296,1,True
vm_00944,944,0,2.93,302.93,504.34,501.41,0.09982,0.002,0.03063,0.03844,0.08444,1.4061,0.0404,0.01916,0.01116,0.01416,0.02107,0.00083,0.01359,224,3,True
vm_01484,1484,0,4.88,304.88,9401.03,9396.15,0.41481,0.03,0.12913,0.14284,0.35768,1.1866,0.0267,0.01681,0.00481,0.00881,0.01765,0.00077,0.00863,164,2,True
vm_01729,1729,0,5.83,305.83,10001.19,9995.37,0.09075,0.002,0.01,0.04486,0.07281,1.6863,0.044,0.01551,0.00751,0.01051,0.01706,0.0046,0.01009,232,3,True
vm_00910,910,0,2.82,302.82,315.12,312.3,0.40351,0.05567,0.17162,0.11595,0.35713,0.5186,0.0238,0.01195,0.0005,0.00395,0.01255,0.00408,0.00387,186,2,True
vm_00469,469,0,1.46,301.46,458.11,456.65,0.16165,0.01249,0.06576,0.05327,0.14034,1.2955,0.0442,0.02247,0.01447,0.01747,0.02472,0.00468,0.01677,210,3,True
vm_00182,182,0,0.56,300.56,6650.56,6650.0,0.12267,0.002,0.04204,0.04479,0.10475,1.1057,0.03,0.01092,0.00292,0.00592,0.01201,0.00507,0.00568,188,3,True
vm_00165,165,0,0.52,300.52,442.24,441.72,0.10769,0.04215,0.06837,0.02185,0.10114,1.6725,0.0534,0.06674,0.03174,0.04674,0.07341,0.01399,0.0444,237,1,True
vm_00452,452,0,1.4,301.4,827.24,825.84,0.06187,0.001,0.005,0.0316,0.05239,1.8443,0.0472,0.06137,0.02637,0.04137,0.06751,0.01287,0.0393,278,1,True
vm_00491,491,0,1.54,301.54,415.12,413.57,0.05916,0.001,0.01765,0.02307,0.05224,1.6915,0.0712,0.04471,0.00971,0.02471,0.04918,0.01348,0.02347,81,1,True
vm_02219,2219,0,7.68,307.68,14133.29,14125.6,0.06471,0.001,0.02512,0.02199,0.05811,1.3355,0.0442,0.04814,0.01314,0.02814,0.05296,0.01185,0.02673,119,1,True
vm_01845,1845,0,6.21,306.21,12041.05,12034.84,0.07387,0.01294,0.03731,0.02031,0.06777,1.7095,0.0302,0.05461,0.01961,0.03461,0.06007,0.01461,0.03288,27,1,True
vm_01238,1238,0,3.97,303.97,11024.26,11020.29,0.36842,0.03,0.11879,0.12481,0.31849,0.5799,0.019,0.01153,0.0005,0.00353,0.0121,0.00249,0.00346,36,2,True
vm_01422,1422,0,4.71,304.71,6178.83,6174.12,0.3629,0.03,0.08,0.14145,0.30632,1.0633,0.0153,0.01754,0.00554,0.00954,0.01842,0.00464,0.00935,84,2,True
vm_01232,1232,0,3.94,303.94,4115.06,4111.12,0.05205,0.001,0.01608,0.01999,0.04606,1.3992,0.03,0.07371,0.03871,0.05371,0.08108,0.01216,0.05103,35,1,True
vm_01438,1438,0,4.76,304.76,845.79,841.02,0.08281,0.002,0.01,0.04045,0.06663,1.7905,0.0423,0.01139,0.00339,0.00639,0.01253,0.00549,0.00613,242,3,True
vm_01492,1492,0,4.91,304.91,845.05,840.14,0.45474,0.09524,0.21507,0.11983,0.4068,0.7253,0.0059,0.01355,0.00155,0.00555,0.01422,0.00289,0.00544,132,2,True
vm_00328,328,0,1.02,301.02,1811.28,1810.26,0.14651,0.01454,0.06167,0.04713,0.12766,1.2901,0.0275,0.01357,0.00557,0.00857,0.01493,0.00177,0.00823,65,3,True
vm_00443,443,0,1.38,301.38,317.57,316.18,0.35822,0.03,0.11543,0.12139,0.30966,0.7168,0.0068,0.01962,0.00762,0.01162,0.0206,0.00411,0.01139,81,2,True
vm_02109,2109,0,7.26,307.26,7704.48,7697.23,0.08239,0.02617,0.04865,0.01874,0.07676,1.7155,0.0792,0.04417,0.00917,0.02417,0.04859,0.00588,0.02296,140,1,True
vm_01152,1152,0,3.62,303.62,820.27,816.65,0.59647,0.20095,0.33279,0.13184,0.54373,0.6493,0.0165,0.01653,0.00453,0.00853,0.01736,0.00384,0.00836,198,2,True
vm_00833,833,0,2.55,302.55,593.97,591.42,0.11614,0.04982,0.07635,0.02211,0.10951,2.4794,0.0709,0.05602,0.02102,0.03602,0.06162,0.00664,0.03422,208,1,True
vm_01585,1585,0,5.29,305.29,6169.54,6164.26,0.05735,0.00163,0.02392,0.01857,0.05177,1.6992,0.0401,0.06199,0.02699,0.04199,0.06819,0.00262,0.03989,155,1,True
vm_01721,1721,0,5.79,305.79,13077.52,13071.73,0.35385,0.03,0.08,0.13692,0.29908,1.0249,0.0202,0.02117,0.00917,0.01317,0.02223,0.00145,0.01291,167,2,True
vm_00087,87,0,0.29,300.29,3048.39,3048.1,0.05854,0.001,0.01884,0.02206,0.05193,1.9483,0.027,0.05768,0.02268,0.03768,0.06344,0.00477,0.03579,102,1,True
vm_02241,2241,0,7.77,307.77,8976.55,8968.78,0.05612,0.001,0.01669,0.02191,0.04955,2.3976,0.0467,0.06108,0.02608,0.04108,0.06719,0.01056,0.03903,250,1,True
vm_00778,778,0,2.39,302.39,11366.78,11364.39,0.0534,0.001,0.01933,0.01893,0.04772,1.4916,0.0798,0.06597,0.03097,0.04597,0.07256,0.00391,0.04367,261,1,True
vm_01246,1246,0,3.99,303.99,13671.87,13667.88,0.16494,0.01916,0.07122,0.05207,0.14412,1.2877,0.0208,0.01468,0.00668,0.00968,0.01614,0.00401,0.00929,39,3,True
vm_00055,55,0,0.18,300.18,2807.09,2806.9,0.07294,0.00514,0.03226,0.0226,0.06616,2.0626,0.0433,0.06368,0.02868,0.04368,0.07005,0.01051,0.0415,238,1,True
vm_01564,1564,0,5.21,305.21,863.39,858.18,0.05506,0.001,0.02231,0.01819,0.0496,1.3694,0.0482,0.05405,0.01905,0.03405,0.05946,0.01387,0.03235,205,1,True
vm_01399,1399,0,4.6,304.6,3152.56,3147.96,0.04311,0.001,0.005,0.02117,0.03676,2.366,0.0781,0.04064,0.00564,0.02064,0.04471,0.00674,0.01961,31,1,True
vm_01308,1308,0,4.24,304.24,12084.41,12080.17,0.1527,0.0029,0.0564,0.0535,0.1313,1.2684,0.0459,0.01348,0.00548,0.00848,0.01483,0.00225,0.00814,245,3,True
vm_00114,114,0,0.37,300.37,743.33,742.96,0.08919,0.03026,0.05383,0.01964,0.0833,2.0498,0.0325,0.05557,0.02057,0.03557,0.06113,0.00901,0.03379,133,1,True
vm_00988,988,0,3.1,303.1,871.72,868.62,0.40017,0.03,0.12494,0.13762,0.34512,1.0253,0.0213,0.0151,0.0031,0.0071,0.01585,0.00482,0.00696,224,2,True
vm_01761,1761,0,5.96,305.96,3982.75,3976.79,0.04948,0.001,0.005,0.02471,0.04207,2.3143,0.0689,0.05572,0.02072,0.03572,0.06129,0.00435,0.03393,189,1,True
vm_01337,1337,0,4.36,304.36,4729.74,4725.38,0.23591,0.10212,0.1499,0.04778,0.21679,1.9772,0.0232,0.01477,0.00677,0.00977,0.01625,0.0008,0.00938,253,3,True
vm_01010,1010,0,3.17,303.17,13593.17,13590.0,0.5366,0.13086,0.2661,0.13525,0.4825,1.1428,0.0288,0.01702,0.00502,0.00902,0.01787,0.00061,0.00884,280,2,True
vm_00590,590,0,1.85,301.85,8254.9,8253.05,0.59749,0.15885,0.30506,0.14621,0.539,1.3556,0.0143,0.02084,0.00884,0.01284,0.02188,0.00187,0.01258,93,2,True
vm_01831,1831,0,6.19,306.19,7809.9,7803.71,0.06829,0.00217,0.02862,0.02204,0.06168,2.1335,0.0216,0.05991,0.02491,0.03991,0.0659,0.00679,0.03792,226,1,True
vm_02012,2012,0,6.86,306.86,12510.99,12504.13,0.10618,0.002,0.01573,0.05025,0.08608,1.9449,0.0242,0.013,0.005,0.008,0.0143,0.0056,0.00768,2,3,True
vm_01739,1739,0,5.85,305.85,8347.74,8341.88,0.07198,0.03377,0.04905,0.01274,0.06816,1.9638,0.0424,0.06133,0.02633,0.04133,0.06746,0.00216,0.03926,192,1,True
vm_00286,286,0,0.88,300.88,9067.82,9066.94,0.57635,0.15593,0.29607,0.14014,0.5203,1.2679,0.0144,0.01946,0.00746,0.01146,0.02043,0.00205,0.01123,100,2,True
vm_00429,429,0,1.34,301.34,2773.82,2772.48,0.0893,0.001,0.03545,0.02991,0.08032,1.4503,0.0625,0.06151,0.02651,0.04151,0.06767,0.0049,0.03944,247,1,True
vm_01132,1132,0,3.57,303.57,724.78,721.21,0.13011,0.00603,0.05034,0.04431,0.11238,1.981,0.0264,0.01444,0.00644,0.00944,0.01588,0.001,0.00906,300,3,True
vm_00670,670,0,2.07,302.07,9022.02,9019.95,0.12317,0.002,0.04287,0.04461,0.10532,1.3067,0.016,0.01477,0.00677,0.00977,0.01624,0.00155,0.00938,109,3,True
vm_00032,32,0,0.11,300.11,718.49,718.37,0.13178,0.05465,0.0855,0.02571,0.12407,2.4633,0.0226,0.05397,0.01897,0.03397,0.05936,0.0149,0.03227,221,1,True
vm_00723,723,0,2.24,302.24,325.21,322.98,0.09016,0.002,0.01838,0.03988,0.07421,1.1507,0.0217,0.01168,0.00368,0.00668,0.01285,0.00287,0.00641,140,3,True
vm_00952,952,0,2.94,302.94,14385.3,14382.36,0.06608,0.001,0.0171,0.02721,0.05792,1.2606,0.0371,0.06047,0.02547,0.04047,0.06652,0.0062,0.03845,74,1,True
vm_01466,1466,0,4.84,304.84,13670.22,13665.38,0.05034,0.001,0.0152,0.01952,0.04448,1.6341,0.0262,0.08579,0.05079,0.06579,0.09437,0.01336,0.0625,15,1,True
vm_00215,215,0,0.66,300.66,653.78,653.12,0.10238,0.01466,0.04599,0.03133,0.08985,1.0567,0.0308,0.01094,0.00294,0.00594,0.01203,0.00506,0.0057,77,3,True
vm_01489,1489,0,4.9,304.9,870.45,865.55,0.08881,0.002,0.01101,0.04322,0.07152,1.2161,0.0214,0.00987,0.00187,0.00487,0.01086,0.00145,0.00468,74,3,True
vm_00327,327,0,1.02,301.02,3668.36,3667.35,0.05882,0.0116,0.03049,0.01574,0.0541,1.9688,0.0502,0.04576,0.01076,0.02576,0.05033,0.00813,0.02447,61,1,True
vm_00561,561,0,1.75,301.75,4514.08,4512.33,0.064,0.001,0.02328,0.02262,0.05721,1.3427,0.0647,0.06735,0.03235,0.04735,0.07409,0.00649,0.04498,134,1,True
vm_01087,1087,0,3.44,303.44,3513.79,3510.34,0.14328,0.01616,0.06156,0.0454,0.12512,1.6603,0.0152,0.01429,0.00629,0.00929,0.01572,0.00286,0.00892,244,3,True
vm_01526,1526,0,5.07,305.07,2257.12,2252.05,0.08772,0.01828,0.04606,0.02315,0.08078,1.3362,0.0685,0.06636,0.03136,0.04636,0.073,0.00953,0.04404,210,1,True
vm_00342,342,0,1.07,301.07,5302.2,5301.13,0.07365,0.002,0.01,0.03536,0.0595,1.1116,0.0387,0.01703,0.00903,0.01203,0.01873,0.00173,0.01155,99,3,True
vm_00148,148,0,0.48,300.48,805.56,805.08,0.12513,0.01421,0.05382,0.03962,0.10929,1.3727,0.046,0.00973,0.00173,0.00473,0.0107,0.00342,0.00454,143,3,True
vm_02115,2115,0,7.28,307.28,564.05,556.77,0.10187,0.002,0.01,0.05104,0.08145,1.8617,0.0439,0.01432,0.00632,0.00932,0.01575,0.00337,0.00895,18,3,True
vm_01108,1108,0,3.51,303.51,6654.54,6651.04,0.07979,0.03832,0.05491,0.01382,0.07565,2.1615,0.0336,0.05405,0.01905,0.03405,0.05945,0.00741,0.03234,6,1,True
vm_01792,1792,0,6.08,306.08,533.45,527.37,0.4122,0.05662,0.17515,0.11852,0.36479,0.5921,0.0171,0.01237,0.0005,0.00437,0.01299,0.00129,0.00429,37,2,True
vm_00967,967,0,3.01,303.01,2945.74,2942.74,0.05297,0.001,0.005,0.02665,0.04498,2.2155,0.0297,0.0567,0.0217,0.0367,0.06238,0.00537,0.03487,96,1,True
vm_02045,2045,0,7.01,307.01,6227.61,6220.61,0.10544,0.03282,0.05876,0.02594,0.09507,1.9663,0.0204,0.01102,0.00302,0.00602,0.01212,0.00395,0.00578,163,3,True
vm_00156,156,0,0.5,300.5,674.83,674.33,0.31134,0.03,0.08,0.11567,0.26507,0.6166,0.0253,0.01604,0.00404,0.00804,0.01684,0.00268,0.00788,283,2,True
vm_01379,1379,0,4.53,304.53,311.18,306.64,0.10938,0.002,0.03067,0.04373,0.09188,1.514,0.0141,0.01037,0.00237,0.00537,0.0114,0.0051,0.00515,195,3,True
vm_01333,1333,0,4.36,304.36,13990.8,13986.45,0.17051,0.02615,0.07771,0.05156,0.14989,1.4054,0.0238,0.01513,0.00713,0.01013,0.01665,0.00241,0.00973,62,3,True
vm_01938,1938,0,6.54,306.54,5664.51,5657.97,0.13188,0.00606,0.051,0.04494,0.11391,1.2461,0.048,0.0177,0.0097,0.0127,0.01947,0.00145,0.01219,53,3,True
vm_01539,1539,0,5.11,305.11,578.53,573.42,0.07514,0.03552,0.05137,0.01321,0.07117,2.0499,0.0353,0.07998,0.04498,0.05998,0.08798,0.00445,0.05698,91,1,True
vm_01802,1802,0,6.12,306.12,892.61,886.5,0.06754,0.0277,0.04363,0.01328,0.06355,1.4091,0.0258,0.04167,0.00667,0.02167,0.04584,0.00851,0.02059,184,1,True
vm_01542,1542,0,5.12,305.12,9919.23,9914.11,0.14606,0.02651,0.06921,0.0427,0.12899,1.4456,0.0131,0.01418,0.00618,0.00918,0.0156,0.00244,0.00881,181,3,True
vm_02161,2161,0,7.42,307.42,375.1,367.67,0.17851,0.002,0.06205,0.0647,0.15263,1.4557,0.0286,0.01813,0.01013,0.01313,0.01994,0.00088,0.0126,27,3,True
vm_01352,1352,0,4.42,304.42,12297.24,12292.82,0.08647,0.001,0.02832,0.03231,0.07678,1.7366,0.029,0.06459,0.02959,0.04459,0.07105,0.01497,0.04236,79,1,True
vm_02154,2154,0,7.4,307.4,338.09,330.69,0.06207,0.00254,0.02635,0.01984,0.05611,2.2051,0.0693,0.05154,0.01654,0.03154,0.05669,0.00507,0.02996,296,1,True
vm_01488,1488,0,4.9,304.9,3278.43,3273.52,0.12034,0.02508,0.0591,0.03402,0.10673,1.8378,0.021,0.01507,0.00707,0.01007,0.01658,0.00103,0.00967,176,3,True
vm_01658,1658,0,5.58,305.58,627.02,621.44,0.47472,0.05299,0.19356,0.14058,0.41849,1.3777,0.025,0.01176,0.0005,0.00376,0.01235,0.00329,0.00368,221,2,True
vm_02061,2061,0,7.06,307.06,812.25,805.19,0.0474,0.001,0.01861,0.01599,0.0426,1.546,0.0769,0.07537,0.04037,0.05537,0.0829,0.01089,0.0526,20,1,True
vm_00939,939,0,2.92,302.92,720.97,718.04,0.0345,0.001,0.005,0.01639,0.02958,1.8277,0.0461,0.06319,0.02819,0.04319,0.06951,0.00892,0.04103,176,1,True
vm_02225,2225,0,7.7,307.7,2295.67,2287.97,0.04988,0.001,0.005,0.02493,0.0424,1.2484,0.0639,0.04872,0.01372,0.02872,0.05359,0.00535,0.02728,39,1,True
vm_00347,347,0,1.08,301.08,360.96,359.87,0.125,0.02477,0.06057,0.0358,0.11068,1.2968,0.0313,0.009,0.001,0.004,0.0099,0.00239,0.00384,17,3,True
vm_01785,1785,0,6.06,306.06,11381.48,11375.43,0.13613,0.0402,0.07446,0.03426,0.12243,1.5333,0.0489,0.01385,0.00585,0.00885,0.01524,0.00463,0.0085,144,3,True
vm_02272,2272,0,7.92,307.92,12027.22,12019.3,0.05605,0.001,0.01155,0.02472,0.04864,2.0472,0.0701,0.06111,0.02611,0.04111,0.06722,0.00332,0.03905,35,1,True
vm_00386,386,0,1.21,301.21,5716.88,5715.68,0.0981,0.0073,0.04362,0.03027,0.08902,1.6359,0.0663,0.06972,0.03472,0.04972,0.07669,0.0023,0.04723,267,1,True
vm_01314,1314,0,4.27,304.27,878.64,874.38,0.12985,0.002,0.03004,0.05545,0.10767,1.7346,0.0236,0.01448,0.00648,0.00948,0.01592,0.00549,0.0091,196,3,True
vm_02172,2172,0,7.45,307.45,645.96,638.51,0.37132,0.05653,0.16146,0.10493,0.32934,1.2,0.03,0.01759,0.00559,0.00959,0.01847,0.0012,0.00939,34,2,True
vm_00244,244,0,0.74,300.74,758.99,758.25,0.1376,0.02651,0.06618,0.03968,0.12173,1.3294,0.0176,0.01484,0.00684,0.00984,0.01632,0.00092,0.00944,6,3,True
vm_01243,1243,0,3.98,303.98,609.47,605.49,0.15216,0.04929,0.08603,0.03674,0.13746,1.8777,0.0478,0.01283,0.00483,0.00783,0.01412,0.00402,0.00752,219,3,True
vm_00937,937,0,2.91,302.91,6554.68,6551.76,0.13458,0.002,0.0294,0.05844,0.11121,1.8205,0.0287,0.01384,0.00584,0.00884,0.01522,0.00289,0.00849,79,3,True
vm_02265,2265,0,7.88,307.88,12400.07,12392.19,0.14649,0.01483,0.06185,0.04702,0.12768,1.6138,0.0367,0.01281,0.00481,0.00781,0.01409,0.00254,0.00749,110,3,True
vm_00313,313,0,0.99,300.99,5658.95,5657.97,0.15741,0.03339,0.07768,0.04429,0.13969,1.3167,0.0144,0.01718,0.00918,0.01218,0.0189,0.00406,0.01169,35,3,True
vm_02240,2240,0,7.77,307.77,6125.42,6117.66,0.06306,0.0082,0.03015,0.01829,0.05758,2.0807,0.031,0.06023,0.02523,0.04023,0.06625,0.00995,0.03822,17,1,True
vm_00969,969,0,3.02,303.02,358.53,355.52,0.64235,0.13727,0.30563,0.16836,0.57501,0.9502,0.0173,0.02231,0.01031,0.01431,0.02342,0.00466,0.01402,223,2,True
vm_00661,661,0,2.02,302.02,12217.42,12215.4,0.17552,0.04453,0.09131,0.04678,0.15681,1.6092,0.0394,0.01608,0.00808,0.01108,0.01769,0.00217,0.01064,197,3,True
vm_01918,1918,0,6.46,306.46,5545.43,5538.97,0.0535,0.002,0.01,0.02417,0.04383,1.03,0.0362,0.01542,0.00742,0.01042,0.01696,0.0057,0.01,194,3,True
vm_00371,371,0,1.16,301.16,531.78,530.62,0.08096,0.02437,0.04701,0.01886,0.0753,1.3909,0.0414,0.07126,0.03626,0.05126,0.07838,0.00877,0.04869,299,1,True
vm_00567,567,0,1.77,301.77,7168.07,7166.3,0.41263,0.04864,0.16997,0.12133,0.3641,1.3486,0.0279,0.02124,0.00924,0.01324,0.0223,0.00473,0.01297,224,2,True
vm_02289,2289,0,7.97,307.97,12478.75,12470.78,0.07353,0.001,0.02454,0.02722,0.06537,1.4592,0.0228,0.05502,0.02002,0.03502,0.06053,0.01452,0.03327,196,1,True
vm_00825,825,0,2.51,302.51,9424.07,9421.56,0.04513,0.00499,0.02105,0.01338,0.04112,1.2305,0.0283,0.04922,0.01422,0.02922,0.05415,0.013,0.02776,43,1,True
vm_00983,983,0,3.08,303.08,7856.82,7853.74,0.07658,0.0359,0.05217,0.01356,0.07252,2.3026,0.0631,0.07448,0.03948,0.05448,0.08193,0.01355,0.05176,112,1,True
vm_01813,1813,0,6.14,306.14,772.37,766.23,0.16992,0.08462,0.11509,0.03046,0.15774,1.3882,0.0383,0.01518,0.00718,0.01018,0.01669,0.00153,0.00977,290,3,True
vm_00814,814,0,2.47,302.47,8891.13,8888.66,0.15011,0.00519,0.05695,0.05176,0.12941,1.9294,0.0188,0.01418,0.00618,0.00918,0.0156,0.00564,0.00881,60,3,True
vm_00779,779,0,2.39,302.39,12460.16,12457.77,0.07525,0.001,0.01594,0.03295,0.06536,1.6286,0.0706,0.05218,0.01718,0.03218,0.05739,0.00173,0.03057,79,1,True
vm_01053,1053,0,3.32,303.32,437.25,433.92,0.31631,0.03,0.08,0.11816,0.26905,1.2833,0.0211,0.02049,0.00849,0.01249,0.02151,0.00166,0.01224,106,2,True
vm_01511,1511,0,4.98,304.98,821.14,816.16,0.3744,0.03,0.12759,0.1234,0.32504,0.9966,0.0103,0.02151,0.00951,0.01351,0.02259,0.00267,0.01324,207,2,True
vm_01014,1014,0,3.17,303.17,13987.79,13984.62,0.06484,0.001,0.01907,0.02543,0.05721,1.5017,0.0536,0.07129,0.03629,0.05129,0.07842,0.00599,0.04873,154,1,True
vm_01420,1420,0,4.7,304.7,848.64,843.95,0.09346,0.02132,0.05017,0.02405,0.08624,1.5633,0.0563,0.05736,0.02236,0.03736,0.0631,0.00282,0.03549,257,1,True
vm_02010,2010,0,6.86,306.86,6391.91,6385.05,0.07278,0.006,0.03271,0.02226,0.0661,1.3878,0.0579,0.06306,0.02806,0.04306,0.06937,0.00342,0.04091,16,1,True
vm_01456,1456,0,4.82,304.82,1827.09,1822.28,0.05251,0.00351,0.02311,0.01633,0.04761,2.1594,0.0497,0.05127,0.01627,0.03127,0.0564,0.00117,0.02971,254,1,True
vm_00127,127,0,0.41,300.41,704.09,703.68,0.02637,0.001,0.005,0.01187,0.02281,1.6404,0.0298,0.0486,0.0136,0.0286,0.05346,0.00665,0.02717,282,1,True
vm_00888,888,0,2.74,302.74,7544.25,7541.51,0.04752,0.00747,0.02349,0.01335,0.04352,1.2952,0.0308,0.05518,0.02018,0.03518,0.06069,0.0061,0.03342,132,1,True
vm_01701,1701,0,5.7,305.7,384.07,378.37,0.10667,0.002,0.03409,0.04032,0.09054,1.4699,0.0358,0.01303,0.00503,0.00803,0.01433,0.00459,0.00771,129,3,True
vm_01008,1008,0,3.16,303.16,681.76,678.59,0.06545,0.001,0.01588,0.02754,0.05719,1.8166,0.0711,0.07854,0.04354,0.05854,0.08639,0.01023,0.05561,156,1,True
vm_00356,356,0,1.11,301.11,892.42,891.31,0.04789,0.001,0.005,0.02383,0.04074,1.592,0.0716,0.04845,0.01345,0.02845,0.0533,0.00861,0.02703,250,1,True
vm_02124,2124,0,7.31,307.31,875.7,868.4,0.07645,0.02627,0.04634,0.01673,0.07143,1.4102,0.0772,0.06156,0.02656,0.04156,0.06772,0.01493,0.03949,281,1,True
vm_00683,683,0,2.13,302.13,8279.42,8277.3,0.05073,0.001,0.01611,0.01924,0.04496,2.1255,0.0671,0.06763,0.03263,0.04763,0.07439,0.01183,0.04525,273,1,True
vm_01976,1976,0,6.73,306.73,11136.5,11129.78,0.09217,0.03552,0.05818,0.01888,0.0865,2.1459,0.0324,0.05378,0.01878,0.03378,0.05916,0.00941,0.03209,52,1,True
vm_01538,1538,0,5.11,305.11,8256.95,8251.84,0.08158,0.03289,0.05237,0.01623,0.07671,1.2726,0.0631,0.04368,0.00868,0.02368,0.04805,0.00855,0.0225,163,1,True
vm_00985,985,0,3.08,303.08,800.67,797.59,0.06084,0.00475,0.02719,0.0187,0.05524,1.4431,0.0386,0.05337,0.01837,0.03337,0.05871,0.0031,0.0317,47,1,True
vm_01858,1858,0,6.26,306.26,4825.66,4819.39,0.08156,0.01824,0.04357,0.02111,0.07523,1.7378,0.036,0.06219,0.02719,0.04219,0.06841,0.0116,0.04008,268,1,True
vm_00141,141,0,0.46,300.46,4304.61,4304.15,0.15657,0.01343,0.06455,0.05112,0.13612,1.1751,0.0478,0.01698,0.00898,0.01198,0.01867,0.00166,0.0115,90,3,True
vm_01853,1853,0,6.25,306.25,795.94,789.69,0.10208,0.002,0.01,0.05116,0.08162,1.6055,0.0376,0.0131,0.0051,0.0081,0.01442,0.00562,0.00778,105,3,True
vm_02206,2206,0,7.62,307.62,6789.89,6782.27,0.1632,0.01621,0.06871,0.0525,0.1422,1.172,0.0212,0.01435,0.00635,0.00935,0.01578,0.00137,0.00897,136,3,True
vm_01903,1903,0,6.42,306.42,13987.57,13981.16,0.17641,0.002,0.06369,0.06262,0.15136,1.8223,0.0213,0.01328,0.00528,0.00828,0.01461,0.00381,0.00795,294,3,True
vm_02221,2221,0,7.68,307.68,14287.49,14279.81,0.08234,0.001,0.02366,0.0326,0.07256,1.8719,0.0523,0.07314,0.03814,0.05314,0.08045,0.01281,0.05048,61,1,True
vm_01413,1413,0,4.67,304.67,4106.42,4101.75,0.12503,0.002,0.01,0.0639,0.09947,1.9953,0.0367,0.00979,0.00179,0.00479,0.01076,0.00118,0.00459,105,3,True
vm_01984,1984,0,6.76,306.76,4331.33,4324.57,0.2007,0.10571,0.13964,0.03393,0.18713,1.6777,0.0441,0.01368,0.00568,0.00868,0.01505,0.00417,0.00833,26,3,True
vm_01843,1843,0,6.2,306.2,809.99,803.79,0.13799,0.002,0.03209,0.05884,0.11446,1.5713,0.0496,0.01076,0.00276,0.00576,0.01184,0.00358,0.00553,6,3,True
vm_00712,712,0,2.21,302.21,12902.13,12899.92,0.16342,0.01453,0.06771,0.05318,0.14215,1.5947,0.0186,0.01481,0.00681,0.00981,0.01629,0.0038,0.00942,28,3,True
vm_01158,1158,0,3.64,303.64,2963.06,2959.42,0.07268,0.001,0.02044,0.02903,0.06398,2.3152,0.0425,0.05184,0.01684,0.03184,0.05702,0.00466,0.03025,155,1,True
vm_01223,1223,0,3.91,303.91,6702.07,6698.16,0.29036,0.03,0.08,0.10518,0.24829,0.503,0.0093,0.0106,0.0005,0.0026,0.01113,0.00447,0.00255,160,2,True
vm_00872,872,0,2.68,302.68,432.8,430.12,0.46374,0.08033,0.20813,0.1278,0.41261,0.8151,0.0072,0.02683,0.01483,0.01883,0.02817,0.00155,0.01845,66,2,True
vm_00011,11,0,0.04,300.04,3644.83,3644.79,0.04479,0.00173,0.01896,0.01435,0.04049,2.1741,0.0245,0.04673,0.01173,0.02673,0.0514,0.01305,0.02539,24,1,True
vm_01445,1445,0,4.78,304.78,761.65,756.87,0.05275,0.001,0.01571,0.02058,0.04657,1.6486,0.0664,0.06444,0.02944,0.04444,0.07088,0.01029,0.04222,231,1,True
vm_01728,1728,0,5.82,305.82,4156.8,4150.97,0.14512,0.00819,0.0571,0.0489,0.12556,1.2555,0.0254,0.01091,0.00291,0.00591,0.012,0.00329,0.00567,168,3,True
vm_00755,755,0,2.33,302.33,8364.73,8362.39,0.54159,0.05046,0.21417,0.16371,0.4761,0.8478,0.012,0.02403,0.01203,0.01603,0.02523,0.00368,0.01571,299,2,True
vm_00627,627,0,1.96,301.96,314.15,312.19,0.11447,0.00651,0.04507,0.03856,0.09905,1.5154,0.0488,0.01136,0.00336,0.00636,0.01249,0.00164,0.0061,69,3,True
vm_02159,2159,0,7.42,307.42,495.59,488.18,0.0509,0.01399,0.02875,0.01231,0.04721,2.0383,0.044,0.06792,0.03292,0.04792,0.07472,0.01112,0.04553,161,1,True
vm_00130,130,0,0.41,300.41,889.64,889.23,0.34745,0.03,0.08,0.13373,0.29396,1.1442,0.0093,0.01198,0.0005,0.00398,0.01258,0.001,0.0039,65,2,True
vm_00844,844,0,2.58,302.58,13898.15,13895.57,0.0599,0.00667,0.02796,0.01774,0.05457,2.2157,0.067,0.04887,0.01387,0.02887,0.05376,0.01125,0.02743,107,1,True
vm_00324,324,0,1.01,301.01,3974.46,3973.45,0.13671,0.01329,0.05737,0.04408,0.11908,1.8704,0.0146,0.00995,0.00195,0.00495,0.01095,0.00599,0.00475,211,3,True
vm_01406,1406,0,4.64,304.64,9867.8,9863.16,0.49576,0.11731,0.24346,0.12615,0.4453,0.8055,0.0132,0.01728,0.00528,0.00928,0.01814,0.00265,0.00909,254,2,True
vm_01205,1205,0,3.84,303.84,411.31,407.46,0.10902,0.002,0.02882,0.04455,0.0912,1.0116,0.0246,0.01624,0.00824,0.01124,0.01786,0.00476,0.01079,34,3,True
vm_02226,2226,0,7.7,307.7,3427.55,3419.85,0.1937,0.04585,0.09865,0.0528,0.17258,1.1392,0.0346,0.01594,0.00794,0.01094,0.01754,0.00572,0.01051,189,3,True
vm_00015,15,0,0.04,300.04,785.11,785.07,0.16155,0.002,0.05395,0.05978,0.13764,1.4649,0.0104,0.01166,0.00366,0.00666,0.01283,0.00356,0.0064,227,3,True
vm_01717,1717,0,5.78,305.78,335.41,329.64,0.11454,0.002,0.0271,0.04857,0.09511,1.3685,0.0238,0.01757,0.00957,0.01257,0.01933,0.00534,0.01207,126,3,True
vm_00216,216,0,0.66,300.66,698.77,698.11,0.15157,0.03514,0.07672,0.04158,0.13494,1.5355,0.0481,0.01238,0.00438,0.00738,0.01362,0.00229,0.00709,18,3,True
vm_01346,1346,0,4.41,304.41,808.39,803.98,0.13685,0.002,0.03063,0.05901,0.11324,1.2971,0.0445,0.01377,0.00577,0.00877,0.01515,0.00512,0.00842,209,3,True
vm_01620,1620,0,5.43,305.43,843.75,838.32,0.07509,0.01126,0.03679,0.02127,0.0687,2.1503,0.0326,0.03959,0.005,0.01959,0.04355,0.00455,0.01861,46,1,True
vm_01183,1183,0,3.75,303.75,902.13,898.38,0.17701,0.05819,0.10062,0.04244,0.16004,1.1563,0.021,0.01982,0.01182,0.01482,0.0218,0.00345,0.01422,204,3,True
vm_02223,2223,0,7.7,307.7,13493.24,13485.55,0.17558,0.03075,0.08247,0.05173,0.15489,1.3683,0.0116,0.01558,0.00758,0.01058,0.01714,0.00412,0.01016,39,3,True
vm_01300,1300,0,4.21,304.21,5260.68,5256.47,0.13891,0.02666,0.06675,0.04009,0.12287,1.9315,0.0253,0.01316,0.00516,0.00816,0.01448,0.00164,0.00784,17,3,True
vm_00865,865,0,2.65,302.65,2747.78,2745.13,0.10423,0.002,0.02113,0.04617,0.08577,1.4421,0.039,0.00949,0.00149,0.00449,0.01044,0.00427,0.00431,35,3,True
vm_00517,517,0,1.62,301.62,12791.71,12790.09,0.13491,0.002,0.03753,0.0541,0.11327,1.4403,0.0456,0.00822,0.0005,0.00322,0.00904,0.0021,0.00309,13,3,True
vm_00598,598,0,1.88,301.88,5433.97,5432.09,0.07839,0.02375,0.0456,0.01821,0.07292,2.1437,0.0538,0.06199,0.02699,0.04199,0.06819,0.0045,0.03989,38,1,True
vm_00196,196,0,0.6,300.6,486.57,485.97,0.2276,0.03,0.08,0.0738,0.19808,1.3716,0.0095,0.01363,0.00163,0.00563,0.01432,0.00333,0.00552,295,2,True
vm_00289,289,0,0.89,300.89,10189.76,10188.87,0.08181,0.02218,0.04603,0.01988,0.07585,1.3999,0.0249,0.05835,0.02335,0.03835,0.06419,0.00546,0.03644,202,1,True
vm_00951,951,0,2.94,302.94,616.12,613.18,0.09414,0.02769,0.05427,0.02215,0.0875,1.4602,0.0415,0.05827,0.02327,0.03827,0.0641,0.00596,0.03636,222,1,True
vm_02148,2148,0,7.38,307.38,10375.03,10367.65,0.51767,0.09978,0.23908,0.13929,0.46195,0.8957,0.0175,0.01608,0.00408,0.00808,0.01689,0.00126,0.00792,102,2,True
vm_01771,1771,0,5.99,305.99,13629.63,13623.64,0.1999,0.06145,0.11089,0.04945,0.18012,1.6398,0.0272,0.01691,0.00891,0.01191,0.0186,0.00534,0.01144,210,3,True
vm_01121,1121,0,3.53,303.53,11800.75,11797.22,0.15309,0.00823,0.05997,0.05174,0.1324,1.4104,0.0312,0.01203,0.00403,0.00703,0.01324,0.00361,0.00675,50,3,True
vm_00550,550,0,1.72,301.72,858.5,856.78,0.06561,0.001,0.01069,0.03051,0.05646,1.7559,0.0689,0.06949,0.03449,0.04949,0.07644,0.00824,0.04701,110,1,True
vm_00157,157,0,0.5,300.5,11284.64,11284.14,0.14494,0.01529,0.0616,0.0463,0.12642,1.3777,0.0268,0.01285,0.00485,0.00785,0.01414,0.00522,0.00754,224,3,True
vm_00420,420,0,1.32,301.32,14314.51,14313.19,0.63198,0.31919,0.42345,0.10427,0.59028,0.6654,0.0184,0.01695,0.00495,0.00895,0.0178,0.00372,0.00877,203,2,True
vm_00923,923,0,2.87,302.87,3881.72,3878.85,0.06952,0.001,0.02702,0.02361,0.06244,1.9903,0.069,0.06583,0.03083,0.04583,0.07241,0.01495,0.04353,167,1,True
vm_00478,478,0,1.49,301.49,6694.15,6692.66,0.09466,0.002,0.01,0.04703,0.07585,1.691,0.0396,0.01399,0.00599,0.00899,0.01539,0.00097,0.00863,272,3,True
vm_01669,1669,0,5.6,305.6,528.63,523.03,0.15755,0.03338,0.07772,0.04435,0.13981,1.782,0.0327,0.01978,0.01178,0.01478,0.02176,0.00391,0.01419,3,3,True
vm_00554,554,0,1.73,301.73,9788.61,9786.88,0.07725,0.0226,0.04446,0.01822,0.07178,1.3894,0.0772,0.05607,0.02107,0.03607,0.06167,0.01071,0.03426,207,1,True
vm_01203,1203,0,3.84,303.84,331.47,327.64,0.29779,0.03,0.11023,0.09378,0.26028,0.5367,0.0125,0.01042,0.0005,0.00242,0.01094,0.004,0.00237,119,2,True
vm_00391,391,0,1.23,301.23,6160.85,6159.62,0.15434,0.02386,0.07046,0.0466,0.1357,1.3509,0.0222,0.01794,0.00994,0.01294,0.01973,0.00185,0.01242,237,3,True
vm_00579,579,0,1.81,301.81,7107.72,7105.92,0.04364,0.001,0.00778,0.01993,0.03766,1.3008,0.0798,0.048,0.013,0.028,0.0528,0.00477,0.0266,118,1,True
vm_02125,2125,0,7.31,307.31,887.31,879.99,0.06632,0.00747,0.03101,0.01962,0.06044,2.2236,0.0204,0.04648,0.01148,0.02648,0.05113,0.00586,0.02516,240,1,True
vm_01361,1361,0,4.46,304.46,771.01,766.55,0.09996,0.002,0.01,0.04998,0.07997,1.3175,0.0272,0.01428,0.00628,0.00928,0.01571,0.00464,0.00891,144,3,True
vm_02084,2084,0,7.15,307.15,449.08,441.93,0.22626,0.06752,0.12421,0.05669,0.20358,1.5818,0.0126,0.01606,0.00806,0.01106,0.01767,0.001,0.01062,91,3,True
vm_00821,821,0,2.5,302.5,435.03,432.53,0.07792,0.001,0.02745,0.02804,0.06951,2.3262,0.0742,0.04845,0.01345,0.02845,0.0533,0.00826,0.02703,161,1,True
vm_02198,2198,0,7.59,307.59,7833.67,7826.09,0.03599,0.001,0.01231,0.01315,0.03204,1.4632,0.0626,0.06472,0.02972,0.04472,0.07119,0.00271,0.04248,55,1,True
vm_01007,1007,0,3.16,303.16,8024.78,8021.62,0.05211,0.01488,0.02977,0.01241,0.04839,2.2536,0.0449,0.06328,0.02828,0.04328,0.06961,0.00562,0.04111,234,1,True
vm_01448,1448,0,4.79,304.79,13268.38,13263.59,0.16357,0.07504,0.10666,0.03162,0.15092,1.468,0.0312,0.0166,0.0086,0.0116,0.01825,0.00504,0.01113,37,3,True
vm_00665,665,0,2.05,302.05,11459.07,11457.02,0.16261,0.06729,0.10133,0.03404,0.14899,1.4741,0.0413,0.01327,0.00527,0.00827,0.0146,0.00256,0.00794,136,3,True
vm_01935,1935,0,6.54,306.54,12296.64,12290.1,0.07854,0.01173,0.03845,0.02227,0.07186,1.4604,0.0475,0.05459,0.01959,0.03459,0.06005,0.00368,0.03286,13,1,True
vm_00143,143,0,0.47,300.47,8538.72,8538.25,0.16782,0.06159,0.09953,0.03794,0.15264,1.983,0.0367,0.014,0.006,0.009,0.0154,0.00139,0.00864,42,3,True
vm_01951,1951,0,6.61,306.61,404.91,398.3,0.08979,0.0081,0.04078,0.02723,0.08162,2.3339,0.0488,0.04966,0.01466,0.02966,0.05462,0.00428,0.02817,25,1,True
vm_01522,1522,0,5.06,305.06,673.25,668.19,0.36008,0.03,0.08,0.14004,0.30407,0.6384,0.0217,0.01329,0.00129,0.00529,0.01395,0.00197,0.00518,255,2,True
vm_00422,422,0,1.32,301.32,543.9,542.57,0.49453,0.0928,0.22671,0.13391,0.44097,0.6337,0.0154,0.01359,0.00159,0.00559,0.01427,0.00378,0.00548,214,2,True
vm_00800,800,0,2.43,302.43,886.38,883.95,0.16857,0.02539,0.07653,0.05114,0.14812,1.6993,0.0384,0.01867,0.01067,0.01367,0.02053,0.00477,0.01312,196,3,True
vm_00616,616,0,1.93,301.93,664.78,662.84,0.12404,0.002,0.04266,0.04521,0.10596,1.6042,0.0393,0.0125,0.0045,0.0075,0.01375,0.00595,0.0072,54,3,True
vm_00296,296,0,0.93,300.93,6190.93,6190.0,0.07997,0.0287,0.04921,0.01709,0.07485,1.2842,0.0635,0.06301,0.02801,0.04301,0.06931,0.00996,0.04086,149,1,True
vm_00402,402,0,1.25,301.25,321.61,320.36,0.10501,0.002,0.01,0.05279,0.0839,1.1382,0.0254,0.01524,0.00724,0.01024,0.01676,0.00163,0.00983,31,3,True
vm_00089,89,0,0.29,300.29,664.71,664.42,0.04332,0.001,0.005,0.02129,0.03694,1.6111,0.0406,0.06691,0.03191,0.04691,0.0736,0.00285,0.04457,88,1,True
vm_01707,1707,0,5.73,305.73,8670.63,8664.9,0.36774,0.03,0.11013,0.1288,0.31622,1.3209,0.0133,0.01239,0.0005,0.00439,0.01301,0.0038,0.0043,172,2,True
vm_02258,2258,0,7.85,307.85,7610.47,7602.62,0.14873,0.03927,0.07836,0.03909,0.13309,1.8662,0.0253,0.011,0.003,0.006,0.0121,0.00372,0.00576,299,3,True
vm_00132,132,0,0.42,300.42,11105.48,11105.06,0.05616,0.00787,0.02719,0.0161,0.05133,1.9988,0.0327,0.05319,0.01819,0.03319,0.05851,0.00811,0.03153,235,1,True
vm_02165,2165,0,7.43,307.43,364.87,357.44,0.12174,0.01164,0.05096,0.03932,0.10601,1.9983,0.0462,0.01484,0.00684,0.00984,0.01633,0.00284,0.00945,105,3,True
vm_01382,1382,0,4.54,304.54,5345.18,5340.63,0.05771,0.00784,0.02779,0.01662,0.05272,2.0687,0.0787,0.08861,0.05361,0.06861,0.09747,0.01481,0.06518,156,1,True
vm_01726,1726,0,5.81,305.81,2411.72,2405.91,0.04555,0.001,0.00658,0.02165,0.03905,2.4391,0.0799,0.05421,0.01921,0.03421,0.05964,0.01482,0.0325,98,1,True
vm_01929,1929,0,6.51,306.51,478.07,471.55,0.34019,0.03,0.08,0.13009,0.28815,1.3573,0.0129,0.01386,0.00186,0.00586,0.01455,0.00433,0.00574,242,2,True
vm_01674,1674,0,5.62,305.62,11671.14,11665.53,0.47089,0.09162,0.21804,0.12642,0.42032,1.3202,0.0273,0.01152,0.0005,0.00352,0.0121,0.00434,0.00345,177,2,True
vm_00725,725,0,2.24,302.24,3095.57,3093.33,0.06482,0.001,0.02545,0.02187,0.05826,2.2436,0.0312,0.04899,0.01399,0.02899,0.05389,0.01233,0.02754,267,1,True
vm_01469,1469,0,4.84,304.84,540.7,535.86,0.28202,0.03283,0.11589,0.08306,0.24879,1.047,0.0059,0.01472,0.00272,0.00672,0.01545,0.00193,0.00658,178,2,True
vm_00270,270,0,0.83,300.83,3821.41,3820.58,0.06111,0.00826,0.0294,0.01762,0.05583,1.5729,0.0659,0.0707,0.0357,0.0507,0.07777,0.01408,0.04817,0,1,True
vm_01481,1481,0,4.87,304.87,4488.93,4484.06,0.37329,0.03,0.10662,0.13333,0.31996,0.6629,0.0059,0.01708,0.00508,0.00908,0.01793,0.00363,0.00889,247,2,True
vm_01747,1747,0,5.9,305.9,9562.35,9556.44,0.14727,0.04224,0.07975,0.03751,0.13227,1.1777,0.0363,0.01827,0.01027,0.01327,0.0201,0.00094,0.01274,64,3,True
vm_00918,918,0,2.85,302.85,7260.58,7257.74,0.07329,0.00838,0.03435,0.02164,0.0668,1.6867,0.0722,0.05514,0.02014,0.03514,0.06066,0.01192,0.03339,235,1,True
vm_01981,1981,0,6.75,306.75,797.69,790.94,0.49735,0.06062,0.2062,0.14558,0.43912,0.7157,0.0173,0.01201,0.0005,0.00401,0.01261,0.00439,0.00393,150,2,True
vm_01911,1911,0,6.43,306.43,3742.39,3735.96,0.4671,0.15607,0.25975,0.10367,0.42563,1.3005,0.009,0.01294,0.00094,0.00494,0.01359,0.00205,0.00485,152,2,True
vm_01798,1798,0,6.1,306.1,9999.87,9993.78,0.14286,0.002,0.0479,0.05276,0.12176,1.1928,0.0193,0.01977,0.01177,0.01477,0.02174,0.00373,0.01418,139,3,True
vm_00376,376,0,1.17,301.17,395.03,393.86,0.12913,0.002,0.01,0.06619,0.10266,1.8507,0.0193,0.011,0.003,0.006,0.0121,0.00329,0.00576,279,3,True
vm_00334,334,0,1.04,301.04,13808.25,13807.21,0.16703,0.05941,0.09784,0.03844,0.15166,1.5405,0.0464,0.01462,0.00662,0.00962,0.01608,0.00083,0.00924,201,3,True
vm_01491,1491,0,4.91,304.91,13508.44,13503.54,0.31618,0.03,0.08,0.11809,0.26894,0.982,0.015,0.02108,0.00908,0.01308,0.02213,0.0014,0.01282,283,2,True
vm_02157,2157,0,7.41,307.41,809.36,801.95,0.19722,0.05933,0.10858,0.04925,0.17753,1.0773,0.011,0.01344,0.00544,0.00844,0.01478,0.00141,0.0081,156,3,True
vm_01119,1119,0,3.53,303.53,365.05,361.52,0.3938,0.03,0.12095,0.13642,0.33923,0.5256,0.0073,0.01834,0.00634,0.01034,0.01925,0.00159,0.01013,185,2,True
vm_00911,911,0,2.82,302.82,9243.24,9240.42,0.04689,0.001,0.005,0.02327,0.03991,2.4294,0.0501,0.07652,0.04152,0.05652,0.08418,0.01354,0.0537,165,1,True
vm_00777,777,0,2.39,302.39,13306.94,13304.55,0.55801,0.1301,0.27274,0.14264,0.50096,0.5366,0.0239,0.01783,0.00583,0.00983,0.01872,0.00145,0.00963,150,2,True
vm_01447,1447,0,4.79,304.79,637.44,632.65,0.43319,0.10942,0.21734,0.10792,0.39002,0.7672,0.008,0.01698,0.00498,0.00898,0.01782,0.00057,0.0088,15,2,True
vm_00329,329,0,1.02,301.02,12823.38,12822.36,0.11028,0.01681,0.05419,0.03116,0.10093,2.2979,0.023,0.06283,0.02783,0.04283,0.06912,0.00793,0.04069,79,1,True
vm_01969,1969,0,6.7,306.7,6179.24,6172.53,0.03943,0.02313,0.02965,0.00543,0.0378,1.5663,0.0371,0.06568,0.03068,0.04568,0.07225,0.01273,0.0434,42,1,True
vm_01834,1834,0,6.19,306.19,879.81,873.62,0.48994,0.03,0.17213,0.15891,0.42638,0.962,0.0243,0.01629,0.00429,0.00829,0.01711,0.0029,0.00813,36,2,True
vm_00013,13,0,0.04,300.04,2425.69,2425.65,0.11315,0.002,0.02234,0.05045,0.09297,1.4435,0.0265,0.01056,0.00256,0.00556,0.01162,0.00105,0.00534,239,3,True
vm_00898,898,0,2.77,302.77,9217.16,9214.39,0.15399,0.00551,0.05854,0.05303,0.13278,1.097,0.0376,0.0186,0.0106,0.0136,0.02046,0.00091,0.01305,190,3,True
vm_00172,172,0,0.53,300.53,4362.38,4361.85,0.10639,0.002,0.03055,0.04213,0.08953,1.3268,0.0467,0.01589,0.00789,0.01089,0.01748,0.00087,0.01046,216,3,True
vm_00261,261,0,0.79,300.79,367.35,366.55,0.12184,0.002,0.03744,0.04689,0.10309,1.0887,0.0404,0.01269,0.00469,0.00769,0.01396,0.00353,0.00738,184,3,True
vm_01611,1611,0,5.38,305.38,639.63,634.24,0.31607,0.03,0.08,0.11803,0.26885,0.7358,0.0112,0.01687,0.00487,0.00887,0.01771,0.00459,0.00869,25,2,True
vm_02004,2004,0,6.84,306.84,521.02,514.18,0.27632,0.13255,0.1839,0.05135,0.25579,1.2113,0.0251,0.01323,0.00523,0.00823,0.01455,0.00305,0.0079,272,3,True
vm_00902,902,0,2.78,302.78,12416.63,12413.85,0.09326,0.002,0.03252,0.03375,0.07977,1.6522,0.0128,0.0138,0.0058,0.0088,0.01518,0.00586,0.00844,35,3,True
vm_00259,259,0,0.79,300.79,2632.34,2631.55,0.08303,0.001,0.03207,0.02831,0.07453,1.5104,0.0667,0.05207,0.01707,0.03207,0.05728,0.01348,0.03047,137,1,True
vm_00845,845,0,2.59,302.59,9817.26,9814.67,0.021,0.001,0.005,0.00889,0.01834,1.7287,0.0288,0.07718,0.04218,0.05718,0.0849,0.00249,0.05432,45,1,True
vm_00139,139,0,0.45,300.45,813.16,812.72,0.05206,0.001,0.005,0.02615,0.04422,1.3515,0.0646,0.06148,0.02648,0.04148,0.06763,0.01224,0.03941,286,1,True
vm_00320,320,0,1.0,301.0,10047.38,10046.38,0.42722,0.03165,0.1635,0.13186,0.37448,1.2887,0.0158,0.0198,0.0078,0.0118,0.02079,0.00324,0.01156,230,2,True
vm_01965,1965,0,6.69,306.69,356.32,349.64,0.12298,0.002,0.04482,0.04342,0.10561,1.8414,0.0452,0.00737,0.0005,0.00237,0.0081,0.00326,0.00227,103,3,True
vm_01581,1581,0,5.26,305.26,6216.59,6211.33,0.18122,0.06371,0.10568,0.04197,0.16444,1.3637,0.0101,0.01273,0.00473,0.00773,0.01401,0.0052,0.00743,36,3,True
vm_01512,1512,0,5.0,305.0,511.75,506.74,0.16353,0.07205,0.10472,0.03267,0.15046,1.2819,0.0231,0.01121,0.00321,0.00621,0.01233,0.00255,0.00596,53,3,True
vm_00559,559,0,1.75,301.75,8153.72,8151.97,0.36084,0.03,0.10477,0.12804,0.30962,0.5275,0.0134,0.01107,0.0005,0.00307,0.01162,0.0017,0.00301,174,2,True
vm_00140,140,0,0.45,300.45,772.57,772.12,0.04138,0.001,0.01358,0.01545,0.03674,1.8117,0.0754,0.05286,0.01786,0.03286,0.05814,0.00516,0.03121,246,1,True
vm_00113,113,0,0.37,300.37,7280.33,7279.97,0.08042,0.002,0.01,0.03912,0.06477,1.0641,0.0436,0.01541,0.00741,0.01041,0.01695,0.00177,0.00999,255,3,True
vm_00532,532,0,1.65,301.65,12734.07,12732.42,0.12084,0.01445,0.05245,0.03799,0.10564,1.3204,0.0252,0.01621,0.00821,0.01121,0.01784,0.00186,0.01077,258,3,True
vm_00225,225,0,0.67,300.67,376.71,376.04,0.52966,0.16403,0.28591,0.12188,0.48091,1.2088,0.0117,0.009,0.0005,0.001,0.00945,0.00093,0.00098,230,2,True
vm_00724,724,0,2.24,302.24,5812.21,5809.97,0.12156,0.002,0.02778,0.0521,0.10072,1.9991,0.0257,0.01476,0.00676,0.00976,0.01623,0.00212,0.00937,105,3,True
vm_02131,2131,0,7.34,307.34,13505.68,13498.34,0.07659,0.001,0.02518,0.02856,0.06802,1.9816,0.0416,0.04318,0.00818,0.02318,0.04749,0.00417,0.02202,20,1,True
vm_01886,1886,0,6.36,306.36,561.25,554.89,0.39294,0.03,0.08,0.15647,0.33035,1.1829,0.0212,0.02166,0.00966,0.01366,0.02275,0.00271,0.01339,267,2,True
vm_00326,326,0,1.01,301.01,567.47,566.46,0.17622,0.002,0.06276,0.06303,0.15101,1.2337,0.0301,0.01416,0.00616,0.00916,0.01558,0.0019,0.00879,91,3,True
vm_01621,1621,0,5.43,305.43,13431.02,13425.59,0.14701,0.002,0.04559,0.05634,0.12447,1.2402,0.0153,0.014,0.006,0.009,0.0154,0.00192,0.00864,193,3,True
vm_01396,1396,0,4.58,304.58,570.04,565.45,0.19799,0.03831,0.09534,0.05703,0.17518,1.6947,0.0449,0.01224,0.00424,0.00724,0.01346,0.00428,0.00695,260,3,True
vm_00715,715,0,2.21,302.21,417.55,415.34,0.05099,0.001,0.005,0.02555,0.04332,2.1244,0.0629,0.05191,0.01691,0.03191,0.0571,0.00849,0.03031,41,1,True
vm_00847,847,0,2.61,302.61,13622.37,13619.76,0.05773,0.001,0.01276,0.02498,0.05024,1.2292,0.0549,0.07045,0.03545,0.05045,0.0775,0.00425,0.04793,216,1,True
vm_00194,194,0,0.59,300.59,13472.86,13472.27,0.06318,0.004,0.02768,0.01973,0.05727,2.3952,0.0322,0.05169,0.01669,0.03169,0.05686,0.01407,0.03011,191,1,True
vm_00574,574,0,1.79,301.79,4711.16,4709.36,0.08314,0.02318,0.04716,0.01999,0.07715,2.0736,0.0528,0.06195,0.02695,0.04195,0.06814,0.01115,0.03985,69,1,True
vm_00947,947,0,2.94,302.94,8686.8,8683.86,0.43106,0.07917,0.19647,0.1173,0.38414,0.7207,0.0186,0.01295,0.00095,0.00495,0.0136,0.00368,0.00485,250,2,True
vm_00504,504,0,1.59,301.59,771.69,770.1,0.09658,0.002,0.01545,0.04508,0.07855,1.5304,0.0375,0.01225,0.00425,0.00725,0.01347,0.00099,0.00696,209,3,True
vm_01506,1506,0,4.97,304.97,7411.01,7406.04,0.09756,0.04291,0.06477,0.01822,0.0921,2.2079,0.0247,0.06842,0.03342,0.04842,0.07526,0.00989,0.046,213,1,True
vm_02151,2151,0,7.39,307.39,400.76,393.37,0.1278,0.002,0.04083,0.04832,0.10848,1.5815,0.0117,0.01033,0.00233,0.00533,0.01136,0.00302,0.00511,289,3,True
vm_00646,646,0,2.0,302.0,13637.91,13635.92,0.05985,0.00717,0.02824,0.01756,0.05458,2.2664,0.0447,0.06805,0.03305,0.04805,0.07486,0.00346,0.04565,100,1,True
vm_00004,4,0,0.01,300.01,11347.55,11347.54,0.03711,0.001,0.01047,0.0148,0.03267,2.0199,0.0504,0.07216,0.03716,0.05216,0.07938,0.00746,0.04955,190,1,True
vm_01478,1478,0,4.86,304.86,13453.15,13448.29,0.06341,0.001,0.02273,0.0226,0.05663,1.8144,0.0472,0.06188,0.02688,0.04188,0.06807,0.00843,0.03978,150,1,True
vm_00468,468,0,1.46,301.46,636.21,634.75,0.09501,0.01573,0.04744,0.02643,0.08708,1.9809,0.0716,0.07151,0.03651,0.05151,0.07866,0.00213,0.04894,4,1,True
vm_00006,6,0,0.02,300.02,487.44,487.42,0.06254,0.00836,0.03003,0.01806,0.05712,1.284,0.0551,0.07484,0.03984,0.05484,0.08233,0.00282,0.0521,236,1,True
vm_01703,1703,0,5.71,305.71,10027.22,10021.51,0.2568,0.03,0.08,0.0884,0.22144,1.2899,0.0192,0.009,0.0005,0.001,0.00945,0.00268,0.00098,136,2,True
vm_01766,1766,0,5.98,305.98,3471.27,3465.29,0.3134,0.03,0.08,0.1167,0.26672,0.6594,0.0087,0.01684,0.00484,0.00884,0.01769,0.00473,0.00867,300,2,True
vm_00548,548,0,1.71,301.71,12068.0,12066.29,0.05305,0.001,0.01708,0.01998,0.04706,1.9641,0.0247,0.06189,0.02689,0.04189,0.06808,0.00268,0.03979,130,1,True
vm_00229,229,0,0.68,300.68,11894.0,11893.32,0.18021,0.05958,0.10266,0.04308,0.16298,1.3804,0.0439,0.01208,0.00408,0.00708,0.01329,0.00133,0.0068,243,3,True
vm_01064,1064,0,3.35,303.35,12470.92,12467.57,0.31488,0.03,0.08,0.11744,0.26791,0.7431,0.0062,0.01889,0.00689,0.01089,0.01984,0.0023,0.01068,142,2,True
vm_00543,543,0,1.69,301.69,618.17,616.48,0.07467,0.00589,0.0334,0.02292,0.06779,2.2175,0.0339,0.06314,0.02814,0.04314,0.06946,0.01078,0.04099,227,1,True
vm_00243,243,0,0.73,300.73,521.07,520.34,0.22732,0.05565,0.11696,0.06131,0.20279,1.8676,0.0318,0.0169,0.0089,0.0119,0.01859,0.00554,0.01142,130,3,True
vm_00899,899,0,2.77,302.77,13557.69,13554.92,0.07769,0.02227,0.04444,0.01847,0.07215,1.5537,0.0362,0.06306,0.02806,0.04306,0.06936,0.01086,0.04091,157,1,True
vm_01457,1457,0,4.82,304.82,13225.01,13220.19,0.15251,0.01677,0.06525,0.04848,0.13312,1.4878,0.0122,0.01245,0.00445,0.00745,0.0137,0.00599,0.00716,130,3,True
vm_01161,1161,0,3.64,303.64,2748.85,2745.21,0.09933,0.05367,0.07193,0.01522,0.09476,2.4867,0.0236,0.06999,0.03499,0.04999,0.07699,0.00204,0.04749,214,1,True
vm_02261,2261,0,7.86,307.86,5403.76,5395.9,0.13595,0.01432,0.05776,0.04344,0.11857,1.1047,0.0309,0.01742,0.00942,0.01242,0.01916,0.00275,0.01192,67,3,True
vm_02166,2166,0,7.44,307.44,10583.4,10575.96,0.08483,0.01974,0.04578,0.0217,0.07832,1.961,0.0679,0.08061,0.04561,0.06061,0.08868,0.009,0.05758,260,1,True
vm_00843,843,0,2.58,302.58,4312.68,4310.1,0.06808,0.0102,0.03335,0.01929,0.06229,1.3717,0.046,0.05244,0.01744,0.03244,0.05769,0.00843,0.03082,300,1,True
vm_01828,1828,0,6.19,306.19,734.37,728.18,0.20231,0.05546,0.10791,0.05245,0.18133,1.5105,0.0212,0.0144,0.0064,0.0094,0.01584,0.0028,0.00903,116,3,True
vm_02200,2200,0,7.6,307.6,10220.37,10212.78,0.39139,0.03,0.10645,0.14247,0.33441,1.0844,0.0282,0.0217,0.0097,0.0137,0.02278,0.00134,0.01343,48,2,True
vm_00277,277,0,0.86,300.86,9866.26,9865.4,0.09937,0.002,0.01,0.04965,0.07951,1.4657,0.0338,0.01606,0.00806,0.01106,0.01766,0.00567,0.01062,0,3,True
vm_00662,662,0,2.04,302.04,4158.96,4156.92,0.09729,0.002,0.0122,0.04727,0.07839,1.325,0.0292,0.01744,0.00944,0.01244,0.01919,0.00571,0.01195,128,3,True
vm_01847,1847,0,6.21,306.21,705.82,699.61,0.19219,0.00984,0.07496,0.06512,0.16614,1.3643,0.0122,0.01378,0.00578,0.00878,0.01516,0.00352,0.00843,211,3,True
vm_01551,1551,0,5.15,305.15,701.5,696.35,0.07868,0.001,0.02582,0.02937,0.06987,1.6209,0.0466,0.07144,0.03644,0.05144,0.07859,0.00129,0.04887,188,1,True
vm_00315,315,0,1.0,301.0,12687.51,12686.51,0.07834,0.0378,0.05401,0.01351,0.07428,2.043,0.0657,0.05311,0.01811,0.03311,0.05842,0.00747,0.03145,150,1,True
vm_02270,2270,0,7.9,307.9,2672.4,2664.5,0.05328,0.001,0.005,0.02682,0.04523,1.7442,0.0286,0.06202,0.02702,0.04202,0.06822,0.00498,0.03991,216,1,True
vm_00692,692,0,2.15,302.15,13650.2,13648.05,0.47356,0.03176,0.17903,0.14727,0.41466,0.8464,0.0183,0.02111,0.00911,0.01311,0.02217,0.00187,0.01285,291,2,True
vm_01936,1936,0,6.54,306.54,6688.17,6681.63,0.12581,0.05458,0.08002,0.02544,0.11564,1.5703,0.0133,0.01497,0.00697,0.00997,0.01647,0.00276,0.00957,214,3,True
vm_00425,425,0,1.33,301.33,754.02,752.69,0.14517,0.032,0.07242,0.04042,0.129,1.9263,0.0348,0.01818,0.01018,0.01318,0.02,0.00559,0.01266,68,3,True
vm_00595,595,0,1.87,301.87,13502.45,13500.58,0.05494,0.001,0.0165,0.02136,0.04854,1.8181,0.0298,0.03606,0.005,0.01606,0.03966,0.00226,0.01525,196,1,True
vm_02273,2273,0,7.92,307.92,409.26,401.34,0.70865,0.25447,0.40586,0.15139,0.64809,0.7203,0.0109,0.01246,0.0005,0.00446,0.01308,0.00191,0.00437,263,2,True
vm_00623,623,0,1.95,301.95,13937.67,13935.71,0.17325,0.01219,0.06971,0.05752,0.15024,1.3577,0.0249,0.01449,0.00649,0.00949,0.01594,0.00374,0.00911,102,3,True
vm_01504,1504,0,4.96,304.96,835.81,830.85,0.18097,0.0493,0.09633,0.04702,0.16216,1.9295,0.0125,0.01158,0.00358,0.00658,0.01274,0.00279,0.00632,12,3,True
vm_02017,2017,0,6.88,306.88,7218.36,7211.48,0.10239,0.00579,0.04029,0.0345,0.08859,1.1238,0.0391,0.01079,0.00279,0.00579,0.01187,0.00473,0.00556,115,3,True
vm_00228,228,0,0.68,300.68,9909.89,9909.21,0.09604,0.02688,0.05455,0.02305,0.08913,1.709,0.0478,0.05041,0.01541,0.03041,0.05545,0.0139,0.02889,215,1,True
vm_01603,1603,0,5.36,305.36,5757.72,5752.36,0.15573,0.02654,0.07268,0.04614,0.13727,1.5106,0.0342,0.00773,0.0005,0.00273,0.00851,0.00184,0.00262,228,3,True
vm_01170,1170,0,3.68,303.68,14049.28,14045.59,0.06264,0.00364,0.02724,0.01967,0.05674,2.0639,0.0671,0.07174,0.03674,0.05174,0.07892,0.00134,0.04916,253,1,True
vm_02135,2135,0,7.35,307.35,12981.95,12974.6,0.71284,0.28187,0.42553,0.14366,0.65538,0.5571,0.0067,0.01995,0.00795,0.01195,0.02095,0.00366,0.01171,265,2,True
vm_01415,1415,0,4.67,304.67,8854.94,8850.26,0.14747,0.002,0.05115,0.05351,0.12606,1.7637,0.0328,0.01676,0.00876,0.01176,0.01844,0.0033,0.01129,189,3,True
vm_00067,67,0,0.24,300.24,345.0,344.77,0.12724,0.02401,0.06088,0.03687,0.11249,1.3158,0.0183,0.00917,0.00117,0.00417,0.01008,0.00294,0.004,67,3,True
vm_00025,25,0,0.1,300.1,13685.27,13685.17,0.09213,0.002,0.01921,0.04051,0.07592,1.0987,0.0371,0.01332,0.00532,0.00832,0.01466,0.00373,0.00799,117,3,True
vm_01236,1236,0,3.96,303.96,10176.65,10172.69,0.53237,0.11409,0.25352,0.13942,0.4766,0.6867,0.0247,0.01398,0.00198,0.00598,0.01468,0.00432,0.00586,274,2,True
vm_00145,145,0,0.47,300.47,13181.61,13181.14,0.07109,0.01017,0.03454,0.0203,0.06499,1.597,0.0264,0.07286,0.03786,0.05286,0.08015,0.01266,0.05022,241,1,True
vm_00537,537,0,1.67,301.67,7679.87,7678.2,0.31754,0.03,0.08,0.11877,0.27003,0.7206,0.0092,0.009,0.0005,0.001,0.00945,0.00378,0.00098,210,2,True
vm_00812,812,0,2.47,302.47,884.25,881.78,0.52755,0.12484,0.25908,0.13424,0.47385,1.1274,0.0298,0.02074,0.00874,0.01274,0.02178,0.00317,0.01249,95,2,True
vm_01806,1806,0,6.13,306.13,7347.95,7341.81,0.56855,0.14123,0.28367,0.14244,0.51157,1.2098,0.0195,0.0144,0.0024,0.0064,0.01512,0.00363,0.00627,202,2,True
vm_00086,86,0,0.29,300.29,4921.59,4921.3,0.1551,0.0449,0.08426,0.03936,0.13936,1.1873,0.0377,0.01679,0.00879,0.01179,0.01847,0.00214,0.01132,194,3,True
vm_01255,1255,0,4.04,304.04,13158.14,13154.11,0.06358,0.002,0.01,0.02976,0.05167,1.1548,0.0404,0.01467,0.00667,0.00967,0.01613,0.00268,0.00928,215,3,True
vm_01746,1746,0,5.9,305.9,465.27,459.37,0.06153,0.002,0.01757,0.02442,0.05176,1.7742,0.0343,0.01806,0.01006,0.01306,0.01986,0.00371,0.01253,50,3,True
vm_01709,1709,0,5.74,305.74,3008.1,3002.37,0.08682,0.02333,0.04873,0.02116,0.08047,2.4944,0.0263,0.06238,0.02738,0.04238,0.06862,0.0077,0.04026,78,1,True
vm_01519,1519,0,5.04,305.04,753.32,748.28,0.1399,0.0036,0.05228,0.04868,0.12043,1.7656,0.05,0.01612,0.00812,0.01112,0.01773,0.00289,0.01067,228,3,True
vm_01383,1383,0,4.55,304.55,11737.22,11732.67,0.08763,0.0213,0.04783,0.02211,0.081,2.1065,0.0313,0.05155,0.01655,0.03155,0.0567,0.00228,0.02997,39,1,True
vm_00485,485,0,1.52,301.52,601.73,600.22,0.16267,0.03005,0.07741,0.04737,0.14373,1.31,0.0375,0.01901,0.01101,0.01401,0.02091,0.00308,0.01345,136,3,True
vm_02046,2046,0,7.01,307.01,6371.66,6364.65,0.0429,0.001,0.00861,0.01905,0.03719,1.477,0.058,0.06096,0.02596,0.04096,0.06706,0.00165,0.03891,165,1,True
vm_02193,2193,0,7.57,307.57,487.11,479.55,0.16003,0.002,0.04385,0.06454,0.13421,1.7597,0.0497,0.00899,0.00099,0.00399,0.00989,0.00386,0.00383,233,3,True
vm_01764,1764,0,5.97,305.97,9332.98,9327.01,0.08548,0.00736,0.03526,0.0279,0.07432,1.417,0.0159,0.01871,0.01071,0.01371,0.02058,0.00253,0.01316,264,3,True
vm_01472,1472,0,4.85,304.85,5299.7,5294.85,0.39062,0.03,0.08,0.15531,0.3285,1.1399,0.0055,0.01836,0.00636,0.01036,0.01928,0.00499,0.01016,194,2,True
vm_02259,2259,0,7.86,307.86,4939.82,4931.97,0.05859,0.001,0.0069,0.02872,0.04997,1.6952,0.0289,0.05677,0.02177,0.03677,0.06245,0.01283,0.03493,118,1,True
vm_00363,363,0,1.13,301.13,513.02,511.89,0.16619,0.04499,0.08828,0.04329,0.14888,1.0148,0.018,0.01295,0.00495,0.00795,0.01424,0.00245,0.00763,3,3,True
vm_00750,750,0,2.31,302.31,405.42,403.11,0.05489,0.002,0.01,0.02494,0.04491,1.4449,0.0338,0.0163,0.0083,0.0113,0.01793,0.00423,0.01085,41,3,True
vm_02284,2284,0,7.96,307.96,14384.23,14376.27,0.50327,0.05494,0.20439,0.14944,0.44349,0.5592,0.0142,0.01289,0.00089,0.00489,0.01353,0.00099,0.00479,216,2,True
vm_01027,1027,0,3.23,303.23,7945.65,7942.43,0.06938,0.02101,0.04035,0.01612,0.06454,1.7143,0.0592,0.06167,0.02667,0.04167,0.06784,0.00583,0.03958,189,1,True
vm_01031,1031,0,3.25,303.25,3937.16,3933.91,0.06525,0.001,0.02558,0.02204,0.05864,2.2161,0.0489,0.0579,0.0229,0.0379,0.06369,0.01396,0.03601,112,1,True
vm_01560,1560,0,5.19,305.19,356.46,351.27,0.47251,0.13225,0.24567,0.11342,0.42714,1.1523,0.014,0.02247,0.01047,0.01447,0.0236,0.00103,0.01419,19,2,True
vm_01336,1336,0,4.36,304.36,7831.47,7827.11,0.06188,0.001,0.00893,0.02942,0.05306,1.6211,0.0605,0.06143,0.02643,0.04143,0.06758,0.00899,0.03936,15,1,True
vm_01740,1740,0,5.87,305.87,309.73,303.87,0.09604,0.01576,0.04787,0.02676,0.08801,2.4442,0.0465,0.06512,0.03012,0.04512,0.07163,0.00492,0.04286,122,1,True
vm_01640,1640,0,5.51,305.51,10530.1,10524.59,0.35334,0.03,0.10197,0.12568,0.30306,1.1725,0.0285,0.01394,0.00194,0.00594,0.01463,0.00307,0.00582,264,2,True
vm_00666,666,0,2.05,302.05,9665.46,9663.41,0.0334,0.00239,0.0148,0.01034,0.0303,2.0709,0.0702,0.06213,0.02713,0.04213,0.06834,0.00315,0.04002,163,1,True
vm_00365,365,0,1.14,301.14,565.68,564.54,0.21555,0.06165,0.11661,0.05496,0.19356,1.4096,0.0306,0.01659,0.00859,0.01159,0.01825,0.00442,0.01113,271,3,True
vm_01240,1240,0,3.97,303.97,11387.53,11383.56,0.13099,0.00633,0.05085,0.04452,0.11318,1.0059,0.0114,0.01305,0.00505,0.00805,0.01436,0.00329,0.00773,217,3,True
vm_00078,78,0,0.28,300.28,9533.14,9532.86,0.32959,0.03,0.08,0.1248,0.27967,0.9634,0.0207,0.01245,0.0005,0.00445,0.01308,0.0016,0.00436,143,2,True
vm_00028,28,0,0.11,300.11,842.53,842.42,0.09661,0.002,0.01,0.04812,0.07737,1.3475,0.0435,0.01373,0.00573,0.00873,0.01511,0.00213,0.00838,208,3,True
vm_01852,1852,0,6.23,306.23,5933.42,5927.19,0.10908,0.04747,0.07212,0.02054,0.10292,1.5419,0.0737,0.06053,0.02553,0.04053,0.06658,0.00894,0.03851,166,1,True
vm_00526,526,0,1.64,301.64,6507.88,6506.24,0.03326,0.001,0.00868,0.01366,0.02917,2.1982,0.0389,0.05828,0.02328,0.03828,0.0641,0.0058,0.03636,215,1,True
vm_00726,726,0,2.24,302.24,3063.98,3061.74,0.13637,0.02993,0.06794,0.03801,0.12116,1.1131,0.0313,0.01707,0.00907,0.01207,0.01877,0.00556,0.01158,193,3,True
vm_00056,56,0,0.19,300.19,847.19,846.99,0.19902,0.06652,0.11384,0.04732,0.18009,1.5396,0.0403,0.01385,0.00585,0.00885,0.01523,0.00084,0.00849,261,3,True
vm_00639,639,0,1.98,301.98,13037.34,13035.36,0.21915,0.07542,0.12675,0.05133,0.19861,1.7296,0.0391,0.01371,0.00571,0.00871,0.01508,0.00301,0.00836,42,3,True
vm_00303,303,0,0.96,300.96,3845.42,3844.47,0.1259,0.002,0.04168,0.04679,0.10718,1.7128,0.0331,0.0181,0.0101,0.0131,0.01991,0.00377,0.01258,126,3,True
vm_00719,719,0,2.23,302.23,5260.82,5258.59,0.03147,0.001,0.00898,0.0125,0.02772,2.3567,0.0595,0.05936,0.02436,0.03936,0.06529,0.00485,0.03739,220,1,True
vm_01562,1562,0,5.2,305.2,816.54,811.34,0.03898,0.001,0.0095,0.01638,0.03407,2.384,0.0491,0.07308,0.03808,0.05308,0.08039,0.00545,0.05042,12,1,True
vm_00625,625,0,1.95,301.95,13503.25,13501.3,0.06433,0.00591,0.02928,0.01948,0.05849,1.371,0.0226,0.05501,0.02001,0.03501,0.06051,0.01001,0.03326,224,1,True
vm_00008,8,0,0.03,300.03,14108.46,14108.43,0.09024,0.002,0.01,0.04458,0.07241,1.9379,0.0461,0.02045,0.01245,0.01545,0.02249,0.00594,0.01483,57,3,True
vm_01281,1281,0,4.15,304.15,11674.15,11670.0,0.15148,0.04883,0.08549,0.03666,0.13682,1.8498,0.0265,0.01599,0.00799,0.01099,0.01759,0.00363,0.01055,73,3,True
vm_00804,804,0,2.44,302.44,12274.27,12271.83,0.08031,0.001,0.03131,0.02722,0.07215,1.725,0.0255,0.06487,0.02987,0.04487,0.07136,0.01261,0.04263,0,1,True
vm_01050,1050,0,3.32,303.32,491.34,488.02,0.16038,0.02328,0.07225,0.04897,0.1408,1.7308,0.0361,0.01837,0.01037,0.01337,0.02021,0.00317,0.01283,86,3,True
vm_00337,337,0,1.05,301.05,656.91,655.86,0.19,0.08421,0.12199,0.03778,0.17489,1.867,0.0428,0.01708,0.00908,0.01208,0.01878,0.00313,0.01159,95,3,True
vm_00048,48,0,0.17,300.17,9094.14,9093.97,0.09567,0.01165,0.04526,0.02801,0.08727,1.3403,0.0618,0.03667,0.005,0.01667,0.04033,0.01128,0.01583,248,1,True
vm_01963,1963,0,6.68,306.68,822.89,816.21,0.03465,0.001,0.00798,0.01482,0.03021,1.5213,0.0447,0.05623,0.02123,0.03623,0.06185,0.00972,0.03442,222,1,True
vm_00107,107,0,0.35,300.35,3271.87,3271.52,0.09862,0.04085,0.06396,0.01926,0.09284,1.5541,0.0464,0.04949,0.01449,0.02949,0.05444,0.00364,0.02802,173,1,True
vm_00350,350,0,1.09,301.09,5857.45,5856.36,0.0516,0.00667,0.02465,0.01498,0.04711,2.4466,0.0326,0.06875,0.03375,0.04875,0.07563,0.00841,0.04631,6,1,True
vm_01080,1080,0,3.41,303.41,7052.16,7048.75,0.12971,0.002,0.04289,0.04824,0.11042,1.415,0.0306,0.01787,0.00987,0.01287,0.01965,0.00201,0.01235,50,3,True
vm_00239,239,0,0.71,300.71,306.93,306.22,0.15648,0.002,0.04256,0.06329,0.13117,1.7048,0.0198,0.01811,0.01011,0.01311,0.01992,0.00356,0.01258,0,3,True
vm_00214,214,0,0.65,300.65,12513.76,12513.11,0.07568,0.00497,0.03325,0.02357,0.06861,1.2433,0.0269,0.05091,0.01591,0.03091,0.056,0.01186,0.02936,168,1,True
vm_01145,1145,0,3.6,303.6,11142.76,11139.16,0.05475,0.00166,0.02289,0.0177,0.04944,1.5509,0.0486,0.05914,0.02414,0.03914,0.06506,0.00504,0.03719,81,1,True
vm_01608,1608,0,5.38,305.38,11652.26,11646.88,0.03312,0.001,0.005,0.01562,0.02843,2.2079,0.0277,0.04972,0.01472,0.02972,0.05469,0.01252,0.02824,238,1,True
vm_01463,1463,0,4.83,304.83,431.43,426.6,0.05682,0.01073,0.02916,0.01536,0.05221,1.7872,0.0301,0.05755,0.02255,0.03755,0.0633,0.00725,0.03567,202,1,True
vm_00794,794,0,2.42,302.42,13981.67,13979.25,0.03689,0.001,0.005,0.01771,0.03157,1.9272,0.0366,0.06146,0.02646,0.04146,0.06761,0.00617,0.03939,177,1,True
vm_01097,1097,0,3.48,303.48,2856.04,2852.56,0.05979,0.002,0.01,0.02766,0.04872,1.5772,0.0494,0.00843,0.0005,0.00343,0.00928,0.00117,0.0033,37,3,True
vm_01514,1514,0,5.01,305.01,5966.28,5961.27,0.11002,0.002,0.01,0.05557,0.08779,1.3993,0.0102,0.01078,0.00278,0.00578,0.01185,0.00568,0.00554,270,3,True
vm_01859,1859,0,6.26,306.26,878.63,872.37,0.06941,0.017,0.03796,0.01747,0.06417,1.2613,0.0323,0.06864,0.03364,0.04864,0.07551,0.00722,0.04621,176,1,True
vm_02038,2038,0,6.99,306.99,421.72,414.74,0.11216,0.03459,0.06229,0.0277,0.10108,1.0463,0.0271,0.01027,0.00227,0.00527,0.01129,0.00575,0.00506,274,3,True
vm_00346,346,0,1.08,301.08,887.34,886.26,0.17688,0.04465,0.09187,0.04722,0.15799,1.6606,0.0177,0.01276,0.00476,0.00776,0.01404,0.00282,0.00745,193,3,True
vm_00524,524,0,1.63,301.63,6535.96,6534.33,0.12076,0.02201,0.05728,0.03527,0.10665,1.0732,0.0395,0.01821,0.01021,0.01321,0.02003,0.00582,0.01268,108,3,True
vm_00233,233,0,0.69,300.69,6897.32,6896.63,0.13296,0.02079,0.06085,0.04006,0.11693,1.298,0.0268,0.01503,0.00703,0.01003,0.01654,0.0029,0.00963,78,3,True
vm_00645,645,0,1.99,301.99,14346.33,14344.34,0.18299,0.11312,0.13807,0.02496,0.17301,1.2668,0.0168,0.01814,0.01014,0.01314,0.01996,0.00472,0.01262,223,3,True
vm_01941,1941,0,6.55,306.55,8447.87,8441.32,0.20428,0.04401,0.10125,0.05724,0.18138,1.5855,0.022,0.01402,0.00602,0.00902,0.01543,0.00406,0.00866,8,3,True
vm_00534,534,0,1.66,301.66,319.41,317.75,0.09847,0.002,0.01,0.04915,0.07881,1.8855,0.0212,0.01219,0.00419,0.00719,0.0134,0.00142,0.0069,107,3,True
vm_01942,1942,0,6.55,306.55,3843.12,3836.57,0.50591,0.06848,0.21429,0.14581,0.44758,0.942,0.0165,0.01371,0.00171,0.00571,0.01439,0.0012,0.00559,211,2,True
vm_00604,604,0,1.9,301.9,728.54,726.64,0.12561,0.002,0.01,0.06423,0.09992,1.4478,0.029,0.01347,0.00547,0.00847,0.01482,0.00546,0.00813,146,3,True
vm_01605,1605,0,5.38,305.38,7038.34,7032.97,0.08058,0.02128,0.045,0.01977,0.07465,2.1346,0.0572,0.03885,0.005,0.01885,0.04273,0.00529,0.01791,118,1,True
vm_01075,1075,0,3.39,303.39,4513.6,4510.21,0.17487,0.01438,0.0717,0.05732,0.15194,1.8144,0.0486,0.01704,0.00904,0.01204,0.01875,0.00401,0.01156,186,3,True
vm_01678,1678,0,5.64,305.64,13683.49,13677.86,0.39961,0.03,0.11649,0.14156,0.34299,0.6939,0.0173,0.01397,0.00197,0.00597,0.01467,0.00065,0.00585,265,2,True
vm_00061,61,0,0.22,300.22,791.32,791.1,0.07706,0.001,0.02757,0.0275,0.06882,1.6064,0.023,0.07221,0.03721,0.05221,0.07943,0.00776,0.0496,177,1,True
vm_01622,1622,0,5.43,305.43,13109.24,13103.81,0.75016,0.33754,0.47508,0.13754,0.69514,0.8282,0.0075,0.0214,0.0094,0.0134,0.02247,0.00257,0.01313,223,2,True
vm_00093,93,0,0.3,300.3,6699.27,6698.97,0.5302,0.14763,0.27515,0.12752,0.47919,0.6886,0.0233,0.01614,0.00414,0.00814,0.01695,0.00095,0.00798,179,2,True
vm_00667,667,0,2.06,302.06,3307.84,3305.78,0.308,0.03,0.08,0.114,0.2624,1.0846,0.0237,0.01445,0.00245,0.00645,0.01517,0.00355,0.00632,130,2,True
vm_01429,1429,0,4.73,304.73,9524.88,9520.15,0.30061,0.03,0.08,0.11031,0.25649,0.662,0.0147,0.01345,0.00145,0.00545,0.01413,0.00109,0.00535,63,2,True
vm_02065,2065,0,7.09,307.09,11318.08,11310.99,0.14655,0.02372,0.06758,0.04387,0.129,1.6036,0.0271,0.01209,0.00409,0.00709,0.0133,0.0013,0.0068,283,3,True
vm_00281,281,0,0.88,300.88,5561.61,5560.73,0.06355,0.01975,0.03727,0.0146,0.05917,2.3507,0.0536,0.07707,0.04207,0.05707,0.08477,0.0031,0.05421,188,1,True
vm_01799,1799,0,6.1,306.1,13707.81,13701.71,0.13833,0.02828,0.06759,0.0393,0.12261,1.8677,0.0121,0.01828,0.01028,0.01328,0.02011,0.00566,0.01275,295,3,True
vm_00360,360,0,1.12,301.12,608.67,607.55,0.03798,0.001,0.005,0.01832,0.03248,2.0256,0.0296,0.03935,0.005,0.01935,0.04329,0.0135,0.01838,93,1,True
vm_01452,1452,0,4.8,304.8,4207.1,4202.3,0.13772,0.05045,0.08162,0.03117,0.12525,1.103,0.045,0.01672,0.00872,0.01172,0.01839,0.00174,0.01125,155,3,True
vm_01398,1398,0,4.59,304.59,681.17,676.58,0.52914,0.13043,0.26334,0.1329,0.47598,0.5273,0.0229,0.01763,0.00563,0.00963,0.01851,0.00091,0.00943,235,2,True
vm_01502,1502,0,4.94,304.94,538.15,533.21,0.06622,0.01164,0.03347,0.01819,0.06076,2.35,0.0241,0.06128,0.02628,0.04128,0.06741,0.00143,0.03922,206,1,True
vm_00848,848,0,2.61,302.61,12087.77,12085.17,0.06686,0.001,0.02603,0.02268,0.06005,1.3904,0.0486,0.05611,0.02111,0.03611,0.06172,0.01116,0.03431,168,1,True
vm_01207,1207,0,3.85,303.85,4122.77,4118.92,0.0835,0.02854,0.05052,0.01832,0.078,1.2477,0.0796,0.06155,0.02655,0.04155,0.06771,0.00804,0.03948,57,1,True
vm_01770,1770,0,5.99,305.99,9213.56,9207.57,0.10514,0.002,0.01,0.05286,0.084,1.529,0.0417,0.01733,0.00933,0.01233,0.01906,0.00585,0.01184,90,3,True
vm_00111,111,0,0.37,300.37,6854.43,6854.06,0.12575,0.03205,0.06552,0.03346,0.11236,1.5417,0.0489,0.00986,0.00186,0.00486,0.01084,0.00451,0.00466,290,3,True
vm_00043,43,0,0.13,300.13,669.35,669.22,0.08271,0.00234,0.03449,0.02679,0.07467,1.3401,0.0671,0.05666,0.02166,0.03666,0.06232,0.00378,0.03483,183,1,True
vm_00126,126,0,0.41,300.41,9038.37,9037.96,0.05978,0.00523,0.02705,0.01818,0.05432,1.7408,0.031,0.06695,0.03195,0.04695,0.07365,0.00828,0.04461,266,1,True
vm_00205,205,0,0.63,300.63,10061.19,10060.56,0.08173,0.00983,0.03859,0.02397,0.07454,1.8224,0.0642,0.07605,0.04105,0.05605,0.08365,0.01332,0.05324,164,1,True
vm_00053,53,0,0.18,300.18,3606.65,3606.47,0.21242,0.0951,0.137,0.0419,0.19566,1.354,0.0224,0.01339,0.00539,0.00839,0.01473,0.00276,0.00805,273,3,True
vm_00546,546,0,1.71,301.71,13294.37,13292.66,0.44688,0.18846,0.2746,0.08614,0.41243,1.0759,0.0127,0.01866,0.00666,0.01066,0.01959,0.00236,0.01045,118,2,True
vm_00069,69,0,0.24,300.24,3554.4,3554.16,0.09781,0.002,0.02937,0.03803,0.0826,1.5756,0.0111,0.01149,0.00349,0.00649,0.01264,0.00279,0.00623,129,3,True
vm_02218,2218,0,7.68,307.68,4505.85,4498.17,0.38671,0.03,0.08,0.15335,0.32536,0.5075,0.0256,0.01786,0.00586,0.00986,0.01875,0.00259,0.00966,121,2,True
vm_01993,1993,0,6.8,306.8,9099.68,9092.88,0.21862,0.04143,0.10471,0.06328,0.19331,1.5902,0.0289,0.01394,0.00594,0.00894,0.01533,0.00392,0.00858,202,3,True
vm_01594,1594,0,5.33,305.33,14359.43,14354.1,0.04352,0.001,0.00524,0.02127,0.03714,1.4768,0.0472,0.04776,0.01276,0.02776,0.05254,0.00339,0.02638,157,1,True
vm_01425,1425,0,4.72,304.72,512.65,507.93,0.06556,0.00704,0.03045,0.01951,0.05971,2.3126,0.0544,0.06826,0.03326,0.04826,0.07508,0.01438,0.04584,13,1,True
vm_00184,184,0,0.56,300.56,534.89,534.33,0.19954,0.05253,0.10503,0.0525,0.17854,1.4056,0.0232,0.01096,0.00296,0.00596,0.01206,0.00534,0.00572,151,3,True
vm_00138,138,0,0.45,300.45,9866.05,9865.6,0.1261,0.00646,0.04918,0.04273,0.10901,1.0676,0.0161,0.01433,0.00633,0.00933,0.01576,0.00157,0.00896,0,3,True
vm_00900,900,0,2.77,302.77,6993.99,6991.22,0.16633,0.002,0.05921,0.05951,0.14252,1.8963,0.0172,0.01892,0.01092,0.01392,0.02081,0.00328,0.01336,224,3,True
vm_00797,797,0,2.43,302.43,11873.45,11871.02,0.17196,0.04578,0.09084,0.04506,0.15393,1.5366,0.0384,0.01231,0.00431,0.00731,0.01354,0.00399,0.00701,50,3,True
vm_00133,133,0,0.42,300.42,629.32,628.89,0.05263,0.02036,0.03326,0.01076,0.0494,2.4996,0.0393,0.065,0.03,0.045,0.0715,0.01279,0.04275,16,1,True
vm_00081,81,0,0.29,300.29,325.04,324.75,0.10256,0.002,0.01,0.05142,0.08199,1.1782,0.0428,0.01556,0.00756,0.01056,0.01711,0.00341,0.01013,36,3,True
vm_01912,1912,0,6.43,306.43,6358.94,6352.51,0.116,0.002,0.0301,0.04772,0.09691,1.3595,0.0243,0.01587,0.00787,0.01087,0.01745,0.00342,0.01043,105,3,True
vm_01983,1983,0,6.76,306.76,7150.37,7143.61,0.12894,0.01596,0.05631,0.04035,0.1128,1.1229,0.0426,0.0147,0.0067,0.0097,0.01617,0.00245,0.00932,300,3,True
vm_00542,542,0,1.69,301.69,13935.26,13933.57,0.09185,0.002,0.03231,0.03307,0.07862,1.2033,0.0459,0.01843,0.01043,0.01343,0.02027,0.00468,0.01289,62,3,True
vm_01020,1020,0,3.2,303.2,4889.96,4886.76,0.06121,0.001,0.02068,0.02252,0.05445,1.5072,0.0591,0.07122,0.03622,0.05122,0.07835,0.00427,0.04866,220,1,True
vm_01468,1468,0,4.84,304.84,635.05,630.21,0.06181,0.02088,0.03725,0.01364,0.05772,2.4812,0.0457,0.05343,0.01843,0.03343,0.05878,0.0068,0.03176,136,1,True
vm_00984,984,0,3.08,303.08,13854.67,13851.59,0.08061,0.002,0.01,0.03923,0.06492,1.6189,0.0217,0.01359,0.00559,0.00859,0.01495,0.00567,0.00825,292,3,True
vm_00166,166,0,0.52,300.52,13748.2,13747.68,0.54246,0.16912,0.29356,0.12445,0.49268,1.2794,0.0213,0.0155,0.0035,0.0075,0.01628,0.0041,0.00735,221,2,True
vm_00249,249,0,0.75,300.75,12673.0,12672.25,0.08405,0.01767,0.04422,0.02213,0.07742,2.2874,0.064,0.04839,0.01339,0.02839,0.05323,0.00378,0.02697,101,1,True
vm_01332,1332,0,4.35,304.35,3970.66,3966.31,0.07213,0.001,0.02753,0.02478,0.0647,2.4968,0.0747,0.06934,0.03434,0.04934,0.07627,0.01059,0.04687,257,1,True
vm_00447,447,0,1.39,301.39,3999.32,3997.93,0.08645,0.03012,0.05265,0.01878,0.08082,1.6106,0.0405,0.05404,0.01904,0.03404,0.05944,0.00656,0.03234,36,1,True
vm_01477,1477,0,4.86,304.86,11194.41,11189.55,0.05361,0.001,0.005,0.027,0.04551,1.2521,0.0615,0.06611,0.03111,0.04611,0.07272,0.00649,0.0438,131,1,True
vm_00859,859,0,2.63,302.63,5130.32,5127.69,0.16139,0.04229,0.08483,0.04254,0.14438,1.6258,0.0235,0.01725,0.00925,0.01225,0.01897,0.00505,0.01176,290,3,True
vm_01359,1359,0,4.45,304.45,8194.72,8190.26,0.18606,0.08099,0.11852,0.03753,0.17105,1.8535,0.0198,0.01494,0.00694,0.00994,0.01643,0.0032,0.00954,291,3,True
vm_01554,1554,0,5.16,305.16,12900.64,12895.47,0.07163,0.01079,0.03513,0.02028,0.06554,2.079,0.0738,0.04971,0.01471,0.02971,0.05468,0.00635,0.02822,200,1,True
vm_00098,98,0,0.32,300.32,2917.15,2916.83,0.10583,0.002,0.02868,0.04287,0.08869,1.0359,0.03,0.01238,0.00438,0.00738,0.01361,0.00285,0.00708,14,3,True
vm_01494,1494,0,4.92,304.92,647.3,642.39,0.07826,0.06365,0.06949,0.00487,0.07679,1.6745,0.0485,0.07143,0.03643,0.05143,0.07857,0.0092,0.04886,126,1,True
vm_00806,806,0,2.45,302.45,8356.35,8353.9,0.06114,0.01462,0.03322,0.01551,0.05648,1.9234,0.0522,0.0607,0.0257,0.0407,0.06677,0.01288,0.03867,240,1,True
vm_00738,738,0,2.28,302.28,12846.19,12843.9,0.09357,0.0546,0.07019,0.01299,0.08967,1.9242,0.0506,0.05065,0.01565,0.03065,0.05571,0.00825,0.02912,15,1,True
vm_01614,1614,0,5.4,305.4,3690.16,3684.76,0.0386,0.001,0.00977,0.01602,0.0338,1.5813,0.0255,0.08258,0.04758,0.06258,0.09083,0.0042,0.05945,180,1,True
vm_01673,1673,0,5.62,305.62,10543.4,10537.78,0.11311,0.03671,0.06727,0.02547,0.10547,1.5554,0.0673,0.07397,0.03897,0.05397,0.08137,0.01099,0.05127,236,1,True
vm_00103,103,0,0.33,300.33,3868.89,3868.56,0.13711,0.05069,0.08155,0.03087,0.12477,1.8429,0.0356,0.01237,0.00437,0.00737,0.01361,0.00085,0.00708,37,3,True
vm_00435,435,0,1.36,301.36,4833.56,4832.2,0.08363,0.001,0.03237,0.02848,0.07509,1.9344,0.0581,0.0731,0.0381,0.0531,0.0804,0.00187,0.05044,30,1,True
vm_00075,75,0,0.26,300.26,11553.43,11553.17,0.37699,0.03,0.10109,0.13795,0.32181,0.5209,0.0187,0.01326,0.00126,0.00526,0.01392,0.00151,0.00515,27,2,True
vm_00578,578,0,1.81,301.81,12127.46,12125.65,0.10466,0.002,0.01,0.05259,0.08362,1.4802,0.0201,0.01369,0.00569,0.00869,0.01506,0.00388,0.00834,18,3,True
vm_01676,1676,0,5.62,305.62,895.29,889.67,0.13871,0.05405,0.08428,0.03024,0.12661,1.5707,0.0171,0.01822,0.01022,0.01322,0.02004,0.00209,0.01269,226,3,True
vm_01613,1613,0,5.39,305.39,4414.66,4409.27,0.08013,0.01003,0.03807,0.02337,0.07312,2.1142,0.0517,0.03664,0.005,0.01664,0.04031,0.00985,0.01581,139,1,True
vm_01231,1231,0,3.94,303.94,12878.79,12874.85,0.08929,0.04565,0.06311,0.01455,0.08493,1.5259,0.0465,0.03807,0.005,0.01807,0.04187,0.01228,0.01716,57,1,True
vm_00919,919,0,2.85,302.85,455.69,452.84,0.0399,0.001,0.005,0.01939,0.03408,1.9217,0.076,0.055,0.02,0.035,0.0605,0.00844,0.03325,272,1,True
vm_01327,1327,0,4.33,304.33,610.91,606.58,0.1624,0.05595,0.09397,0.03802,0.14719,1.8964,0.0456,0.0103,0.0023,0.0053,0.01132,0.00202,0.00508,237,3,True
vm_02127,2127,0,7.32,307.32,445.0,437.68,0.53198,0.15953,0.28368,0.12415,0.48232,1.0975,0.0096,0.01522,0.00322,0.00722,0.01598,0.00119,0.00708,293,2,True
vm_02101,2101,0,7.21,307.21,6851.05,6843.84,0.31027,0.03,0.08,0.11514,0.26422,1.0157,0.0187,0.01517,0.00317,0.00717,0.01593,0.00309,0.00703,12,2,True
vm_02064,2064,0,7.09,307.09,495.11,488.02,0.16312,0.00992,0.06463,0.05471,0.14123,1.6473,0.0452,0.01902,0.01102,0.01402,0.02093,0.00163,0.01346,186,3,True
vm_00763,763,0,2.35,302.35,877.15,874.8,0.0639,0.001,0.02435,0.02197,0.05731,2.0889,0.0299,0.05615,0.02115,0.03615,0.06176,0.00854,0.03434,57,1,True
vm_00990,990,0,3.11,303.11,8477.14,8474.03,0.21621,0.09386,0.13756,0.04369,0.19873,1.7557,0.0234,0.0157,0.0077,0.0107,0.01727,0.00253,0.01027,281,3,True
vm_00389,389,0,1.22,301.22,6792.91,6791.69,0.22167,0.03465,0.10144,0.06679,0.19495,1.719,0.0464,0.00934,0.00134,0.00434,0.01028,0.0048,0.00417,258,3,True
vm_00236,236,0,0.7,300.7,683.81,683.11,0.0765,0.002,0.01355,0.03497,0.06251,1.0873,0.0413,0.01387,0.00587,0.00887,0.01525,0.00161,0.00851,85,3,True
vm_01939,1939,0,6.54,306.54,11156.23,11149.69,0.06277,0.001,0.005,0.0321,0.05314,1.6927,0.061,0.0652,0.0302,0.0452,0.07171,0.00736,0.04294,272,1,True
vm_00268,268,0,0.81,300.81,3131.8,3130.99,0.03885,0.001,0.01041,0.0158,0.03411,1.2936,0.0783,0.05144,0.01644,0.03144,0.05658,0.00184,0.02987,177,1,True
vm_01330,1330,0,4.35,304.35,7642.01,7637.66,0.07135,0.00739,0.03297,0.02132,0.06496,1.2902,0.0228,0.07792,0.04292,0.05792,0.08571,0.00271,0.05502,170,1,True
vm_01524,1524,0,5.07,305.07,3825.35,3820.28,0.10583,0.00779,0.04281,0.03501,0.09182,1.2218,0.0313,0.01547,0.00747,0.01047,0.01701,0.0023,0.01005,15,3,True
vm_00118,118,0,0.38,300.38,2101.35,2100.97,0.18566,0.04663,0.09629,0.04965,0.1658,1.6967,0.0265,0.01851,0.01051,0.01351,0.02036,0.0053,0.01297,222,3,True
vm_00438,438,0,1.37,301.37,594.29,592.92,0.15165,0.03325,0.07553,0.04229,0.13474,1.1261,0.0276,0.01904,0.01104,0.01404,0.02095,0.00165,0.01348,159,3,True
vm_00674,674,0,2.09,302.09,337.84,335.75,0.08798,0.002,0.02256,0.03635,0.07344,1.4257,0.0174,0.01573,0.00773,0.01073,0.01731,0.00172,0.0103,66,3,True
vm_00250,250,0,0.75,300.75,7523.91,7523.16,0.58067,0.17829,0.31242,0.13413,0.52702,1.2202,0.0074,0.01825,0.00625,0.01025,0.01917,0.0042,0.01005,0,2,True
vm_01871,1871,0,6.31,306.31,794.7,788.39,0.16862,0.05454,0.09528,0.04074,0.15232,1.1796,0.0369,0.0139,0.0059,0.0089,0.01529,0.00599,0.00854,181,3,True
vm_02290,2290,0,7.98,307.98,479.98,472.0,0.07925,0.00153,0.03262,0.02591,0.07148,1.8703,0.0591,0.05896,0.02396,0.03896,0.06486,0.00696,0.03701,271,1,True
vm_00095,95,0,0.31,300.31,5835.9,5835.59,0.06541,0.00322,0.0281,0.02073,0.05919,2.201,0.0651,0.06229,0.02729,0.04229,0.06852,0.0102,0.04018,152,1,True
vm_01583,1583,0,5.27,305.27,721.4,716.13,0.08699,0.01895,0.04617,0.02268,0.08019,1.6232,0.0518,0.06166,0.02666,0.04166,0.06782,0.00603,0.03957,256,1,True
vm_00034,34,0,0.12,300.12,1978.08,1977.96,0.09605,0.002,0.01,0.04781,0.07693,1.2313,0.0418,0.01411,0.00611,0.00911,0.01552,0.00358,0.00875,277,3,True
vm_01883,1883,0,6.36,306.36,10282.02,10275.66,0.09618,0.002,0.01,0.04788,0.07703,1.6629,0.0238,0.01274,0.00474,0.00774,0.01401,0.00262,0.00743,250,3,True
vm_02099,2099,0,7.2,307.2,10524.59,10517.39,0.05388,0.001,0.01123,0.02369,0.04677,2.383,0.0536,0.06279,0.02779,0.04279,0.06906,0.00934,0.04065,101,1,True
vm_00449,449,0,1.4,301.4,607.35,605.95,0.15065,0.03321,0.07515,0.04194,0.13387,1.6339,0.0242,0.01479,0.00679,0.00979,0.01627,0.00089,0.0094,108,3,True
vm_01470,1470,0,4.84,304.84,12613.34,12608.5,0.08097,0.00547,0.03567,0.02517,0.07342,1.668,0.0212,0.05362,0.01862,0.03362,0.05898,0.0016,0.03194,60,1,True
vm_00717,717,0,2.22,302.22,9580.87,9578.65,0.09784,0.02079,0.05161,0.02568,0.09013,1.605,0.0457,0.04905,0.01405,0.02905,0.05395,0.01231,0.0276,20,1,True
vm_01623,1623,0,5.44,305.44,794.35,788.91,0.10272,0.002,0.01,0.05151,0.08212,1.275,0.0154,0.01856,0.01056,0.01356,0.02042,0.00274,0.01302,236,3,True
vm_01954,1954,0,6.62,306.62,12851.87,12845.25,0.07977,0.002,0.01,0.03876,0.06427,1.9514,0.0137,0.01514,0.00714,0.01014,0.01665,0.00184,0.00973,32,3,True
vm_00001,1,0,0.0,300.0,5015.17,5015.17,0.13584,0.01953,0.06107,0.04154,0.11922,1.2612,0.0307,0.01838,0.01038,0.01338,0.02022,0.00268,0.01284,34,3,True
vm_01767,1767,0,5.98,305.98,14038.86,14032.87,0.37396,0.03,0.14307,0.11545,0.32778,0.742,0.0136,0.0211,0.0091,0.0131,0.02215,0.00223,0.01284,29,2,True
vm_01102,1102,0,3.5,303.5,677.15,673.66,0.35909,0.03,0.08,0.13954,0.30327,1.1932,0.0299,0.02025,0.00825,0.01225,0.02126,0.00397,0.01201,156,2,True
vm_01109,1109,0,3.51,303.51,13178.09,13174.58,0.12924,0.002,0.04232,0.04829,0.10993,1.2919,0.0258,0.01892,0.01092,0.01392,0.02082,0.00592,0.01337,300,3,True
vm_01570,1570,0,5.24,305.24,10423.27,10418.03,0.16978,0.06185,0.1004,0.03854,0.15436,1.9198,0.0415,0.01562,0.00762,0.01062,0.01718,0.00406,0.01019,118,3,True
vm_00083,83,0,0.29,300.29,528.58,528.29,0.16495,0.02056,0.07213,0.05157,0.14433,1.0913,0.0483,0.01396,0.00596,0.00896,0.01536,0.00207,0.00861,155,3,True
vm_01482,1482,0,4.87,304.87,7064.81,7059.94,0.08238,0.0178,0.04363,0.02153,0.07592,1.8643,0.04,0.05585,0.02085,0.03585,0.06144,0.00429,0.03406,164,1,True
vm_01654,1654,0,5.57,305.57,871.91,866.33,0.06463,0.001,0.017,0.02646,0.05669,1.8048,0.0696,0.06277,0.02777,0.04277,0.06905,0.00147,0.04063,263,1,True
vm_00677,677,0,2.1,302.1,581.74,579.64,0.09771,0.002,0.02545,0.04014,0.08166,1.2225,0.0464,0.01909,0.01109,0.01409,0.02099,0.00167,0.01352,225,3,True
vm_01868,1868,0,6.3,306.3,455.33,449.03,0.08705,0.0129,0.04256,0.02472,0.07963,1.3935,0.041,0.06896,0.03396,0.04896,0.07586,0.00403,0.04651,299,1,True
vm_01047,1047,0,3.3,303.3,843.68,840.37,0.07217,0.002,0.01,0.03454,0.05836,1.9395,0.0212,0.01407,0.00607,0.00907,0.01547,0.00248,0.00871,181,3,True
vm_01461,1461,0,4.82,304.82,727.9,723.08,0.18887,0.06972,0.11227,0.04255,0.17185,1.5748,0.0241,0.0149,0.0069,0.0099,0.01639,0.00298,0.00951,186,3,True
vm_00771,771,0,2.37,302.37,821.54,819.16,0.19266,0.06508,0.11065,0.04557,0.17444,1.1298,0.0275,0.0083,0.0005,0.0033,0.00913,0.00094,0.00317,190,3,True
vm_01558,1558,0,5.18,305.18,533.93,528.75,0.08788,0.01729,0.04552,0.02353,0.08082,1.9022,0.0704,0.06388,0.02888,0.04388,0.07027,0.00135,0.04168,273,1,True
vm_01930,1930,0,6.52,306.52,422.57,416.06,0.12656,0.00249,0.0468,0.04431,0.10883,1.3871,0.0258,0.01368,0.00568,0.00868,0.01505,0.00499,0.00833,49,3,True
vm_02036,2036,0,6.98,306.98,740.67,733.7,0.13528,0.00442,0.05115,0.04674,0.11659,1.3553,0.034,0.01486,0.00686,0.00986,0.01635,0.00542,0.00947,258,3,True
vm_01919,1919,0,6.46,306.46,11876.58,11870.12,0.04401,0.001,0.01697,0.01502,0.0395,1.356,0.0779,0.05488,0.01988,0.03488,0.06037,0.01369,0.03314,52,1,True
vm_00405,405,0,1.26,301.26,2093.28,2092.02,0.53232,0.08507,0.23415,0.14909,0.47269,0.7362,0.0194,0.01372,0.00172,0.00572,0.01441,0.00297,0.00561,176,2,True
vm_00385,385,0,1.2,301.2,9540.99,9539.79,0.14782,0.02081,0.06617,0.04536,0.12968,1.6273,0.0311,0.01589,0.00789,0.01089,0.01748,0.00259,0.01046,256,3,True
vm_01667,1667,0,5.6,305.6,13261.86,13256.26,0.05161,0.01048,0.02693,0.01371,0.0475,2.1617,0.0623,0.04616,0.01116,0.02616,0.05078,0.0069,0.02485,244,1,True
vm_01720,1720,0,5.79,305.79,6967.34,6961.55,0.10728,0.002,0.01,0.05405,0.08567,1.5151,0.0428,0.01325,0.00525,0.00825,0.01458,0.00315,0.00792,232,3,True
vm_00105,105,0,0.34,300.34,500.17,499.83,0.341,0.03,0.08,0.1305,0.2888,1.2698,0.0061,0.01045,0.0005,0.00245,0.01097,0.0021,0.0024,279,2,True
vm_02191,2191,0,7.55,307.55,4794.94,4787.39,0.1012,0.0081,0.04135,0.03325,0.0879,1.9553,0.0423,0.0152,0.0072,0.0102,0.01672,0.00192,0.00979,61,3,True
vm_00689,689,0,2.14,302.14,6526.64,6524.5,0.07199,0.01352,0.03691,0.01949,0.06614,2.1971,0.0289,0.05811,0.02311,0.03811,0.06393,0.01406,0.03621,56,1,True
vm_02184,2184,0,7.52,307.52,11430.59,11423.08,0.14601,0.002,0.05195,0.05226,0.12511,1.1795,0.0296,0.01166,0.00366,0.00666,0.01283,0.00139,0.00639,8,3,True
vm_00827,827,0,2.52,302.52,3620.52,3618.0,0.05271,0.001,0.00927,0.02413,0.04547,1.587,0.0593,0.05941,0.02441,0.03941,0.06536,0.00396,0.03744,27,1,True
vm_01241,1241,0,3.97,303.97,570.28,566.31,0.07114,0.01579,0.03793,0.01845,0.0656,1.7301,0.072,0.0548,0.0198,0.0348,0.06029,0.01161,0.03306,247,1,True
vm_00063,63,0,0.23,300.23,846.69,846.46,0.03975,0.001,0.00931,0.01691,0.03468,1.6153,0.0212,0.07167,0.03667,0.05167,0.07884,0.00369,0.04909,258,1,True
vm_01306,1306,0,4.23,304.23,728.69,724.45,0.04721,0.001,0.005,0.02345,0.04017,2.0369,0.0385,0.06827,0.03327,0.04827,0.0751,0.01095,0.04586,208,1,True
vm_00853,853,0,2.62,302.62,9111.58,9108.96,0.06236,0.02267,0.03855,0.01323,0.05839,1.6902,0.0589,0.07104,0.03604,0.05104,0.07814,0.00385,0.04848,87,1,True
vm_01738,1738,0,5.85,305.85,877.94,872.09,0.10758,0.002,0.01415,0.05191,0.08682,1.4777,0.0171,0.01815,0.01015,0.01315,0.01996,0.0058,0.01262,84,3,True
vm_01263,1263,0,4.08,304.08,11643.87,11639.8,0.16409,0.02743,0.07624,0.04881,0.14457,1.5497,0.0253,0.0106,0.0026,0.0056,0.01166,0.00094,0.00538,223,3,True
vm_00224,224,0,0.67,300.67,12289.18,12288.5,0.59367,0.25995,0.37119,0.11124,0.54917,1.1284,0.0264,0.01834,0.00634,0.01034,0.01925,0.00482,0.01013,126,2,True
vm_00146,146,0,0.47,300.47,7469.56,7469.09,0.05422,0.001,0.01356,0.02259,0.04744,2.4481,0.0618,0.05146,0.01646,0.03146,0.0566,0.01225,0.02989,48,1,True
vm_01089,1089,0,3.45,303.45,378.07,374.62,0.32049,0.03,0.08,0.12024,0.27239,0.8746,0.0148,0.01499,0.00299,0.00699,0.01574,0.00295,0.00685,215,2,True
vm_00374,374,0,1.17,301.17,5522.8,5521.63,0.09914,0.002,0.01728,0.04548,0.08095,1.1825,0.0143,0.01577,0.00777,0.01077,0.01735,0.00362,0.01034,236,3,True
vm_01830,1830,0,6.19,306.19,12107.47,12101.28,0.14693,0.02349,0.06757,0.04408,0.12929,1.6816,0.0497,0.01613,0.00813,0.01113,0.01775,0.00293,0.01069,270,3,True
vm_01143,1143,0,3.59,303.59,8672.7,8669.11,0.0451,0.001,0.00534,0.02209,0.03847,1.3945,0.0507,0.056,0.021,0.036,0.0616,0.00903,0.0342,255,1,True
vm_02199,2199,0,7.6,307.6,1816.97,1809.38,0.10588,0.002,0.0327,0.04065,0.08962,1.1951,0.0494,0.01182,0.00382,0.00682,0.013,0.00389,0.00655,109,3,True
vm_01925,1925,0,6.48,306.48,608.32,601.84,0.06403,0.00582,0.02911,0.0194,0.05821,2.1476,0.0577,0.07615,0.04115,0.05615,0.08377,0.00179,0.05334,272,1,True
vm_01275,1275,0,4.11,304.11,11521.91,11517.79,0.04885,0.001,0.01406,0.01933,0.04305,2.4536,0.0391,0.06479,0.02979,0.04479,0.07127,0.00273,0.04255,224,1,True
vm_01266,1266,0,4.08,304.08,3202.07,3197.99,0.08702,0.002,0.01604,0.03943,0.07125,1.7669,0.0426,0.01653,0.00853,0.01153,0.01818,0.00544,0.01107,230,3,True
vm_02054,2054,0,7.03,307.03,842.13,835.1,0.24686,0.11498,0.16208,0.0471,0.22802,1.9703,0.0471,0.01732,0.00932,0.01232,0.01905,0.00546,0.01183,103,3,True
vm_01630,1630,0,5.48,305.48,2064.09,2058.6,0.06376,0.02104,0.03812,0.01424,0.05948,1.563,0.0335,0.06959,0.03459,0.04959,0.07655,0.01252,0.04711,289,1,True
vm_00010,10,0,0.04,300.04,14060.53,14060.49,0.05933,0.001,0.01606,0.02404,0.05212,1.3304,0.0561,0.05616,0.02116,0.03616,0.06178,0.01008,0.03435,240,1,True
vm_00450,450,0,1.4,301.4,10826.31,10824.92,0.11885,0.01603,0.05275,0.03672,0.10416,1.3668,0.0134,0.01968,0.01168,0.01468,0.02164,0.00266,0.01409,63,3,True
vm_00709,709,0,2.2,302.2,749.13,746.93,0.36288,0.03,0.08,0.14144,0.3063,0.9011,0.0247,0.0148,0.0028,0.0068,0.01554,0.00161,0.00667,102,2,True
vm_00256,256,0,0.77,300.77,6898.16,6897.39,0.10806,0.002,0.03855,0.03861,0.09261,1.1675,0.0446,0.00801,0.0005,0.00301,0.00881,0.00232,0.00289,148,3,True
vm_00883,883,0,2.72,302.72,11648.09,11645.37,0.10425,0.03095,0.06027,0.02443,0.09692,1.9064,0.037,0.04841,0.01341,0.02841,0.05326,0.00898,0.02699,79,1,True
vm_00390,390,0,1.23,301.23,12326.84,12325.61,0.04556,0.00423,0.02076,0.01378,0.04143,1.5699,0.0398,0.08055,0.04555,0.06055,0.0886,0.00439,0.05752,154,1,True
vm_01757,1757,0,5.94,305.94,496.86,490.93,0.14528,0.002,0.0246,0.06704,0.11846,1.3807,0.0414,0.01879,0.01079,0.01379,0.02066,0.00445,0.01323,170,3,True
vm_00909,909,0,2.82,302.82,7625.89,7623.07,0.14679,0.0032,0.05448,0.05128,0.12628,1.1114,0.0494,0.01497,0.00697,0.00997,0.01646,0.00166,0.00957,204,3,True
vm_00925,925,0,2.87,302.87,2957.87,2955.0,0.07756,0.0175,0.04152,0.02002,0.07155,1.7592,0.0426,0.06312,0.02812,0.04312,0.06944,0.00393,0.04097,220,1,True
vm_00752,752,0,2.33,302.33,5600.76,5598.44,0.08243,0.002,0.01,0.04024,0.06633,1.8571,0.0147,0.01281,0.00481,0.00781,0.01409,0.00131,0.0075,248,3,True
vm_01576,1576,0,5.25,305.25,12262.61,12257.36,0.06234,0.01594,0.0345,0.01547,0.0577,1.253,0.0667,0.05852,0.02352,0.03852,0.06437,0.00563,0.03659,58,1,True
vm_00461,461,0,1.43,301.43,308.21,306.79,0.2055,0.04005,0.09914,0.05909,0.18186,1.8456,0.0385,0.01004,0.00204,0.00504,0.01105,0.00429,0.00484,10,3,True
vm_01629,1629,0,5.47,305.47,8823.35,8817.88,0.46335,0.21961,0.30086,0.08124,0.43085,1.1224,0.0294,0.01733,0.00533,0.00933,0.0182,0.00285,0.00915,184,2,True
vm_01225,1225,0,3.92,303.92,5115.78,5111.86,0.06699,0.03514,0.04788,0.01061,0.0638,1.5869,0.0655,0.08163,0.04663,0.06163,0.08979,0.00668,0.05855,260,1,True
vm_01169,1169,0,3.68,303.68,12243.15,12239.47,0.08697,0.03934,0.05839,0.01588,0.08221,1.2087,0.0449,0.06286,0.02786,0.04286,0.06915,0.00469,0.04072,260,1,True
vm_00959,959,0,2.97,302.97,9102.65,9099.67,0.07681,0.01174,0.03776,0.02169,0.0703,1.2322,0.0637,0.05233,0.01733,0.03233,0.05756,0.01451,0.03071,273,1,True
vm_00502,502,0,1.58,301.58,743.4,741.83,0.11247,0.03439,0.06227,0.02789,0.10131,1.131,0.0498,0.00983,0.00183,0.00483,0.01081,0.00228,0.00464,275,3,True
vm_00740,740,0,2.29,302.29,460.99,458.7,0.07636,0.01592,0.0401,0.02015,0.07032,1.5531,0.0571,0.05872,0.02372,0.03872,0.06459,0.01143,0.03678,204,1,True
vm_00041,41,0,0.13,300.13,814.9,814.77,0.13391,0.04639,0.07765,0.03126,0.1214,1.2076,0.0406,0.00885,0.00085,0.00385,0.00973,0.00566,0.00369,156,3,True
vm_00869,869,0,2.66,302.66,10858.51,10855.85,0.04982,0.001,0.00865,0.02287,0.04296,2.3045,0.0683,0.06113,0.02613,0.04113,0.06724,0.00881,0.03907,281,1,True
vm_00732,732,0,2.26,302.26,750.23,747.97,0.15662,0.08303,0.10931,0.02628,0.14611,1.9707,0.0298,0.01893,0.01093,0.01393,0.02082,0.00422,0.01337,14,3,True
vm_00540,540,0,1.68,301.68,2445.77,2444.08,0.18586,0.04685,0.0965,0.04964,0.166,1.6474,0.021,0.01973,0.01173,0.01473,0.0217,0.00225,0.01414,184,3,True
vm_01202,1202,0,3.83,303.83,5861.91,5858.07,0.07029,0.02346,0.04219,0.01561,0.06561,2.0561,0.0266,0.05207,0.01707,0.03207,0.05728,0.01435,0.03047,205,1,True
vm_01340,1340,0,4.39,304.39,3302.2,3297.8,0.13385,0.01659,0.05847,0.04188,0.1171,1.5482,0.0239,0.01357,0.00557,0.00857,0.01493,0.00533,0.00823,232,3,True
vm_00698,698,0,2.16,302.16,542.52,540.36,0.09621,0.002,0.01,0.04789,0.07705,1.4567,0.0409,0.01515,0.00715,0.01015,0.01667,0.00188,0.00974,224,3,True
vm_01791,1791,0,6.07,306.07,12096.33,12090.26,0.15287,0.04442,0.08315,0.03873,0.13738,1.3633,0.0489,0.00885,0.00085,0.00385,0.00974,0.00332,0.0037,130,3,True
vm_02033,2033,0,6.95,306.95,1937.52,1930.57,0.17384,0.05779,0.09923,0.04145,0.15726,1.242,0.0285,0.0131,0.0051,0.0081,0.01441,0.00468,0.00778,109,3,True
vm_01372,1372,0,4.51,304.51,5628.33,5623.82,0.12277,0.02816,0.06195,0.03379,0.10925,1.9212,0.0487,0.0135,0.0055,0.0085,0.01485,0.00461,0.00816,289,3,True
vm_01146,1146,0,3.6,303.6,4208.84,4205.23,0.15467,0.05047,0.08769,0.03721,0.13978,1.2533,0.0165,0.01731,0.00931,0.01231,0.01905,0.00333,0.01182,235,3,True
vm_01032,1032,0,3.25,303.25,405.09,401.84,0.20145,0.08059,0.12375,0.04316,0.18418,1.117,0.0246,0.01474,0.00674,0.00974,0.01621,0.00388,0.00935,147,3,True
vm_00373,373,0,1.16,301.16,4455.7,4454.53,0.28513,0.03,0.08,0.10256,0.2441,1.1611,0.0277,0.0125,0.0005,0.0045,0.01312,0.00404,0.00441,289,2,True
vm_00668,668,0,2.06,302.06,10923.0,10920.94,0.06963,0.001,0.02215,0.02638,0.06172,2.0941,0.0509,0.04657,0.01157,0.02657,0.05123,0.01148,0.02524,150,1,True
vm_01432,1432,0,4.74,304.74,547.99,543.25,0.0745,0.002,0.01,0.03583,0.06017,1.542,0.0421,0.006,0.0005,0.001,0.0066,0.00541,0.00096,252,3,True
vm_01964,1964,0,6.68,306.68,4098.62,4091.94,0.11043,0.002,0.03202,0.04356,0.093,1.0625,0.022,0.01246,0.00446,0.00746,0.01371,0.00516,0.00716,280,3,True
vm_00358,358,0,1.12,301.12,8280.65,8279.53,0.18522,0.02394,0.08154,0.0576,0.16218,1.6893,0.0487,0.01238,0.00438,0.00738,0.01361,0.00128,0.00708,166,3,True
vm_00968,968,0,3.01,303.01,876.87,873.86,0.11514,0.002,0.03612,0.0439,0.09758,1.3682,0.0214,0.01603,0.00803,0.01103,0.01764,0.00229,0.01059,46,3,True
vm_00784,784,0,2.4,302.4,667.27,664.87,0.06034,0.01328,0.0321,0.01569,0.05563,2.2618,0.0447,0.05429,0.01929,0.03429,0.05972,0.009,0.03258,204,1,True
vm_00736,736,0,2.28,302.28,415.09,412.81,0.44181,0.08353,0.20295,0.11943,0.39404,1.1552,0.0117,0.01739,0.00539,0.00939,0.01826,0.00374,0.0092,20,2,True
vm_01354,1354,0,4.42,304.42,7029.12,7024.7,0.05868,0.001,0.02311,0.01976,0.05275,1.8904,0.076,0.06479,0.02979,0.04479,0.07126,0.00216,0.04255,181,1,True
vm_01036,1036,0,3.27,303.27,592.64,589.37,0.05527,0.0019,0.02325,0.01779,0.04993,2.3021,0.0623,0.06843,0.03343,0.04843,0.07527,0.00275,0.04601,184,1,True
vm_00971,971,0,3.02,303.02,10845.89,10842.87,0.06123,0.00386,0.02681,0.01912,0.05549,1.2686,0.0498,0.0548,0.0198,0.0348,0.06028,0.01467,0.03306,74,1,True
vm_01962,1962,0,6.67,306.67,1885.4,1878.72,0.07418,0.002,0.01,0.03565,0.05991,1.9647,0.0364,0.00999,0.00199,0.00499,0.01099,0.00363,0.00479,18,3,True
vm_02034,2034,0,6.96,306.96,7208.74,7201.78,0.47524,0.125,0.24175,0.11675,0.42854,0.7577,0.0173,0.009,0.0005,0.001,0.00945,0.00219,0.00098,51,2,True
vm_02162,2162,0,7.42,307.42,861.73,854.31,0.08342,0.002,0.0179,0.0364,0.06886,1.0909,0.0119,0.0122,0.0042,0.0072,0.01342,0.00541,0.00691,82,3,True
vm_02141,2141,0,7.36,307.36,863.57,856.22,0.09728,0.002,0.01871,0.04365,0.07982,1.3211,0.0443,0.01541,0.00741,0.01041,0.01695,0.0017,0.00999,139,3,True
vm_02037,2037,0,6.98,306.98,12236.35,12229.37,0.20492,0.08686,0.12902,0.04216,0.18806,1.5181,0.0495,0.01733,0.00933,0.01233,0.01907,0.00149,0.01184,138,3,True
vm_01537,1537,0,5.11,305.11,5288.61,5283.5,0.04997,0.001,0.01175,0.02123,0.0436,1.4202,0.0558,0.07283,0.03783,0.05283,0.08011,0.0095,0.05019,200,1,True
vm_01660,1660,0,5.58,305.58,6537.37,6531.79,0.08614,0.002,0.02272,0.03523,0.07205,1.7303,0.0456,0.01705,0.00905,0.01205,0.01875,0.00255,0.01157,243,3,True
vm_01961,1961,0,6.67,306.67,12214.14,12207.47,0.43541,0.04602,0.17582,0.1298,0.38349,0.5426,0.0257,0.009,0.0005,0.001,0.00945,0.00061,0.00098,225,2,True
vm_01550,1550,0,5.15,305.15,8733.87,8728.72,0.03874,0.001,0.01534,0.013,0.03484,1.8722,0.0794,0.05841,0.02341,0.03841,0.06425,0.0051,0.03649,127,1,True
